Unable to parse line 10 'fama_factors_currency = "JPY"   # "USD" = US investor; "JPY" = Japanese investor'.
Unable to parse line 19 'start_year = 2018  # these ESG sources are aligned for `start_year==2013`'.
Unable to parse line 36 'download_gics_data = False   # re-pull GICS from WRDS (False = read cached ./data/GICS/ csv)'.
Unable to parse line 41 'if esg_choice == "refinitiv":'.
Unable to parse line 45 'if esg_choice == "msci":'.
Unable to parse line 49 'if esg_choice == "s&p":'.
Unable to parse line 64 'industry_level = 0 # 0 = map to larger groups, 1 = GICS_level_1, 2 = GICS_level_2'.
Passed unknown parameter: fama_factors_currency
Passed unknown parameter: industry_level
Passed unknown parameter: sweep_mode
Passed unknown parameter: sweep_run_id
Passed unknown parameter: sweep_out_dir
  !! run US_Sweep_Behaviours_0000 FAILED: output folder /Users/cbruce1/Documents/GitHub/fund_analysis/output/SWEEP_US_Sweep_Behaviours/executed_notebooks doesn't exist.
Unable to parse line 10 'fama_factors_currency = "JPY"   # "USD" = US investor; "JPY" = Japanese investor'.
Unable to parse line 19 'start_year = 2018  # these ESG sources are aligned for `start_year==2013`'.
Unable to parse line 36 'download_gics_data = False   # re-pull GICS from WRDS (False = read cached ./data/GICS/ csv)'.
Unable to parse line 41 'if esg_choice == "refinitiv":'.
Unable to parse line 45 'if esg_choice == "msci":'.
Unable to parse line 49 'if esg_choice == "s&p":'.
Unable to parse line 64 'industry_level = 0 # 0 = map to larger groups, 1 = GICS_level_1, 2 = GICS_level_2'.
Passed unknown parameter: fama_factors_currency
Passed unknown parameter: industry_level
Passed unknown parameter: sweep_mode
Passed unknown parameter: sweep_run_id
Passed unknown parameter: sweep_out_dir
  !! run US_Sweep_Behaviours_0001 FAILED: output folder /Users/cbruce1/Documents/GitHub/fund_analysis/output/SWEEP_US_Sweep_Behaviours/executed_notebooks doesn't exist.
Unable to parse line 10 'fama_factors_currency = "JPY"   # "USD" = US investor; "JPY" = Japanese investor'.
Unable to parse line 19 'start_year = 2018  # these ESG sources are aligned for `start_year==2013`'.
Unable to parse line 36 'download_gics_data = False   # re-pull GICS from WRDS (False = read cached ./data/GICS/ csv)'.
Unable to parse line 41 'if esg_choice == "refinitiv":'.
Unable to parse line 45 'if esg_choice == "msci":'.
Unable to parse line 49 'if esg_choice == "s&p":'.
Unable to parse line 64 'industry_level = 0 # 0 = map to larger groups, 1 = GICS_level_1, 2 = GICS_level_2'.
Passed unknown parameter: fama_factors_currency
Passed unknown parameter: industry_level
Passed unknown parameter: sweep_mode
Passed unknown parameter: sweep_run_id
Passed unknown parameter: sweep_out_dir
  !! run US_Sweep_Behaviours_0002 FAILED: output folder /Users/cbruce1/Documents/GitHub/fund_analysis/output/SWEEP_US_Sweep_Behaviours/executed_notebooks doesn't exist.
Unable to parse line 10 'fama_factors_currency = "JPY"   # "USD" = US investor; "JPY" = Japanese investor'.
Unable to parse line 19 'start_year = 2018  # these ESG sources are aligned for `start_year==2013`'.
Unable to parse line 36 'download_gics_data = False   # re-pull GICS from WRDS (False = read cached ./data/GICS/ csv)'.
Unable to parse line 41 'if esg_choice == "refinitiv":'.
Unable to parse line 45 'if esg_choice == "msci":'.
Unable to parse line 49 'if esg_choice == "s&p":'.
Unable to parse line 64 'industry_level = 0 # 0 = map to larger groups, 1 = GICS_level_1, 2 = GICS_level_2'.
Passed unknown parameter: fama_factors_currency
Passed unknown parameter: industry_level
Passed unknown parameter: sweep_mode
Passed unknown parameter: sweep_run_id
Passed unknown parameter: sweep_out_dir
  !! run US_Sweep_Behaviours_0003 FAILED: output folder /Users/cbruce1/Documents/GitHub/fund_analysis/output/SWEEP_US_Sweep_Behaviours/executed_notebooks doesn't exist.
Unable to parse line 10 'fama_factors_currency = "JPY"   # "USD" = US investor; "JPY" = Japanese investor'.
Unable to parse line 19 'start_year = 2018  # these ESG sources are aligned for `start_year==2013`'.
Unable to parse line 36 'download_gics_data = False   # re-pull GICS from WRDS (False = read cached ./data/GICS/ csv)'.
Unable to parse line 41 'if esg_choice == "refinitiv":'.
Unable to parse line 45 'if esg_choice == "msci":'.
Unable to parse line 49 'if esg_choice == "s&p":'.
Unable to parse line 64 'industry_level = 0 # 0 = map to larger groups, 1 = GICS_level_1, 2 = GICS_level_2'.
Passed unknown parameter: fama_factors_currency
Passed unknown parameter: industry_level
Passed unknown parameter: sweep_mode
Passed unknown parameter: sweep_run_id
Passed unknown parameter: sweep_out_dir
  !! run US_Sweep_Behaviours_0004 FAILED: output folder /Users/cbruce1/Documents/GitHub/fund_analysis/output/SWEEP_US_Sweep_Behaviours/executed_notebooks doesn't exist.
Unable to parse line 10 'fama_factors_currency = "JPY"   # "USD" = US investor; "JPY" = Japanese investor'.
Unable to parse line 19 'start_year = 2018  # these ESG sources are aligned for `start_year==2013`'.
Unable to parse line 36 'download_gics_data = False   # re-pull GICS from WRDS (False = read cached ./data/GICS/ csv)'.
Unable to parse line 41 'if esg_choice == "refinitiv":'.
Unable to parse line 45 'if esg_choice == "msci":'.
Unable to parse line 49 'if esg_choice == "s&p":'.
Unable to parse line 64 'industry_level = 0 # 0 = map to larger groups, 1 = GICS_level_1, 2 = GICS_level_2'.
Passed unknown parameter: fama_factors_currency
Passed unknown parameter: industry_level
Passed unknown parameter: sweep_mode
Passed unknown parameter: sweep_run_id
Passed unknown parameter: sweep_out_dir
  !! run US_Sweep_Behaviours_0005 FAILED: output folder /Users/cbruce1/Documents/GitHub/fund_analysis/output/SWEEP_US_Sweep_Behaviours/executed_notebooks doesn't exist.
Unable to parse line 10 'fama_factors_currency = "JPY"   # "USD" = US investor; "JPY" = Japanese investor'.
Unable to parse line 19 'start_year = 2018  # these ESG sources are aligned for `start_year==2013`'.
Unable to parse line 36 'download_gics_data = False   # re-pull GICS from WRDS (False = read cached ./data/GICS/ csv)'.
Unable to parse line 41 'if esg_choice == "refinitiv":'.
Unable to parse line 45 'if esg_choice == "msci":'.
Unable to parse line 49 'if esg_choice == "s&p":'.
Unable to parse line 64 'industry_level = 0 # 0 = map to larger groups, 1 = GICS_level_1, 2 = GICS_level_2'.
Passed unknown parameter: fama_factors_currency
Passed unknown parameter: industry_level
Passed unknown parameter: sweep_mode
Passed unknown parameter: sweep_run_id
Passed unknown parameter: sweep_out_dir
  !! run US_Sweep_Behaviours_0006 FAILED: output folder /Users/cbruce1/Documents/GitHub/fund_analysis/output/SWEEP_US_Sweep_Behaviours/executed_notebooks doesn't exist.
Unable to parse line 10 'fama_factors_currency = "JPY"   # "USD" = US investor; "JPY" = Japanese investor'.
Unable to parse line 19 'start_year = 2018  # these ESG sources are aligned for `start_year==2013`'.
Unable to parse line 36 'download_gics_data = False   # re-pull GICS from WRDS (False = read cached ./data/GICS/ csv)'.
Unable to parse line 41 'if esg_choice == "refinitiv":'.
Unable to parse line 45 'if esg_choice == "msci":'.
Unable to parse line 49 'if esg_choice == "s&p":'.
Unable to parse line 64 'industry_level = 0 # 0 = map to larger groups, 1 = GICS_level_1, 2 = GICS_level_2'.
Passed unknown parameter: fama_factors_currency
Passed unknown parameter: industry_level
Passed unknown parameter: sweep_mode
Passed unknown parameter: sweep_run_id
Passed unknown parameter: sweep_out_dir
  !! run US_Sweep_Behaviours_0007 FAILED: output folder /Users/cbruce1/Documents/GitHub/fund_analysis/output/SWEEP_US_Sweep_Behaviours/executed_notebooks doesn't exist.
Unable to parse line 10 'fama_factors_currency = "JPY"   # "USD" = US investor; "JPY" = Japanese investor'.
Unable to parse line 19 'start_year = 2018  # these ESG sources are aligned for `start_year==2013`'.
Unable to parse line 36 'download_gics_data = False   # re-pull GICS from WRDS (False = read cached ./data/GICS/ csv)'.
Unable to parse line 41 'if esg_choice == "refinitiv":'.
Unable to parse line 45 'if esg_choice == "msci":'.
Unable to parse line 49 'if esg_choice == "s&p":'.
Unable to parse line 64 'industry_level = 0 # 0 = map to larger groups, 1 = GICS_level_1, 2 = GICS_level_2'.
Passed unknown parameter: fama_factors_currency
Passed unknown parameter: industry_level
Passed unknown parameter: sweep_mode
Passed unknown parameter: sweep_run_id
Passed unknown parameter: sweep_out_dir
  !! run US_Sweep_Behaviours_0008 FAILED: output folder /Users/cbruce1/Documents/GitHub/fund_analysis/output/SWEEP_US_Sweep_Behaviours/executed_notebooks doesn't exist.
Unable to parse line 10 'fama_factors_currency = "JPY"   # "USD" = US investor; "JPY" = Japanese investor'.
Unable to parse line 19 'start_year = 2018  # these ESG sources are aligned for `start_year==2013`'.
Unable to parse line 36 'download_gics_data = False   # re-pull GICS from WRDS (False = read cached ./data/GICS/ csv)'.
Unable to parse line 41 'if esg_choice == "refinitiv":'.
Unable to parse line 45 'if esg_choice == "msci":'.
Unable to parse line 49 'if esg_choice == "s&p":'.
Unable to parse line 64 'industry_level = 0 # 0 = map to larger groups, 1 = GICS_level_1, 2 = GICS_level_2'.
Passed unknown parameter: fama_factors_currency
Passed unknown parameter: industry_level
Passed unknown parameter: sweep_mode
Passed unknown parameter: sweep_run_id
Passed unknown parameter: sweep_out_dir
  !! run US_Sweep_Behaviours_0009 FAILED: output folder /Users/cbruce1/Documents/GitHub/fund_analysis/output/SWEEP_US_Sweep_Behaviours/executed_notebooks doesn't exist.
Unable to parse line 10 'fama_factors_currency = "JPY"   # "USD" = US investor; "JPY" = Japanese investor'.
Unable to parse line 19 'start_year = 2018  # these ESG sources are aligned for `start_year==2013`'.
Unable to parse line 36 'download_gics_data = False   # re-pull GICS from WRDS (False = read cached ./data/GICS/ csv)'.
Unable to parse line 41 'if esg_choice == "refinitiv":'.
Unable to parse line 45 'if esg_choice == "msci":'.
Unable to parse line 49 'if esg_choice == "s&p":'.
Unable to parse line 64 'industry_level = 0 # 0 = map to larger groups, 1 = GICS_level_1, 2 = GICS_level_2'.
Passed unknown parameter: fama_factors_currency
Passed unknown parameter: industry_level
Passed unknown parameter: sweep_mode
Passed unknown parameter: sweep_run_id
Passed unknown parameter: sweep_out_dir
  !! run US_Sweep_Behaviours_0010 FAILED: output folder /Users/cbruce1/Documents/GitHub/fund_analysis/output/SWEEP_US_Sweep_Behaviours/executed_notebooks doesn't exist.
Unable to parse line 10 'fama_factors_currency = "JPY"   # "USD" = US investor; "JPY" = Japanese investor'.
Unable to parse line 19 'start_year = 2018  # these ESG sources are aligned for `start_year==2013`'.
Unable to parse line 36 'download_gics_data = False   # re-pull GICS from WRDS (False = read cached ./data/GICS/ csv)'.
Unable to parse line 41 'if esg_choice == "refinitiv":'.
Unable to parse line 45 'if esg_choice == "msci":'.
Unable to parse line 49 'if esg_choice == "s&p":'.
Unable to parse line 64 'industry_level = 0 # 0 = map to larger groups, 1 = GICS_level_1, 2 = GICS_level_2'.
Passed unknown parameter: fama_factors_currency
Passed unknown parameter: industry_level
Passed unknown parameter: sweep_mode
Passed unknown parameter: sweep_run_id
Passed unknown parameter: sweep_out_dir
  !! run US_Sweep_Behaviours_0011 FAILED: output folder /Users/cbruce1/Documents/GitHub/fund_analysis/output/SWEEP_US_Sweep_Behaviours/executed_notebooks doesn't exist.
Unable to parse line 10 'fama_factors_currency = "JPY"   # "USD" = US investor; "JPY" = Japanese investor'.
Unable to parse line 19 'start_year = 2018  # these ESG sources are aligned for `start_year==2013`'.
Unable to parse line 36 'download_gics_data = False   # re-pull GICS from WRDS (False = read cached ./data/GICS/ csv)'.
Unable to parse line 41 'if esg_choice == "refinitiv":'.
Unable to parse line 45 'if esg_choice == "msci":'.
Unable to parse line 49 'if esg_choice == "s&p":'.
Unable to parse line 64 'industry_level = 0 # 0 = map to larger groups, 1 = GICS_level_1, 2 = GICS_level_2'.
Passed unknown parameter: fama_factors_currency
Passed unknown parameter: industry_level
Passed unknown parameter: sweep_mode
Passed unknown parameter: sweep_run_id
Passed unknown parameter: sweep_out_dir
  !! run US_Sweep_Behaviours_0012 FAILED: output folder /Users/cbruce1/Documents/GitHub/fund_analysis/output/SWEEP_US_Sweep_Behaviours/executed_notebooks doesn't exist.
Unable to parse line 10 'fama_factors_currency = "JPY"   # "USD" = US investor; "JPY" = Japanese investor'.
Unable to parse line 19 'start_year = 2018  # these ESG sources are aligned for `start_year==2013`'.
Unable to parse line 36 'download_gics_data = False   # re-pull GICS from WRDS (False = read cached ./data/GICS/ csv)'.
Unable to parse line 41 'if esg_choice == "refinitiv":'.
Unable to parse line 45 'if esg_choice == "msci":'.
Unable to parse line 49 'if esg_choice == "s&p":'.
Unable to parse line 64 'industry_level = 0 # 0 = map to larger groups, 1 = GICS_level_1, 2 = GICS_level_2'.
Passed unknown parameter: fama_factors_currency
Passed unknown parameter: industry_level
Passed unknown parameter: sweep_mode
Passed unknown parameter: sweep_run_id
Passed unknown parameter: sweep_out_dir
  !! run US_Sweep_Behaviours_0013 FAILED: output folder /Users/cbruce1/Documents/GitHub/fund_analysis/output/SWEEP_US_Sweep_Behaviours/executed_notebooks doesn't exist.
Unable to parse line 10 'fama_factors_currency = "JPY"   # "USD" = US investor; "JPY" = Japanese investor'.
Unable to parse line 19 'start_year = 2018  # these ESG sources are aligned for `start_year==2013`'.
Unable to parse line 36 'download_gics_data = False   # re-pull GICS from WRDS (False = read cached ./data/GICS/ csv)'.
Unable to parse line 41 'if esg_choice == "refinitiv":'.
Unable to parse line 45 'if esg_choice == "msci":'.
Unable to parse line 49 'if esg_choice == "s&p":'.
Unable to parse line 64 'industry_level = 0 # 0 = map to larger groups, 1 = GICS_level_1, 2 = GICS_level_2'.
Passed unknown parameter: fama_factors_currency
Passed unknown parameter: industry_level
Passed unknown parameter: sweep_mode
Passed unknown parameter: sweep_run_id
Passed unknown parameter: sweep_out_dir
  !! run US_Sweep_Behaviours_0014 FAILED: output folder /Users/cbruce1/Documents/GitHub/fund_analysis/output/SWEEP_US_Sweep_Behaviours/executed_notebooks doesn't exist.
Unable to parse line 10 'fama_factors_currency = "JPY"   # "USD" = US investor; "JPY" = Japanese investor'.
Unable to parse line 19 'start_year = 2018  # these ESG sources are aligned for `start_year==2013`'.
Unable to parse line 36 'download_gics_data = False   # re-pull GICS from WRDS (False = read cached ./data/GICS/ csv)'.
Unable to parse line 41 'if esg_choice == "refinitiv":'.
Unable to parse line 45 'if esg_choice == "msci":'.
Unable to parse line 49 'if esg_choice == "s&p":'.
Unable to parse line 64 'industry_level = 0 # 0 = map to larger groups, 1 = GICS_level_1, 2 = GICS_level_2'.
Passed unknown parameter: fama_factors_currency
Passed unknown parameter: industry_level
Passed unknown parameter: sweep_mode
Passed unknown parameter: sweep_run_id
Passed unknown parameter: sweep_out_dir
  !! run US_Sweep_Behaviours_0015 FAILED: output folder /Users/cbruce1/Documents/GitHub/fund_analysis/output/SWEEP_US_Sweep_Behaviours/executed_notebooks doesn't exist.
Unable to parse line 10 'fama_factors_currency = "JPY"   # "USD" = US investor; "JPY" = Japanese investor'.
Unable to parse line 19 'start_year = 2018  # these ESG sources are aligned for `start_year==2013`'.
Unable to parse line 36 'download_gics_data = False   # re-pull GICS from WRDS (False = read cached ./data/GICS/ csv)'.
Unable to parse line 41 'if esg_choice == "refinitiv":'.
Unable to parse line 45 'if esg_choice == "msci":'.
Unable to parse line 49 'if esg_choice == "s&p":'.
Unable to parse line 64 'industry_level = 0 # 0 = map to larger groups, 1 = GICS_level_1, 2 = GICS_level_2'.
Passed unknown parameter: fama_factors_currency
Passed unknown parameter: industry_level
Passed unknown parameter: sweep_mode
Passed unknown parameter: sweep_run_id
Passed unknown parameter: sweep_out_dir
  !! run US_Sweep_Behaviours_0016 FAILED: output folder /Users/cbruce1/Documents/GitHub/fund_analysis/output/SWEEP_US_Sweep_Behaviours/executed_notebooks doesn't exist.
Unable to parse line 10 'fama_factors_currency = "JPY"   # "USD" = US investor; "JPY" = Japanese investor'.
Unable to parse line 19 'start_year = 2018  # these ESG sources are aligned for `start_year==2013`'.
Unable to parse line 36 'download_gics_data = False   # re-pull GICS from WRDS (False = read cached ./data/GICS/ csv)'.
Unable to parse line 41 'if esg_choice == "refinitiv":'.
Unable to parse line 45 'if esg_choice == "msci":'.
Unable to parse line 49 'if esg_choice == "s&p":'.
Unable to parse line 64 'industry_level = 0 # 0 = map to larger groups, 1 = GICS_level_1, 2 = GICS_level_2'.
Passed unknown parameter: fama_factors_currency
Passed unknown parameter: industry_level
Passed unknown parameter: sweep_mode
Passed unknown parameter: sweep_run_id
Passed unknown parameter: sweep_out_dir
  !! run US_Sweep_Behaviours_0017 FAILED: output folder /Users/cbruce1/Documents/GitHub/fund_analysis/output/SWEEP_US_Sweep_Behaviours/executed_notebooks doesn't exist.
Unable to parse line 10 'fama_factors_currency = "JPY"   # "USD" = US investor; "JPY" = Japanese investor'.
Unable to parse line 19 'start_year = 2018  # these ESG sources are aligned for `start_year==2013`'.
Unable to parse line 36 'download_gics_data = False   # re-pull GICS from WRDS (False = read cached ./data/GICS/ csv)'.
Unable to parse line 41 'if esg_choice == "refinitiv":'.
Unable to parse line 45 'if esg_choice == "msci":'.
Unable to parse line 49 'if esg_choice == "s&p":'.
Unable to parse line 64 'industry_level = 0 # 0 = map to larger groups, 1 = GICS_level_1, 2 = GICS_level_2'.
Passed unknown parameter: fama_factors_currency
Passed unknown parameter: industry_level
Passed unknown parameter: sweep_mode
Passed unknown parameter: sweep_run_id
Passed unknown parameter: sweep_out_dir
  !! run US_Sweep_Behaviours_0018 FAILED: output folder /Users/cbruce1/Documents/GitHub/fund_analysis/output/SWEEP_US_Sweep_Behaviours/executed_notebooks doesn't exist.
Unable to parse line 10 'fama_factors_currency = "JPY"   # "USD" = US investor; "JPY" = Japanese investor'.
Unable to parse line 19 'start_year = 2018  # these ESG sources are aligned for `start_year==2013`'.
Unable to parse line 36 'download_gics_data = False   # re-pull GICS from WRDS (False = read cached ./data/GICS/ csv)'.
Unable to parse line 41 'if esg_choice == "refinitiv":'.
Unable to parse line 45 'if esg_choice == "msci":'.
Unable to parse line 49 'if esg_choice == "s&p":'.
Unable to parse line 64 'industry_level = 0 # 0 = map to larger groups, 1 = GICS_level_1, 2 = GICS_level_2'.
Passed unknown parameter: fama_factors_currency
Passed unknown parameter: industry_level
Passed unknown parameter: sweep_mode
Passed unknown parameter: sweep_run_id
Passed unknown parameter: sweep_out_dir
  !! run US_Sweep_Behaviours_0019 FAILED: output folder /Users/cbruce1/Documents/GitHub/fund_analysis/output/SWEEP_US_Sweep_Behaviours/executed_notebooks doesn't exist.
Unable to parse line 10 'fama_factors_currency = "JPY"   # "USD" = US investor; "JPY" = Japanese investor'.
Unable to parse line 19 'start_year = 2018  # these ESG sources are aligned for `start_year==2013`'.
Unable to parse line 36 'download_gics_data = False   # re-pull GICS from WRDS (False = read cached ./data/GICS/ csv)'.
Unable to parse line 41 'if esg_choice == "refinitiv":'.
Unable to parse line 45 'if esg_choice == "msci":'.
Unable to parse line 49 'if esg_choice == "s&p":'.
Unable to parse line 64 'industry_level = 0 # 0 = map to larger groups, 1 = GICS_level_1, 2 = GICS_level_2'.
Passed unknown parameter: fama_factors_currency
Passed unknown parameter: industry_level
Passed unknown parameter: sweep_mode
Passed unknown parameter: sweep_run_id
Passed unknown parameter: sweep_out_dir
  !! run US_Sweep_Behaviours_0020 FAILED: output folder /Users/cbruce1/Documents/GitHub/fund_analysis/output/SWEEP_US_Sweep_Behaviours/executed_notebooks doesn't exist.
Unable to parse line 10 'fama_factors_currency = "JPY"   # "USD" = US investor; "JPY" = Japanese investor'.
Unable to parse line 19 'start_year = 2018  # these ESG sources are aligned for `start_year==2013`'.
Unable to parse line 36 'download_gics_data = False   # re-pull GICS from WRDS (False = read cached ./data/GICS/ csv)'.
Unable to parse line 41 'if esg_choice == "refinitiv":'.
Unable to parse line 45 'if esg_choice == "msci":'.
Unable to parse line 49 'if esg_choice == "s&p":'.
Unable to parse line 64 'industry_level = 0 # 0 = map to larger groups, 1 = GICS_level_1, 2 = GICS_level_2'.
Passed unknown parameter: fama_factors_currency
Passed unknown parameter: industry_level
Passed unknown parameter: sweep_mode
Passed unknown parameter: sweep_run_id
Passed unknown parameter: sweep_out_dir
  !! run US_Sweep_Behaviours_0021 FAILED: output folder /Users/cbruce1/Documents/GitHub/fund_analysis/output/SWEEP_US_Sweep_Behaviours/executed_notebooks doesn't exist.
Unable to parse line 10 'fama_factors_currency = "JPY"   # "USD" = US investor; "JPY" = Japanese investor'.
Unable to parse line 19 'start_year = 2018  # these ESG sources are aligned for `start_year==2013`'.
Unable to parse line 36 'download_gics_data = False   # re-pull GICS from WRDS (False = read cached ./data/GICS/ csv)'.
Unable to parse line 41 'if esg_choice == "refinitiv":'.
Unable to parse line 45 'if esg_choice == "msci":'.
Unable to parse line 49 'if esg_choice == "s&p":'.
Unable to parse line 64 'industry_level = 0 # 0 = map to larger groups, 1 = GICS_level_1, 2 = GICS_level_2'.
Passed unknown parameter: fama_factors_currency
Passed unknown parameter: industry_level
Passed unknown parameter: sweep_mode
Passed unknown parameter: sweep_run_id
Passed unknown parameter: sweep_out_dir
  !! run US_Sweep_Behaviours_0022 FAILED: output folder /Users/cbruce1/Documents/GitHub/fund_analysis/output/SWEEP_US_Sweep_Behaviours/executed_notebooks doesn't exist.
Unable to parse line 10 'fama_factors_currency = "JPY"   # "USD" = US investor; "JPY" = Japanese investor'.
Unable to parse line 19 'start_year = 2018  # these ESG sources are aligned for `start_year==2013`'.
Unable to parse line 36 'download_gics_data = False   # re-pull GICS from WRDS (False = read cached ./data/GICS/ csv)'.
Unable to parse line 41 'if esg_choice == "refinitiv":'.
Unable to parse line 45 'if esg_choice == "msci":'.
Unable to parse line 49 'if esg_choice == "s&p":'.
Unable to parse line 64 'industry_level = 0 # 0 = map to larger groups, 1 = GICS_level_1, 2 = GICS_level_2'.
Passed unknown parameter: fama_factors_currency
Passed unknown parameter: industry_level
Passed unknown parameter: sweep_mode
Passed unknown parameter: sweep_run_id
Passed unknown parameter: sweep_out_dir
  !! run US_Sweep_Behaviours_0023 FAILED: output folder /Users/cbruce1/Documents/GitHub/fund_analysis/output/SWEEP_US_Sweep_Behaviours/executed_notebooks doesn't exist.
Unable to parse line 10 'fama_factors_currency = "JPY"   # "USD" = US investor; "JPY" = Japanese investor'.
Unable to parse line 19 'start_year = 2018  # these ESG sources are aligned for `start_year==2013`'.
Unable to parse line 36 'download_gics_data = False   # re-pull GICS from WRDS (False = read cached ./data/GICS/ csv)'.
Unable to parse line 41 'if esg_choice == "refinitiv":'.
Unable to parse line 45 'if esg_choice == "msci":'.
Unable to parse line 49 'if esg_choice == "s&p":'.
Unable to parse line 64 'industry_level = 0 # 0 = map to larger groups, 1 = GICS_level_1, 2 = GICS_level_2'.
Passed unknown parameter: fama_factors_currency
Passed unknown parameter: industry_level
Passed unknown parameter: sweep_mode
Passed unknown parameter: sweep_run_id
Passed unknown parameter: sweep_out_dir
  !! run US_Sweep_Behaviours_0024 FAILED: output folder /Users/cbruce1/Documents/GitHub/fund_analysis/output/SWEEP_US_Sweep_Behaviours/executed_notebooks doesn't exist.
Unable to parse line 10 'fama_factors_currency = "JPY"   # "USD" = US investor; "JPY" = Japanese investor'.
Unable to parse line 19 'start_year = 2018  # these ESG sources are aligned for `start_year==2013`'.
Unable to parse line 36 'download_gics_data = False   # re-pull GICS from WRDS (False = read cached ./data/GICS/ csv)'.
Unable to parse line 41 'if esg_choice == "refinitiv":'.
Unable to parse line 45 'if esg_choice == "msci":'.
Unable to parse line 49 'if esg_choice == "s&p":'.
Unable to parse line 64 'industry_level = 0 # 0 = map to larger groups, 1 = GICS_level_1, 2 = GICS_level_2'.
Passed unknown parameter: fama_factors_currency
Passed unknown parameter: industry_level
Passed unknown parameter: sweep_mode
Passed unknown parameter: sweep_run_id
Passed unknown parameter: sweep_out_dir
  !! run US_Sweep_Behaviours_0025 FAILED: output folder /Users/cbruce1/Documents/GitHub/fund_analysis/output/SWEEP_US_Sweep_Behaviours/executed_notebooks doesn't exist.
Unable to parse line 10 'fama_factors_currency = "JPY"   # "USD" = US investor; "JPY" = Japanese investor'.
Unable to parse line 19 'start_year = 2018  # these ESG sources are aligned for `start_year==2013`'.
Unable to parse line 36 'download_gics_data = False   # re-pull GICS from WRDS (False = read cached ./data/GICS/ csv)'.
Unable to parse line 41 'if esg_choice == "refinitiv":'.
Unable to parse line 45 'if esg_choice == "msci":'.
Unable to parse line 49 'if esg_choice == "s&p":'.
Unable to parse line 64 'industry_level = 0 # 0 = map to larger groups, 1 = GICS_level_1, 2 = GICS_level_2'.
Passed unknown parameter: fama_factors_currency
Passed unknown parameter: industry_level
Passed unknown parameter: sweep_mode
Passed unknown parameter: sweep_run_id
Passed unknown parameter: sweep_out_dir
  !! run US_Sweep_Behaviours_0026 FAILED: output folder /Users/cbruce1/Documents/GitHub/fund_analysis/output/SWEEP_US_Sweep_Behaviours/executed_notebooks doesn't exist.
Unable to parse line 10 'fama_factors_currency = "JPY"   # "USD" = US investor; "JPY" = Japanese investor'.
Unable to parse line 19 'start_year = 2018  # these ESG sources are aligned for `start_year==2013`'.
Unable to parse line 36 'download_gics_data = False   # re-pull GICS from WRDS (False = read cached ./data/GICS/ csv)'.
Unable to parse line 41 'if esg_choice == "refinitiv":'.
Unable to parse line 45 'if esg_choice == "msci":'.
Unable to parse line 49 'if esg_choice == "s&p":'.
Unable to parse line 64 'industry_level = 0 # 0 = map to larger groups, 1 = GICS_level_1, 2 = GICS_level_2'.
Passed unknown parameter: fama_factors_currency
Passed unknown parameter: industry_level
Passed unknown parameter: sweep_mode
Passed unknown parameter: sweep_run_id
Passed unknown parameter: sweep_out_dir
  !! run US_Sweep_Behaviours_0027 FAILED: output folder /Users/cbruce1/Documents/GitHub/fund_analysis/output/SWEEP_US_Sweep_Behaviours/executed_notebooks doesn't exist.
Unable to parse line 10 'fama_factors_currency = "JPY"   # "USD" = US investor; "JPY" = Japanese investor'.
Unable to parse line 19 'start_year = 2018  # these ESG sources are aligned for `start_year==2013`'.
Unable to parse line 36 'download_gics_data = False   # re-pull GICS from WRDS (False = read cached ./data/GICS/ csv)'.
Unable to parse line 41 'if esg_choice == "refinitiv":'.
Unable to parse line 45 'if esg_choice == "msci":'.
Unable to parse line 49 'if esg_choice == "s&p":'.
Unable to parse line 64 'industry_level = 0 # 0 = map to larger groups, 1 = GICS_level_1, 2 = GICS_level_2'.
Passed unknown parameter: fama_factors_currency
Passed unknown parameter: industry_level
Passed unknown parameter: sweep_mode
Passed unknown parameter: sweep_run_id
Passed unknown parameter: sweep_out_dir
  !! run US_Sweep_Behaviours_0028 FAILED: output folder /Users/cbruce1/Documents/GitHub/fund_analysis/output/SWEEP_US_Sweep_Behaviours/executed_notebooks doesn't exist.
Unable to parse line 10 'fama_factors_currency = "JPY"   # "USD" = US investor; "JPY" = Japanese investor'.
Unable to parse line 19 'start_year = 2018  # these ESG sources are aligned for `start_year==2013`'.
Unable to parse line 36 'download_gics_data = False   # re-pull GICS from WRDS (False = read cached ./data/GICS/ csv)'.
Unable to parse line 41 'if esg_choice == "refinitiv":'.
Unable to parse line 45 'if esg_choice == "msci":'.
Unable to parse line 49 'if esg_choice == "s&p":'.
Unable to parse line 64 'industry_level = 0 # 0 = map to larger groups, 1 = GICS_level_1, 2 = GICS_level_2'.
Passed unknown parameter: fama_factors_currency
Passed unknown parameter: industry_level
Passed unknown parameter: sweep_mode
Passed unknown parameter: sweep_run_id
Passed unknown parameter: sweep_out_dir
  !! run US_Sweep_Behaviours_0029 FAILED: output folder /Users/cbruce1/Documents/GitHub/fund_analysis/output/SWEEP_US_Sweep_Behaviours/executed_notebooks doesn't exist.
Unable to parse line 10 'fama_factors_currency = "JPY"   # "USD" = US investor; "JPY" = Japanese investor'.
Unable to parse line 19 'start_year = 2018  # these ESG sources are aligned for `start_year==2013`'.
Unable to parse line 36 'download_gics_data = False   # re-pull GICS from WRDS (False = read cached ./data/GICS/ csv)'.
Unable to parse line 41 'if esg_choice == "refinitiv":'.
Unable to parse line 45 'if esg_choice == "msci":'.
Unable to parse line 49 'if esg_choice == "s&p":'.
Unable to parse line 64 'industry_level = 0 # 0 = map to larger groups, 1 = GICS_level_1, 2 = GICS_level_2'.
Passed unknown parameter: fama_factors_currency
Passed unknown parameter: industry_level
Passed unknown parameter: sweep_mode
Passed unknown parameter: sweep_run_id
Passed unknown parameter: sweep_out_dir
  !! run US_Sweep_Behaviours_0030 FAILED: output folder /Users/cbruce1/Documents/GitHub/fund_analysis/output/SWEEP_US_Sweep_Behaviours/executed_notebooks doesn't exist.
Unable to parse line 10 'fama_factors_currency = "JPY"   # "USD" = US investor; "JPY" = Japanese investor'.
Unable to parse line 19 'start_year = 2018  # these ESG sources are aligned for `start_year==2013`'.
Unable to parse line 36 'download_gics_data = False   # re-pull GICS from WRDS (False = read cached ./data/GICS/ csv)'.
Unable to parse line 41 'if esg_choice == "refinitiv":'.
Unable to parse line 45 'if esg_choice == "msci":'.
Unable to parse line 49 'if esg_choice == "s&p":'.
Unable to parse line 64 'industry_level = 0 # 0 = map to larger groups, 1 = GICS_level_1, 2 = GICS_level_2'.
Passed unknown parameter: fama_factors_currency
Passed unknown parameter: industry_level
Passed unknown parameter: sweep_mode
Passed unknown parameter: sweep_run_id
Passed unknown parameter: sweep_out_dir
  !! run US_Sweep_Behaviours_0031 FAILED: output folder /Users/cbruce1/Documents/GitHub/fund_analysis/output/SWEEP_US_Sweep_Behaviours/executed_notebooks doesn't exist.
Unable to parse line 10 'fama_factors_currency = "JPY"   # "USD" = US investor; "JPY" = Japanese investor'.
Unable to parse line 19 'start_year = 2018  # these ESG sources are aligned for `start_year==2013`'.
Unable to parse line 36 'download_gics_data = False   # re-pull GICS from WRDS (False = read cached ./data/GICS/ csv)'.
Unable to parse line 41 'if esg_choice == "refinitiv":'.
Unable to parse line 45 'if esg_choice == "msci":'.
Unable to parse line 49 'if esg_choice == "s&p":'.
Unable to parse line 64 'industry_level = 0 # 0 = map to larger groups, 1 = GICS_level_1, 2 = GICS_level_2'.
Passed unknown parameter: fama_factors_currency
Passed unknown parameter: industry_level
Passed unknown parameter: sweep_mode
Passed unknown parameter: sweep_run_id
Passed unknown parameter: sweep_out_dir
  !! run US_Sweep_Behaviours_0032 FAILED: output folder /Users/cbruce1/Documents/GitHub/fund_analysis/output/SWEEP_US_Sweep_Behaviours/executed_notebooks doesn't exist.
Unable to parse line 10 'fama_factors_currency = "JPY"   # "USD" = US investor; "JPY" = Japanese investor'.
Unable to parse line 19 'start_year = 2018  # these ESG sources are aligned for `start_year==2013`'.
Unable to parse line 36 'download_gics_data = False   # re-pull GICS from WRDS (False = read cached ./data/GICS/ csv)'.
Unable to parse line 41 'if esg_choice == "refinitiv":'.
Unable to parse line 45 'if esg_choice == "msci":'.
Unable to parse line 49 'if esg_choice == "s&p":'.
Unable to parse line 64 'industry_level = 0 # 0 = map to larger groups, 1 = GICS_level_1, 2 = GICS_level_2'.
Passed unknown parameter: fama_factors_currency
Passed unknown parameter: industry_level
Passed unknown parameter: sweep_mode
Passed unknown parameter: sweep_run_id
Passed unknown parameter: sweep_out_dir
  !! run US_Sweep_Behaviours_0033 FAILED: output folder /Users/cbruce1/Documents/GitHub/fund_analysis/output/SWEEP_US_Sweep_Behaviours/executed_notebooks doesn't exist.
Unable to parse line 10 'fama_factors_currency = "JPY"   # "USD" = US investor; "JPY" = Japanese investor'.
Unable to parse line 19 'start_year = 2018  # these ESG sources are aligned for `start_year==2013`'.
Unable to parse line 36 'download_gics_data = False   # re-pull GICS from WRDS (False = read cached ./data/GICS/ csv)'.
Unable to parse line 41 'if esg_choice == "refinitiv":'.
Unable to parse line 45 'if esg_choice == "msci":'.
Unable to parse line 49 'if esg_choice == "s&p":'.
Unable to parse line 64 'industry_level = 0 # 0 = map to larger groups, 1 = GICS_level_1, 2 = GICS_level_2'.
Passed unknown parameter: fama_factors_currency
Passed unknown parameter: industry_level
Passed unknown parameter: sweep_mode
Passed unknown parameter: sweep_run_id
Passed unknown parameter: sweep_out_dir
  !! run US_Sweep_Behaviours_0034 FAILED: output folder /Users/cbruce1/Documents/GitHub/fund_analysis/output/SWEEP_US_Sweep_Behaviours/executed_notebooks doesn't exist.
Unable to parse line 10 'fama_factors_currency = "JPY"   # "USD" = US investor; "JPY" = Japanese investor'.
Unable to parse line 19 'start_year = 2018  # these ESG sources are aligned for `start_year==2013`'.
Unable to parse line 36 'download_gics_data = False   # re-pull GICS from WRDS (False = read cached ./data/GICS/ csv)'.
Unable to parse line 41 'if esg_choice == "refinitiv":'.
Unable to parse line 45 'if esg_choice == "msci":'.
Unable to parse line 49 'if esg_choice == "s&p":'.
Unable to parse line 64 'industry_level = 0 # 0 = map to larger groups, 1 = GICS_level_1, 2 = GICS_level_2'.
Passed unknown parameter: fama_factors_currency
Passed unknown parameter: industry_level
Passed unknown parameter: sweep_mode
Passed unknown parameter: sweep_run_id
Passed unknown parameter: sweep_out_dir
  !! run US_Sweep_Behaviours_0035 FAILED: output folder /Users/cbruce1/Documents/GitHub/fund_analysis/output/SWEEP_US_Sweep_Behaviours/executed_notebooks doesn't exist.
Unable to parse line 10 'fama_factors_currency = "JPY"   # "USD" = US investor; "JPY" = Japanese investor'.
Unable to parse line 19 'start_year = 2018  # these ESG sources are aligned for `start_year==2013`'.
Unable to parse line 36 'download_gics_data = False   # re-pull GICS from WRDS (False = read cached ./data/GICS/ csv)'.
Unable to parse line 41 'if esg_choice == "refinitiv":'.
Unable to parse line 45 'if esg_choice == "msci":'.
Unable to parse line 49 'if esg_choice == "s&p":'.
Unable to parse line 64 'industry_level = 0 # 0 = map to larger groups, 1 = GICS_level_1, 2 = GICS_level_2'.
Passed unknown parameter: fama_factors_currency
Passed unknown parameter: industry_level
Passed unknown parameter: sweep_mode
Passed unknown parameter: sweep_run_id
Passed unknown parameter: sweep_out_dir
  !! run US_Sweep_Behaviours_0036 FAILED: output folder /Users/cbruce1/Documents/GitHub/fund_analysis/output/SWEEP_US_Sweep_Behaviours/executed_notebooks doesn't exist.
Unable to parse line 10 'fama_factors_currency = "JPY"   # "USD" = US investor; "JPY" = Japanese investor'.
Unable to parse line 19 'start_year = 2018  # these ESG sources are aligned for `start_year==2013`'.
Unable to parse line 36 'download_gics_data = False   # re-pull GICS from WRDS (False = read cached ./data/GICS/ csv)'.
Unable to parse line 41 'if esg_choice == "refinitiv":'.
Unable to parse line 45 'if esg_choice == "msci":'.
Unable to parse line 49 'if esg_choice == "s&p":'.
Unable to parse line 64 'industry_level = 0 # 0 = map to larger groups, 1 = GICS_level_1, 2 = GICS_level_2'.
Passed unknown parameter: fama_factors_currency
Passed unknown parameter: industry_level
Passed unknown parameter: sweep_mode
Passed unknown parameter: sweep_run_id
Passed unknown parameter: sweep_out_dir
  !! run US_Sweep_Behaviours_0037 FAILED: output folder /Users/cbruce1/Documents/GitHub/fund_analysis/output/SWEEP_US_Sweep_Behaviours/executed_notebooks doesn't exist.
Unable to parse line 10 'fama_factors_currency = "JPY"   # "USD" = US investor; "JPY" = Japanese investor'.
Unable to parse line 19 'start_year = 2018  # these ESG sources are aligned for `start_year==2013`'.
Unable to parse line 36 'download_gics_data = False   # re-pull GICS from WRDS (False = read cached ./data/GICS/ csv)'.
Unable to parse line 41 'if esg_choice == "refinitiv":'.
Unable to parse line 45 'if esg_choice == "msci":'.
Unable to parse line 49 'if esg_choice == "s&p":'.
Unable to parse line 64 'industry_level = 0 # 0 = map to larger groups, 1 = GICS_level_1, 2 = GICS_level_2'.
Passed unknown parameter: fama_factors_currency
Passed unknown parameter: industry_level
Passed unknown parameter: sweep_mode
Passed unknown parameter: sweep_run_id
Passed unknown parameter: sweep_out_dir
  !! run US_Sweep_Behaviours_0038 FAILED: output folder /Users/cbruce1/Documents/GitHub/fund_analysis/output/SWEEP_US_Sweep_Behaviours/executed_notebooks doesn't exist.
Unable to parse line 10 'fama_factors_currency = "JPY"   # "USD" = US investor; "JPY" = Japanese investor'.
Unable to parse line 19 'start_year = 2018  # these ESG sources are aligned for `start_year==2013`'.
Unable to parse line 36 'download_gics_data = False   # re-pull GICS from WRDS (False = read cached ./data/GICS/ csv)'.
Unable to parse line 41 'if esg_choice == "refinitiv":'.
Unable to parse line 45 'if esg_choice == "msci":'.
Unable to parse line 49 'if esg_choice == "s&p":'.
Unable to parse line 64 'industry_level = 0 # 0 = map to larger groups, 1 = GICS_level_1, 2 = GICS_level_2'.
Passed unknown parameter: fama_factors_currency
Passed unknown parameter: industry_level
Passed unknown parameter: sweep_mode
Passed unknown parameter: sweep_run_id
Passed unknown parameter: sweep_out_dir
  !! run US_Sweep_Behaviours_0039 FAILED: output folder /Users/cbruce1/Documents/GitHub/fund_analysis/output/SWEEP_US_Sweep_Behaviours/executed_notebooks doesn't exist.
Unable to parse line 10 'fama_factors_currency = "JPY"   # "USD" = US investor; "JPY" = Japanese investor'.
Unable to parse line 19 'start_year = 2018  # these ESG sources are aligned for `start_year==2013`'.
Unable to parse line 36 'download_gics_data = False   # re-pull GICS from WRDS (False = read cached ./data/GICS/ csv)'.
Unable to parse line 41 'if esg_choice == "refinitiv":'.
Unable to parse line 45 'if esg_choice == "msci":'.
Unable to parse line 49 'if esg_choice == "s&p":'.
Unable to parse line 64 'industry_level = 0 # 0 = map to larger groups, 1 = GICS_level_1, 2 = GICS_level_2'.
Passed unknown parameter: fama_factors_currency
Passed unknown parameter: industry_level
Passed unknown parameter: sweep_mode
Passed unknown parameter: sweep_run_id
Passed unknown parameter: sweep_out_dir
  !! run US_Sweep_Behaviours_0040 FAILED: output folder /Users/cbruce1/Documents/GitHub/fund_analysis/output/SWEEP_US_Sweep_Behaviours/executed_notebooks doesn't exist.
Unable to parse line 10 'fama_factors_currency = "JPY"   # "USD" = US investor; "JPY" = Japanese investor'.
Unable to parse line 19 'start_year = 2018  # these ESG sources are aligned for `start_year==2013`'.
Unable to parse line 36 'download_gics_data = False   # re-pull GICS from WRDS (False = read cached ./data/GICS/ csv)'.
Unable to parse line 41 'if esg_choice == "refinitiv":'.
Unable to parse line 45 'if esg_choice == "msci":'.
Unable to parse line 49 'if esg_choice == "s&p":'.
Unable to parse line 64 'industry_level = 0 # 0 = map to larger groups, 1 = GICS_level_1, 2 = GICS_level_2'.
Passed unknown parameter: fama_factors_currency
Passed unknown parameter: industry_level
Passed unknown parameter: sweep_mode
Passed unknown parameter: sweep_run_id
Passed unknown parameter: sweep_out_dir
  !! run US_Sweep_Behaviours_0041 FAILED: output folder /Users/cbruce1/Documents/GitHub/fund_analysis/output/SWEEP_US_Sweep_Behaviours/executed_notebooks doesn't exist.
Unable to parse line 10 'fama_factors_currency = "JPY"   # "USD" = US investor; "JPY" = Japanese investor'.
Unable to parse line 19 'start_year = 2018  # these ESG sources are aligned for `start_year==2013`'.
Unable to parse line 36 'download_gics_data = False   # re-pull GICS from WRDS (False = read cached ./data/GICS/ csv)'.
Unable to parse line 41 'if esg_choice == "refinitiv":'.
Unable to parse line 45 'if esg_choice == "msci":'.
Unable to parse line 49 'if esg_choice == "s&p":'.
Unable to parse line 64 'industry_level = 0 # 0 = map to larger groups, 1 = GICS_level_1, 2 = GICS_level_2'.
Passed unknown parameter: fama_factors_currency
Passed unknown parameter: industry_level
Passed unknown parameter: sweep_mode
Passed unknown parameter: sweep_run_id
Passed unknown parameter: sweep_out_dir
  !! run US_Sweep_Behaviours_0042 FAILED: output folder /Users/cbruce1/Documents/GitHub/fund_analysis/output/SWEEP_US_Sweep_Behaviours/executed_notebooks doesn't exist.
Unable to parse line 10 'fama_factors_currency = "JPY"   # "USD" = US investor; "JPY" = Japanese investor'.
Unable to parse line 19 'start_year = 2018  # these ESG sources are aligned for `start_year==2013`'.
Unable to parse line 36 'download_gics_data = False   # re-pull GICS from WRDS (False = read cached ./data/GICS/ csv)'.
Unable to parse line 41 'if esg_choice == "refinitiv":'.
Unable to parse line 45 'if esg_choice == "msci":'.
Unable to parse line 49 'if esg_choice == "s&p":'.
Unable to parse line 64 'industry_level = 0 # 0 = map to larger groups, 1 = GICS_level_1, 2 = GICS_level_2'.
Passed unknown parameter: fama_factors_currency
Passed unknown parameter: industry_level
Passed unknown parameter: sweep_mode
Passed unknown parameter: sweep_run_id
Passed unknown parameter: sweep_out_dir
  !! run US_Sweep_Behaviours_0043 FAILED: output folder /Users/cbruce1/Documents/GitHub/fund_analysis/output/SWEEP_US_Sweep_Behaviours/executed_notebooks doesn't exist.
Unable to parse line 10 'fama_factors_currency = "JPY"   # "USD" = US investor; "JPY" = Japanese investor'.
Unable to parse line 19 'start_year = 2018  # these ESG sources are aligned for `start_year==2013`'.
Unable to parse line 36 'download_gics_data = False   # re-pull GICS from WRDS (False = read cached ./data/GICS/ csv)'.
Unable to parse line 41 'if esg_choice == "refinitiv":'.
Unable to parse line 45 'if esg_choice == "msci":'.
Unable to parse line 49 'if esg_choice == "s&p":'.
Unable to parse line 64 'industry_level = 0 # 0 = map to larger groups, 1 = GICS_level_1, 2 = GICS_level_2'.
Passed unknown parameter: fama_factors_currency
Passed unknown parameter: industry_level
Passed unknown parameter: sweep_mode
Passed unknown parameter: sweep_run_id
Passed unknown parameter: sweep_out_dir
  !! run US_Sweep_Behaviours_0044 FAILED: output folder /Users/cbruce1/Documents/GitHub/fund_analysis/output/SWEEP_US_Sweep_Behaviours/executed_notebooks doesn't exist.
Unable to parse line 10 'fama_factors_currency = "JPY"   # "USD" = US investor; "JPY" = Japanese investor'.
Unable to parse line 19 'start_year = 2018  # these ESG sources are aligned for `start_year==2013`'.
Unable to parse line 36 'download_gics_data = False   # re-pull GICS from WRDS (False = read cached ./data/GICS/ csv)'.
Unable to parse line 41 'if esg_choice == "refinitiv":'.
Unable to parse line 45 'if esg_choice == "msci":'.
Unable to parse line 49 'if esg_choice == "s&p":'.
Unable to parse line 64 'industry_level = 0 # 0 = map to larger groups, 1 = GICS_level_1, 2 = GICS_level_2'.
Passed unknown parameter: fama_factors_currency
Passed unknown parameter: industry_level
Passed unknown parameter: sweep_mode
Passed unknown parameter: sweep_run_id
Passed unknown parameter: sweep_out_dir
  !! run US_Sweep_Behaviours_0045 FAILED: output folder /Users/cbruce1/Documents/GitHub/fund_analysis/output/SWEEP_US_Sweep_Behaviours/executed_notebooks doesn't exist.
Unable to parse line 10 'fama_factors_currency = "JPY"   # "USD" = US investor; "JPY" = Japanese investor'.
Unable to parse line 19 'start_year = 2018  # these ESG sources are aligned for `start_year==2013`'.
Unable to parse line 36 'download_gics_data = False   # re-pull GICS from WRDS (False = read cached ./data/GICS/ csv)'.
Unable to parse line 41 'if esg_choice == "refinitiv":'.
Unable to parse line 45 'if esg_choice == "msci":'.
Unable to parse line 49 'if esg_choice == "s&p":'.
Unable to parse line 64 'industry_level = 0 # 0 = map to larger groups, 1 = GICS_level_1, 2 = GICS_level_2'.
Passed unknown parameter: fama_factors_currency
Passed unknown parameter: industry_level
Passed unknown parameter: sweep_mode
Passed unknown parameter: sweep_run_id
Passed unknown parameter: sweep_out_dir
  !! run US_Sweep_Behaviours_0046 FAILED: output folder /Users/cbruce1/Documents/GitHub/fund_analysis/output/SWEEP_US_Sweep_Behaviours/executed_notebooks doesn't exist.
Unable to parse line 10 'fama_factors_currency = "JPY"   # "USD" = US investor; "JPY" = Japanese investor'.
Unable to parse line 19 'start_year = 2018  # these ESG sources are aligned for `start_year==2013`'.
Unable to parse line 36 'download_gics_data = False   # re-pull GICS from WRDS (False = read cached ./data/GICS/ csv)'.
Unable to parse line 41 'if esg_choice == "refinitiv":'.
Unable to parse line 45 'if esg_choice == "msci":'.
Unable to parse line 49 'if esg_choice == "s&p":'.
Unable to parse line 64 'industry_level = 0 # 0 = map to larger groups, 1 = GICS_level_1, 2 = GICS_level_2'.
Passed unknown parameter: fama_factors_currency
Passed unknown parameter: industry_level
Passed unknown parameter: sweep_mode
Passed unknown parameter: sweep_run_id
Passed unknown parameter: sweep_out_dir
  !! run US_Sweep_Behaviours_0047 FAILED: output folder /Users/cbruce1/Documents/GitHub/fund_analysis/output/SWEEP_US_Sweep_Behaviours/executed_notebooks doesn't exist.
Unable to parse line 10 'fama_factors_currency = "JPY"   # "USD" = US investor; "JPY" = Japanese investor'.
Unable to parse line 19 'start_year = 2018  # these ESG sources are aligned for `start_year==2013`'.
Unable to parse line 36 'download_gics_data = False   # re-pull GICS from WRDS (False = read cached ./data/GICS/ csv)'.
Unable to parse line 41 'if esg_choice == "refinitiv":'.
Unable to parse line 45 'if esg_choice == "msci":'.
Unable to parse line 49 'if esg_choice == "s&p":'.
Unable to parse line 64 'industry_level = 0 # 0 = map to larger groups, 1 = GICS_level_1, 2 = GICS_level_2'.
Passed unknown parameter: fama_factors_currency
Passed unknown parameter: industry_level
Passed unknown parameter: sweep_mode
Passed unknown parameter: sweep_run_id
Passed unknown parameter: sweep_out_dir
  !! run US_Sweep_Behaviours_0048 FAILED: output folder /Users/cbruce1/Documents/GitHub/fund_analysis/output/SWEEP_US_Sweep_Behaviours/executed_notebooks doesn't exist.
Unable to parse line 10 'fama_factors_currency = "JPY"   # "USD" = US investor; "JPY" = Japanese investor'.
Unable to parse line 19 'start_year = 2018  # these ESG sources are aligned for `start_year==2013`'.
Unable to parse line 36 'download_gics_data = False   # re-pull GICS from WRDS (False = read cached ./data/GICS/ csv)'.
Unable to parse line 41 'if esg_choice == "refinitiv":'.
Unable to parse line 45 'if esg_choice == "msci":'.
Unable to parse line 49 'if esg_choice == "s&p":'.
Unable to parse line 64 'industry_level = 0 # 0 = map to larger groups, 1 = GICS_level_1, 2 = GICS_level_2'.
Passed unknown parameter: fama_factors_currency
Passed unknown parameter: industry_level
Passed unknown parameter: sweep_mode
Passed unknown parameter: sweep_run_id
Passed unknown parameter: sweep_out_dir
  !! run US_Sweep_Behaviours_0049 FAILED: output folder /Users/cbruce1/Documents/GitHub/fund_analysis/output/SWEEP_US_Sweep_Behaviours/executed_notebooks doesn't exist.
Unable to parse line 10 'fama_factors_currency = "JPY"   # "USD" = US investor; "JPY" = Japanese investor'.
Unable to parse line 19 'start_year = 2018  # these ESG sources are aligned for `start_year==2013`'.
Unable to parse line 36 'download_gics_data = False   # re-pull GICS from WRDS (False = read cached ./data/GICS/ csv)'.
Unable to parse line 41 'if esg_choice == "refinitiv":'.
Unable to parse line 45 'if esg_choice == "msci":'.
Unable to parse line 49 'if esg_choice == "s&p":'.
Unable to parse line 64 'industry_level = 0 # 0 = map to larger groups, 1 = GICS_level_1, 2 = GICS_level_2'.
Passed unknown parameter: fama_factors_currency
Passed unknown parameter: industry_level
Passed unknown parameter: sweep_mode
Passed unknown parameter: sweep_run_id
Passed unknown parameter: sweep_out_dir
  !! run US_Sweep_Behaviours_0050 FAILED: output folder /Users/cbruce1/Documents/GitHub/fund_analysis/output/SWEEP_US_Sweep_Behaviours/executed_notebooks doesn't exist.
Unable to parse line 10 'fama_factors_currency = "JPY"   # "USD" = US investor; "JPY" = Japanese investor'.
Unable to parse line 19 'start_year = 2018  # these ESG sources are aligned for `start_year==2013`'.
Unable to parse line 36 'download_gics_data = False   # re-pull GICS from WRDS (False = read cached ./data/GICS/ csv)'.
Unable to parse line 41 'if esg_choice == "refinitiv":'.
Unable to parse line 45 'if esg_choice == "msci":'.
Unable to parse line 49 'if esg_choice == "s&p":'.
Unable to parse line 64 'industry_level = 0 # 0 = map to larger groups, 1 = GICS_level_1, 2 = GICS_level_2'.
Passed unknown parameter: fama_factors_currency
Passed unknown parameter: industry_level
Passed unknown parameter: sweep_mode
Passed unknown parameter: sweep_run_id
Passed unknown parameter: sweep_out_dir
  !! run US_Sweep_Behaviours_0051 FAILED: output folder /Users/cbruce1/Documents/GitHub/fund_analysis/output/SWEEP_US_Sweep_Behaviours/executed_notebooks doesn't exist.
Unable to parse line 10 'fama_factors_currency = "JPY"   # "USD" = US investor; "JPY" = Japanese investor'.
Unable to parse line 19 'start_year = 2018  # these ESG sources are aligned for `start_year==2013`'.
Unable to parse line 36 'download_gics_data = False   # re-pull GICS from WRDS (False = read cached ./data/GICS/ csv)'.
Unable to parse line 41 'if esg_choice == "refinitiv":'.
Unable to parse line 45 'if esg_choice == "msci":'.
Unable to parse line 49 'if esg_choice == "s&p":'.
Unable to parse line 64 'industry_level = 0 # 0 = map to larger groups, 1 = GICS_level_1, 2 = GICS_level_2'.
Passed unknown parameter: fama_factors_currency
Passed unknown parameter: industry_level
Passed unknown parameter: sweep_mode
Passed unknown parameter: sweep_run_id
Passed unknown parameter: sweep_out_dir
  !! run US_Sweep_Behaviours_0052 FAILED: output folder /Users/cbruce1/Documents/GitHub/fund_analysis/output/SWEEP_US_Sweep_Behaviours/executed_notebooks doesn't exist.
Unable to parse line 10 'fama_factors_currency = "JPY"   # "USD" = US investor; "JPY" = Japanese investor'.
Unable to parse line 19 'start_year = 2018  # these ESG sources are aligned for `start_year==2013`'.
Unable to parse line 36 'download_gics_data = False   # re-pull GICS from WRDS (False = read cached ./data/GICS/ csv)'.
Unable to parse line 41 'if esg_choice == "refinitiv":'.
Unable to parse line 45 'if esg_choice == "msci":'.
Unable to parse line 49 'if esg_choice == "s&p":'.
Unable to parse line 64 'industry_level = 0 # 0 = map to larger groups, 1 = GICS_level_1, 2 = GICS_level_2'.
Passed unknown parameter: fama_factors_currency
Passed unknown parameter: industry_level
Passed unknown parameter: sweep_mode
Passed unknown parameter: sweep_run_id
Passed unknown parameter: sweep_out_dir
  !! run US_Sweep_Behaviours_0053 FAILED: output folder /Users/cbruce1/Documents/GitHub/fund_analysis/output/SWEEP_US_Sweep_Behaviours/executed_notebooks doesn't exist.
Unable to parse line 10 'fama_factors_currency = "JPY"   # "USD" = US investor; "JPY" = Japanese investor'.
Unable to parse line 19 'start_year = 2018  # these ESG sources are aligned for `start_year==2013`'.
Unable to parse line 36 'download_gics_data = False   # re-pull GICS from WRDS (False = read cached ./data/GICS/ csv)'.
Unable to parse line 41 'if esg_choice == "refinitiv":'.
Unable to parse line 45 'if esg_choice == "msci":'.
Unable to parse line 49 'if esg_choice == "s&p":'.
Unable to parse line 64 'industry_level = 0 # 0 = map to larger groups, 1 = GICS_level_1, 2 = GICS_level_2'.
Passed unknown parameter: fama_factors_currency
Passed unknown parameter: industry_level
Passed unknown parameter: sweep_mode
Passed unknown parameter: sweep_run_id
Passed unknown parameter: sweep_out_dir
  !! run US_Sweep_Behaviours_0054 FAILED: output folder /Users/cbruce1/Documents/GitHub/fund_analysis/output/SWEEP_US_Sweep_Behaviours/executed_notebooks doesn't exist.
Unable to parse line 10 'fama_factors_currency = "JPY"   # "USD" = US investor; "JPY" = Japanese investor'.
Unable to parse line 19 'start_year = 2018  # these ESG sources are aligned for `start_year==2013`'.
Unable to parse line 36 'download_gics_data = False   # re-pull GICS from WRDS (False = read cached ./data/GICS/ csv)'.
Unable to parse line 41 'if esg_choice == "refinitiv":'.
Unable to parse line 45 'if esg_choice == "msci":'.
Unable to parse line 49 'if esg_choice == "s&p":'.
Unable to parse line 64 'industry_level = 0 # 0 = map to larger groups, 1 = GICS_level_1, 2 = GICS_level_2'.
Passed unknown parameter: fama_factors_currency
Passed unknown parameter: industry_level
Passed unknown parameter: sweep_mode
Passed unknown parameter: sweep_run_id
Passed unknown parameter: sweep_out_dir
  !! run US_Sweep_Behaviours_0055 FAILED: output folder /Users/cbruce1/Documents/GitHub/fund_analysis/output/SWEEP_US_Sweep_Behaviours/executed_notebooks doesn't exist.
Unable to parse line 10 'fama_factors_currency = "JPY"   # "USD" = US investor; "JPY" = Japanese investor'.
Unable to parse line 19 'start_year = 2018  # these ESG sources are aligned for `start_year==2013`'.
Unable to parse line 36 'download_gics_data = False   # re-pull GICS from WRDS (False = read cached ./data/GICS/ csv)'.
Unable to parse line 41 'if esg_choice == "refinitiv":'.
Unable to parse line 45 'if esg_choice == "msci":'.
Unable to parse line 49 'if esg_choice == "s&p":'.
Unable to parse line 64 'industry_level = 0 # 0 = map to larger groups, 1 = GICS_level_1, 2 = GICS_level_2'.
Passed unknown parameter: fama_factors_currency
Passed unknown parameter: industry_level
Passed unknown parameter: sweep_mode
Passed unknown parameter: sweep_run_id
Passed unknown parameter: sweep_out_dir
  !! run US_Sweep_Behaviours_0056 FAILED: output folder /Users/cbruce1/Documents/GitHub/fund_analysis/output/SWEEP_US_Sweep_Behaviours/executed_notebooks doesn't exist.
Unable to parse line 10 'fama_factors_currency = "JPY"   # "USD" = US investor; "JPY" = Japanese investor'.
Unable to parse line 19 'start_year = 2018  # these ESG sources are aligned for `start_year==2013`'.
Unable to parse line 36 'download_gics_data = False   # re-pull GICS from WRDS (False = read cached ./data/GICS/ csv)'.
Unable to parse line 41 'if esg_choice == "refinitiv":'.
Unable to parse line 45 'if esg_choice == "msci":'.
Unable to parse line 49 'if esg_choice == "s&p":'.
Unable to parse line 64 'industry_level = 0 # 0 = map to larger groups, 1 = GICS_level_1, 2 = GICS_level_2'.
Passed unknown parameter: fama_factors_currency
Passed unknown parameter: industry_level
Passed unknown parameter: sweep_mode
Passed unknown parameter: sweep_run_id
Passed unknown parameter: sweep_out_dir
  !! run US_Sweep_Behaviours_0057 FAILED: output folder /Users/cbruce1/Documents/GitHub/fund_analysis/output/SWEEP_US_Sweep_Behaviours/executed_notebooks doesn't exist.
Unable to parse line 10 'fama_factors_currency = "JPY"   # "USD" = US investor; "JPY" = Japanese investor'.
Unable to parse line 19 'start_year = 2018  # these ESG sources are aligned for `start_year==2013`'.
Unable to parse line 36 'download_gics_data = False   # re-pull GICS from WRDS (False = read cached ./data/GICS/ csv)'.
Unable to parse line 41 'if esg_choice == "refinitiv":'.
Unable to parse line 45 'if esg_choice == "msci":'.
Unable to parse line 49 'if esg_choice == "s&p":'.
Unable to parse line 64 'industry_level = 0 # 0 = map to larger groups, 1 = GICS_level_1, 2 = GICS_level_2'.
Passed unknown parameter: fama_factors_currency
Passed unknown parameter: industry_level
Passed unknown parameter: sweep_mode
Passed unknown parameter: sweep_run_id
Passed unknown parameter: sweep_out_dir
  !! run US_Sweep_Behaviours_0058 FAILED: output folder /Users/cbruce1/Documents/GitHub/fund_analysis/output/SWEEP_US_Sweep_Behaviours/executed_notebooks doesn't exist.
Unable to parse line 10 'fama_factors_currency = "JPY"   # "USD" = US investor; "JPY" = Japanese investor'.
Unable to parse line 19 'start_year = 2018  # these ESG sources are aligned for `start_year==2013`'.
Unable to parse line 36 'download_gics_data = False   # re-pull GICS from WRDS (False = read cached ./data/GICS/ csv)'.
Unable to parse line 41 'if esg_choice == "refinitiv":'.
Unable to parse line 45 'if esg_choice == "msci":'.
Unable to parse line 49 'if esg_choice == "s&p":'.
Unable to parse line 64 'industry_level = 0 # 0 = map to larger groups, 1 = GICS_level_1, 2 = GICS_level_2'.
Passed unknown parameter: fama_factors_currency
Passed unknown parameter: industry_level
Passed unknown parameter: sweep_mode
Passed unknown parameter: sweep_run_id
Passed unknown parameter: sweep_out_dir
  !! run US_Sweep_Behaviours_0059 FAILED: output folder /Users/cbruce1/Documents/GitHub/fund_analysis/output/SWEEP_US_Sweep_Behaviours/executed_notebooks doesn't exist.
Unable to parse line 10 'fama_factors_currency = "JPY"   # "USD" = US investor; "JPY" = Japanese investor'.
Unable to parse line 19 'start_year = 2018  # these ESG sources are aligned for `start_year==2013`'.
Unable to parse line 36 'download_gics_data = False   # re-pull GICS from WRDS (False = read cached ./data/GICS/ csv)'.
Unable to parse line 41 'if esg_choice == "refinitiv":'.
Unable to parse line 45 'if esg_choice == "msci":'.
Unable to parse line 49 'if esg_choice == "s&p":'.
Unable to parse line 64 'industry_level = 0 # 0 = map to larger groups, 1 = GICS_level_1, 2 = GICS_level_2'.
Passed unknown parameter: fama_factors_currency
Passed unknown parameter: industry_level
Passed unknown parameter: sweep_mode
Passed unknown parameter: sweep_run_id
Passed unknown parameter: sweep_out_dir
  !! run US_Sweep_Behaviours_0060 FAILED: output folder /Users/cbruce1/Documents/GitHub/fund_analysis/output/SWEEP_US_Sweep_Behaviours/executed_notebooks doesn't exist.
Unable to parse line 10 'fama_factors_currency = "JPY"   # "USD" = US investor; "JPY" = Japanese investor'.
Unable to parse line 19 'start_year = 2018  # these ESG sources are aligned for `start_year==2013`'.
Unable to parse line 36 'download_gics_data = False   # re-pull GICS from WRDS (False = read cached ./data/GICS/ csv)'.
Unable to parse line 41 'if esg_choice == "refinitiv":'.
Unable to parse line 45 'if esg_choice == "msci":'.
Unable to parse line 49 'if esg_choice == "s&p":'.
Unable to parse line 64 'industry_level = 0 # 0 = map to larger groups, 1 = GICS_level_1, 2 = GICS_level_2'.
Passed unknown parameter: fama_factors_currency
Passed unknown parameter: industry_level
Passed unknown parameter: sweep_mode
Passed unknown parameter: sweep_run_id
Passed unknown parameter: sweep_out_dir
  !! run US_Sweep_Behaviours_0061 FAILED: output folder /Users/cbruce1/Documents/GitHub/fund_analysis/output/SWEEP_US_Sweep_Behaviours/executed_notebooks doesn't exist.
Unable to parse line 10 'fama_factors_currency = "JPY"   # "USD" = US investor; "JPY" = Japanese investor'.
Unable to parse line 19 'start_year = 2018  # these ESG sources are aligned for `start_year==2013`'.
Unable to parse line 36 'download_gics_data = False   # re-pull GICS from WRDS (False = read cached ./data/GICS/ csv)'.
Unable to parse line 41 'if esg_choice == "refinitiv":'.
Unable to parse line 45 'if esg_choice == "msci":'.
Unable to parse line 49 'if esg_choice == "s&p":'.
Unable to parse line 64 'industry_level = 0 # 0 = map to larger groups, 1 = GICS_level_1, 2 = GICS_level_2'.
Passed unknown parameter: fama_factors_currency
Passed unknown parameter: industry_level
Passed unknown parameter: sweep_mode
Passed unknown parameter: sweep_run_id
Passed unknown parameter: sweep_out_dir
  !! run US_Sweep_Behaviours_0062 FAILED: output folder /Users/cbruce1/Documents/GitHub/fund_analysis/output/SWEEP_US_Sweep_Behaviours/executed_notebooks doesn't exist.
Unable to parse line 10 'fama_factors_currency = "JPY"   # "USD" = US investor; "JPY" = Japanese investor'.
Unable to parse line 19 'start_year = 2018  # these ESG sources are aligned for `start_year==2013`'.
Unable to parse line 36 'download_gics_data = False   # re-pull GICS from WRDS (False = read cached ./data/GICS/ csv)'.
Unable to parse line 41 'if esg_choice == "refinitiv":'.
Unable to parse line 45 'if esg_choice == "msci":'.
Unable to parse line 49 'if esg_choice == "s&p":'.
Unable to parse line 64 'industry_level = 0 # 0 = map to larger groups, 1 = GICS_level_1, 2 = GICS_level_2'.
Passed unknown parameter: fama_factors_currency
Passed unknown parameter: industry_level
Passed unknown parameter: sweep_mode
Passed unknown parameter: sweep_run_id
Passed unknown parameter: sweep_out_dir
  !! run US_Sweep_Behaviours_0063 FAILED: output folder /Users/cbruce1/Documents/GitHub/fund_analysis/output/SWEEP_US_Sweep_Behaviours/executed_notebooks doesn't exist.
Unable to parse line 10 'fama_factors_currency = "JPY"   # "USD" = US investor; "JPY" = Japanese investor'.
Unable to parse line 19 'start_year = 2018  # these ESG sources are aligned for `start_year==2013`'.
Unable to parse line 36 'download_gics_data = False   # re-pull GICS from WRDS (False = read cached ./data/GICS/ csv)'.
Unable to parse line 41 'if esg_choice == "refinitiv":'.
Unable to parse line 45 'if esg_choice == "msci":'.
Unable to parse line 49 'if esg_choice == "s&p":'.
Unable to parse line 64 'industry_level = 0 # 0 = map to larger groups, 1 = GICS_level_1, 2 = GICS_level_2'.
Passed unknown parameter: fama_factors_currency
Passed unknown parameter: industry_level
Passed unknown parameter: sweep_mode
Passed unknown parameter: sweep_run_id
Passed unknown parameter: sweep_out_dir
  !! run US_Sweep_Behaviours_0064 FAILED: output folder /Users/cbruce1/Documents/GitHub/fund_analysis/output/SWEEP_US_Sweep_Behaviours/executed_notebooks doesn't exist.
Unable to parse line 10 'fama_factors_currency = "JPY"   # "USD" = US investor; "JPY" = Japanese investor'.
Unable to parse line 19 'start_year = 2018  # these ESG sources are aligned for `start_year==2013`'.
Unable to parse line 36 'download_gics_data = False   # re-pull GICS from WRDS (False = read cached ./data/GICS/ csv)'.
Unable to parse line 41 'if esg_choice == "refinitiv":'.
Unable to parse line 45 'if esg_choice == "msci":'.
Unable to parse line 49 'if esg_choice == "s&p":'.
Unable to parse line 64 'industry_level = 0 # 0 = map to larger groups, 1 = GICS_level_1, 2 = GICS_level_2'.
Passed unknown parameter: fama_factors_currency
Passed unknown parameter: industry_level
Passed unknown parameter: sweep_mode
Passed unknown parameter: sweep_run_id
Passed unknown parameter: sweep_out_dir
  !! run US_Sweep_Behaviours_0065 FAILED: output folder /Users/cbruce1/Documents/GitHub/fund_analysis/output/SWEEP_US_Sweep_Behaviours/executed_notebooks doesn't exist.
Unable to parse line 10 'fama_factors_currency = "JPY"   # "USD" = US investor; "JPY" = Japanese investor'.
Unable to parse line 19 'start_year = 2018  # these ESG sources are aligned for `start_year==2013`'.
Unable to parse line 36 'download_gics_data = False   # re-pull GICS from WRDS (False = read cached ./data/GICS/ csv)'.
Unable to parse line 41 'if esg_choice == "refinitiv":'.
Unable to parse line 45 'if esg_choice == "msci":'.
Unable to parse line 49 'if esg_choice == "s&p":'.
Unable to parse line 64 'industry_level = 0 # 0 = map to larger groups, 1 = GICS_level_1, 2 = GICS_level_2'.
Passed unknown parameter: fama_factors_currency
Passed unknown parameter: industry_level
Passed unknown parameter: sweep_mode
Passed unknown parameter: sweep_run_id
Passed unknown parameter: sweep_out_dir
  !! run US_Sweep_Behaviours_0066 FAILED: output folder /Users/cbruce1/Documents/GitHub/fund_analysis/output/SWEEP_US_Sweep_Behaviours/executed_notebooks doesn't exist.
Unable to parse line 10 'fama_factors_currency = "JPY"   # "USD" = US investor; "JPY" = Japanese investor'.
Unable to parse line 19 'start_year = 2018  # these ESG sources are aligned for `start_year==2013`'.
Unable to parse line 36 'download_gics_data = False   # re-pull GICS from WRDS (False = read cached ./data/GICS/ csv)'.
Unable to parse line 41 'if esg_choice == "refinitiv":'.
Unable to parse line 45 'if esg_choice == "msci":'.
Unable to parse line 49 'if esg_choice == "s&p":'.
Unable to parse line 64 'industry_level = 0 # 0 = map to larger groups, 1 = GICS_level_1, 2 = GICS_level_2'.
Passed unknown parameter: fama_factors_currency
Passed unknown parameter: industry_level
Passed unknown parameter: sweep_mode
Passed unknown parameter: sweep_run_id
Passed unknown parameter: sweep_out_dir
  !! run US_Sweep_Behaviours_0067 FAILED: output folder /Users/cbruce1/Documents/GitHub/fund_analysis/output/SWEEP_US_Sweep_Behaviours/executed_notebooks doesn't exist.
Unable to parse line 10 'fama_factors_currency = "JPY"   # "USD" = US investor; "JPY" = Japanese investor'.
Unable to parse line 19 'start_year = 2018  # these ESG sources are aligned for `start_year==2013`'.
Unable to parse line 36 'download_gics_data = False   # re-pull GICS from WRDS (False = read cached ./data/GICS/ csv)'.
Unable to parse line 41 'if esg_choice == "refinitiv":'.
Unable to parse line 45 'if esg_choice == "msci":'.
Unable to parse line 49 'if esg_choice == "s&p":'.
Unable to parse line 64 'industry_level = 0 # 0 = map to larger groups, 1 = GICS_level_1, 2 = GICS_level_2'.
Passed unknown parameter: fama_factors_currency
Passed unknown parameter: industry_level
Passed unknown parameter: sweep_mode
Passed unknown parameter: sweep_run_id
Passed unknown parameter: sweep_out_dir
  !! run US_Sweep_Behaviours_0068 FAILED: output folder /Users/cbruce1/Documents/GitHub/fund_analysis/output/SWEEP_US_Sweep_Behaviours/executed_notebooks doesn't exist.
Unable to parse line 10 'fama_factors_currency = "JPY"   # "USD" = US investor; "JPY" = Japanese investor'.
Unable to parse line 19 'start_year = 2018  # these ESG sources are aligned for `start_year==2013`'.
Unable to parse line 36 'download_gics_data = False   # re-pull GICS from WRDS (False = read cached ./data/GICS/ csv)'.
Unable to parse line 41 'if esg_choice == "refinitiv":'.
Unable to parse line 45 'if esg_choice == "msci":'.
Unable to parse line 49 'if esg_choice == "s&p":'.
Unable to parse line 64 'industry_level = 0 # 0 = map to larger groups, 1 = GICS_level_1, 2 = GICS_level_2'.
Passed unknown parameter: fama_factors_currency
Passed unknown parameter: industry_level
Passed unknown parameter: sweep_mode
Passed unknown parameter: sweep_run_id
Passed unknown parameter: sweep_out_dir
  !! run US_Sweep_Behaviours_0069 FAILED: output folder /Users/cbruce1/Documents/GitHub/fund_analysis/output/SWEEP_US_Sweep_Behaviours/executed_notebooks doesn't exist.
Unable to parse line 10 'fama_factors_currency = "JPY"   # "USD" = US investor; "JPY" = Japanese investor'.
Unable to parse line 19 'start_year = 2018  # these ESG sources are aligned for `start_year==2013`'.
Unable to parse line 36 'download_gics_data = False   # re-pull GICS from WRDS (False = read cached ./data/GICS/ csv)'.
Unable to parse line 41 'if esg_choice == "refinitiv":'.
Unable to parse line 45 'if esg_choice == "msci":'.
Unable to parse line 49 'if esg_choice == "s&p":'.
Unable to parse line 64 'industry_level = 0 # 0 = map to larger groups, 1 = GICS_level_1, 2 = GICS_level_2'.
Passed unknown parameter: fama_factors_currency
Passed unknown parameter: industry_level
Passed unknown parameter: sweep_mode
Passed unknown parameter: sweep_run_id
Passed unknown parameter: sweep_out_dir
  !! run US_Sweep_Behaviours_0070 FAILED: output folder /Users/cbruce1/Documents/GitHub/fund_analysis/output/SWEEP_US_Sweep_Behaviours/executed_notebooks doesn't exist.
Unable to parse line 10 'fama_factors_currency = "JPY"   # "USD" = US investor; "JPY" = Japanese investor'.
Unable to parse line 19 'start_year = 2018  # these ESG sources are aligned for `start_year==2013`'.
Unable to parse line 36 'download_gics_data = False   # re-pull GICS from WRDS (False = read cached ./data/GICS/ csv)'.
Unable to parse line 41 'if esg_choice == "refinitiv":'.
Unable to parse line 45 'if esg_choice == "msci":'.
Unable to parse line 49 'if esg_choice == "s&p":'.
Unable to parse line 64 'industry_level = 0 # 0 = map to larger groups, 1 = GICS_level_1, 2 = GICS_level_2'.
Passed unknown parameter: fama_factors_currency
Passed unknown parameter: industry_level
Passed unknown parameter: sweep_mode
Passed unknown parameter: sweep_run_id
Passed unknown parameter: sweep_out_dir
  !! run US_Sweep_Behaviours_0071 FAILED: output folder /Users/cbruce1/Documents/GitHub/fund_analysis/output/SWEEP_US_Sweep_Behaviours/executed_notebooks doesn't exist.
Unable to parse line 10 'fama_factors_currency = "JPY"   # "USD" = US investor; "JPY" = Japanese investor'.
Unable to parse line 19 'start_year = 2018  # these ESG sources are aligned for `start_year==2013`'.
Unable to parse line 36 'download_gics_data = False   # re-pull GICS from WRDS (False = read cached ./data/GICS/ csv)'.
Unable to parse line 41 'if esg_choice == "refinitiv":'.
Unable to parse line 45 'if esg_choice == "msci":'.
Unable to parse line 49 'if esg_choice == "s&p":'.
Unable to parse line 64 'industry_level = 0 # 0 = map to larger groups, 1 = GICS_level_1, 2 = GICS_level_2'.
Passed unknown parameter: fama_factors_currency
Passed unknown parameter: industry_level
Passed unknown parameter: sweep_mode
Passed unknown parameter: sweep_run_id
Passed unknown parameter: sweep_out_dir
  !! run US_Sweep_Behaviours_0072 FAILED: output folder /Users/cbruce1/Documents/GitHub/fund_analysis/output/SWEEP_US_Sweep_Behaviours/executed_notebooks doesn't exist.
Unable to parse line 10 'fama_factors_currency = "JPY"   # "USD" = US investor; "JPY" = Japanese investor'.
Unable to parse line 19 'start_year = 2018  # these ESG sources are aligned for `start_year==2013`'.
Unable to parse line 36 'download_gics_data = False   # re-pull GICS from WRDS (False = read cached ./data/GICS/ csv)'.
Unable to parse line 41 'if esg_choice == "refinitiv":'.
Unable to parse line 45 'if esg_choice == "msci":'.
Unable to parse line 49 'if esg_choice == "s&p":'.
Unable to parse line 64 'industry_level = 0 # 0 = map to larger groups, 1 = GICS_level_1, 2 = GICS_level_2'.
Passed unknown parameter: fama_factors_currency
Passed unknown parameter: industry_level
Passed unknown parameter: sweep_mode
Passed unknown parameter: sweep_run_id
Passed unknown parameter: sweep_out_dir
  !! run US_Sweep_Behaviours_0073 FAILED: output folder /Users/cbruce1/Documents/GitHub/fund_analysis/output/SWEEP_US_Sweep_Behaviours/executed_notebooks doesn't exist.
Unable to parse line 10 'fama_factors_currency = "JPY"   # "USD" = US investor; "JPY" = Japanese investor'.
Unable to parse line 19 'start_year = 2018  # these ESG sources are aligned for `start_year==2013`'.
Unable to parse line 36 'download_gics_data = False   # re-pull GICS from WRDS (False = read cached ./data/GICS/ csv)'.
Unable to parse line 41 'if esg_choice == "refinitiv":'.
Unable to parse line 45 'if esg_choice == "msci":'.
Unable to parse line 49 'if esg_choice == "s&p":'.
Unable to parse line 64 'industry_level = 0 # 0 = map to larger groups, 1 = GICS_level_1, 2 = GICS_level_2'.
Passed unknown parameter: fama_factors_currency
Passed unknown parameter: industry_level
Passed unknown parameter: sweep_mode
Passed unknown parameter: sweep_run_id
Passed unknown parameter: sweep_out_dir
  !! run US_Sweep_Behaviours_0074 FAILED: output folder /Users/cbruce1/Documents/GitHub/fund_analysis/output/SWEEP_US_Sweep_Behaviours/executed_notebooks doesn't exist.
Unable to parse line 10 'fama_factors_currency = "JPY"   # "USD" = US investor; "JPY" = Japanese investor'.
Unable to parse line 19 'start_year = 2018  # these ESG sources are aligned for `start_year==2013`'.
Unable to parse line 36 'download_gics_data = False   # re-pull GICS from WRDS (False = read cached ./data/GICS/ csv)'.
Unable to parse line 41 'if esg_choice == "refinitiv":'.
Unable to parse line 45 'if esg_choice == "msci":'.
Unable to parse line 49 'if esg_choice == "s&p":'.
Unable to parse line 64 'industry_level = 0 # 0 = map to larger groups, 1 = GICS_level_1, 2 = GICS_level_2'.
Passed unknown parameter: fama_factors_currency
Passed unknown parameter: industry_level
Passed unknown parameter: sweep_mode
Passed unknown parameter: sweep_run_id
Passed unknown parameter: sweep_out_dir
  !! run US_Sweep_Behaviours_0075 FAILED: output folder /Users/cbruce1/Documents/GitHub/fund_analysis/output/SWEEP_US_Sweep_Behaviours/executed_notebooks doesn't exist.
Unable to parse line 10 'fama_factors_currency = "JPY"   # "USD" = US investor; "JPY" = Japanese investor'.
Unable to parse line 19 'start_year = 2018  # these ESG sources are aligned for `start_year==2013`'.
Unable to parse line 36 'download_gics_data = False   # re-pull GICS from WRDS (False = read cached ./data/GICS/ csv)'.
Unable to parse line 41 'if esg_choice == "refinitiv":'.
Unable to parse line 45 'if esg_choice == "msci":'.
Unable to parse line 49 'if esg_choice == "s&p":'.
Unable to parse line 64 'industry_level = 0 # 0 = map to larger groups, 1 = GICS_level_1, 2 = GICS_level_2'.
Passed unknown parameter: fama_factors_currency
Passed unknown parameter: industry_level
Passed unknown parameter: sweep_mode
Passed unknown parameter: sweep_run_id
Passed unknown parameter: sweep_out_dir
  !! run US_Sweep_Behaviours_0076 FAILED: output folder /Users/cbruce1/Documents/GitHub/fund_analysis/output/SWEEP_US_Sweep_Behaviours/executed_notebooks doesn't exist.
Unable to parse line 10 'fama_factors_currency = "JPY"   # "USD" = US investor; "JPY" = Japanese investor'.
Unable to parse line 19 'start_year = 2018  # these ESG sources are aligned for `start_year==2013`'.
Unable to parse line 36 'download_gics_data = False   # re-pull GICS from WRDS (False = read cached ./data/GICS/ csv)'.
Unable to parse line 41 'if esg_choice == "refinitiv":'.
Unable to parse line 45 'if esg_choice == "msci":'.
Unable to parse line 49 'if esg_choice == "s&p":'.
Unable to parse line 64 'industry_level = 0 # 0 = map to larger groups, 1 = GICS_level_1, 2 = GICS_level_2'.
Passed unknown parameter: fama_factors_currency
Passed unknown parameter: industry_level
Passed unknown parameter: sweep_mode
Passed unknown parameter: sweep_run_id
Passed unknown parameter: sweep_out_dir
  !! run US_Sweep_Behaviours_0077 FAILED: output folder /Users/cbruce1/Documents/GitHub/fund_analysis/output/SWEEP_US_Sweep_Behaviours/executed_notebooks doesn't exist.
Unable to parse line 10 'fama_factors_currency = "JPY"   # "USD" = US investor; "JPY" = Japanese investor'.
Unable to parse line 19 'start_year = 2018  # these ESG sources are aligned for `start_year==2013`'.
Unable to parse line 36 'download_gics_data = False   # re-pull GICS from WRDS (False = read cached ./data/GICS/ csv)'.
Unable to parse line 41 'if esg_choice == "refinitiv":'.
Unable to parse line 45 'if esg_choice == "msci":'.
Unable to parse line 49 'if esg_choice == "s&p":'.
Unable to parse line 64 'industry_level = 0 # 0 = map to larger groups, 1 = GICS_level_1, 2 = GICS_level_2'.
Passed unknown parameter: fama_factors_currency
Passed unknown parameter: industry_level
Passed unknown parameter: sweep_mode
Passed unknown parameter: sweep_run_id
Passed unknown parameter: sweep_out_dir
  !! run US_Sweep_Behaviours_0078 FAILED: output folder /Users/cbruce1/Documents/GitHub/fund_analysis/output/SWEEP_US_Sweep_Behaviours/executed_notebooks doesn't exist.
Unable to parse line 10 'fama_factors_currency = "JPY"   # "USD" = US investor; "JPY" = Japanese investor'.
Unable to parse line 19 'start_year = 2018  # these ESG sources are aligned for `start_year==2013`'.
Unable to parse line 36 'download_gics_data = False   # re-pull GICS from WRDS (False = read cached ./data/GICS/ csv)'.
Unable to parse line 41 'if esg_choice == "refinitiv":'.
Unable to parse line 45 'if esg_choice == "msci":'.
Unable to parse line 49 'if esg_choice == "s&p":'.
Unable to parse line 64 'industry_level = 0 # 0 = map to larger groups, 1 = GICS_level_1, 2 = GICS_level_2'.
Passed unknown parameter: fama_factors_currency
Passed unknown parameter: industry_level
Passed unknown parameter: sweep_mode
Passed unknown parameter: sweep_run_id
Passed unknown parameter: sweep_out_dir
  !! run US_Sweep_Behaviours_0079 FAILED: output folder /Users/cbruce1/Documents/GitHub/fund_analysis/output/SWEEP_US_Sweep_Behaviours/executed_notebooks doesn't exist.
Unable to parse line 10 'fama_factors_currency = "JPY"   # "USD" = US investor; "JPY" = Japanese investor'.
Unable to parse line 19 'start_year = 2018  # these ESG sources are aligned for `start_year==2013`'.
Unable to parse line 36 'download_gics_data = False   # re-pull GICS from WRDS (False = read cached ./data/GICS/ csv)'.
Unable to parse line 41 'if esg_choice == "refinitiv":'.
Unable to parse line 45 'if esg_choice == "msci":'.
Unable to parse line 49 'if esg_choice == "s&p":'.
Unable to parse line 64 'industry_level = 0 # 0 = map to larger groups, 1 = GICS_level_1, 2 = GICS_level_2'.
Passed unknown parameter: fama_factors_currency
Passed unknown parameter: industry_level
Passed unknown parameter: sweep_mode
Passed unknown parameter: sweep_run_id
Passed unknown parameter: sweep_out_dir
  !! run US_Sweep_Behaviours_0080 FAILED: output folder /Users/cbruce1/Documents/GitHub/fund_analysis/output/SWEEP_US_Sweep_Behaviours/executed_notebooks doesn't exist.
Unable to parse line 10 'fama_factors_currency = "JPY"   # "USD" = US investor; "JPY" = Japanese investor'.
Unable to parse line 19 'start_year = 2018  # these ESG sources are aligned for `start_year==2013`'.
Unable to parse line 36 'download_gics_data = False   # re-pull GICS from WRDS (False = read cached ./data/GICS/ csv)'.
Unable to parse line 41 'if esg_choice == "refinitiv":'.
Unable to parse line 45 'if esg_choice == "msci":'.
Unable to parse line 49 'if esg_choice == "s&p":'.
Unable to parse line 64 'industry_level = 0 # 0 = map to larger groups, 1 = GICS_level_1, 2 = GICS_level_2'.
Passed unknown parameter: fama_factors_currency
Passed unknown parameter: industry_level
Passed unknown parameter: sweep_mode
Passed unknown parameter: sweep_run_id
Passed unknown parameter: sweep_out_dir
  !! run US_Sweep_Behaviours_0081 FAILED: output folder /Users/cbruce1/Documents/GitHub/fund_analysis/output/SWEEP_US_Sweep_Behaviours/executed_notebooks doesn't exist.
Unable to parse line 10 'fama_factors_currency = "JPY"   # "USD" = US investor; "JPY" = Japanese investor'.
Unable to parse line 19 'start_year = 2018  # these ESG sources are aligned for `start_year==2013`'.
Unable to parse line 36 'download_gics_data = False   # re-pull GICS from WRDS (False = read cached ./data/GICS/ csv)'.
Unable to parse line 41 'if esg_choice == "refinitiv":'.
Unable to parse line 45 'if esg_choice == "msci":'.
Unable to parse line 49 'if esg_choice == "s&p":'.
Unable to parse line 64 'industry_level = 0 # 0 = map to larger groups, 1 = GICS_level_1, 2 = GICS_level_2'.
Passed unknown parameter: fama_factors_currency
Passed unknown parameter: industry_level
Passed unknown parameter: sweep_mode
Passed unknown parameter: sweep_run_id
Passed unknown parameter: sweep_out_dir
  !! run US_Sweep_Behaviours_0082 FAILED: output folder /Users/cbruce1/Documents/GitHub/fund_analysis/output/SWEEP_US_Sweep_Behaviours/executed_notebooks doesn't exist.
Unable to parse line 10 'fama_factors_currency = "JPY"   # "USD" = US investor; "JPY" = Japanese investor'.
Unable to parse line 19 'start_year = 2018  # these ESG sources are aligned for `start_year==2013`'.
Unable to parse line 36 'download_gics_data = False   # re-pull GICS from WRDS (False = read cached ./data/GICS/ csv)'.
Unable to parse line 41 'if esg_choice == "refinitiv":'.
Unable to parse line 45 'if esg_choice == "msci":'.
Unable to parse line 49 'if esg_choice == "s&p":'.
Unable to parse line 64 'industry_level = 0 # 0 = map to larger groups, 1 = GICS_level_1, 2 = GICS_level_2'.
Passed unknown parameter: fama_factors_currency
Passed unknown parameter: industry_level
Passed unknown parameter: sweep_mode
Passed unknown parameter: sweep_run_id
Passed unknown parameter: sweep_out_dir
  !! run US_Sweep_Behaviours_0083 FAILED: output folder /Users/cbruce1/Documents/GitHub/fund_analysis/output/SWEEP_US_Sweep_Behaviours/executed_notebooks doesn't exist.
Unable to parse line 10 'fama_factors_currency = "JPY"   # "USD" = US investor; "JPY" = Japanese investor'.
Unable to parse line 19 'start_year = 2018  # these ESG sources are aligned for `start_year==2013`'.
Unable to parse line 36 'download_gics_data = False   # re-pull GICS from WRDS (False = read cached ./data/GICS/ csv)'.
Unable to parse line 41 'if esg_choice == "refinitiv":'.
Unable to parse line 45 'if esg_choice == "msci":'.
Unable to parse line 49 'if esg_choice == "s&p":'.
Unable to parse line 64 'industry_level = 0 # 0 = map to larger groups, 1 = GICS_level_1, 2 = GICS_level_2'.
Passed unknown parameter: fama_factors_currency
Passed unknown parameter: industry_level
Passed unknown parameter: sweep_mode
Passed unknown parameter: sweep_run_id
Passed unknown parameter: sweep_out_dir
  !! run US_Sweep_Behaviours_0084 FAILED: output folder /Users/cbruce1/Documents/GitHub/fund_analysis/output/SWEEP_US_Sweep_Behaviours/executed_notebooks doesn't exist.
Unable to parse line 10 'fama_factors_currency = "JPY"   # "USD" = US investor; "JPY" = Japanese investor'.
Unable to parse line 19 'start_year = 2018  # these ESG sources are aligned for `start_year==2013`'.
Unable to parse line 36 'download_gics_data = False   # re-pull GICS from WRDS (False = read cached ./data/GICS/ csv)'.
Unable to parse line 41 'if esg_choice == "refinitiv":'.
Unable to parse line 45 'if esg_choice == "msci":'.
Unable to parse line 49 'if esg_choice == "s&p":'.
Unable to parse line 64 'industry_level = 0 # 0 = map to larger groups, 1 = GICS_level_1, 2 = GICS_level_2'.
Passed unknown parameter: fama_factors_currency
Passed unknown parameter: industry_level
Passed unknown parameter: sweep_mode
Passed unknown parameter: sweep_run_id
Passed unknown parameter: sweep_out_dir
  !! run US_Sweep_Behaviours_0085 FAILED: output folder /Users/cbruce1/Documents/GitHub/fund_analysis/output/SWEEP_US_Sweep_Behaviours/executed_notebooks doesn't exist.
Unable to parse line 10 'fama_factors_currency = "JPY"   # "USD" = US investor; "JPY" = Japanese investor'.
Unable to parse line 19 'start_year = 2018  # these ESG sources are aligned for `start_year==2013`'.
Unable to parse line 36 'download_gics_data = False   # re-pull GICS from WRDS (False = read cached ./data/GICS/ csv)'.
Unable to parse line 41 'if esg_choice == "refinitiv":'.
Unable to parse line 45 'if esg_choice == "msci":'.
Unable to parse line 49 'if esg_choice == "s&p":'.
Unable to parse line 64 'industry_level = 0 # 0 = map to larger groups, 1 = GICS_level_1, 2 = GICS_level_2'.
Passed unknown parameter: fama_factors_currency
Passed unknown parameter: industry_level
Passed unknown parameter: sweep_mode
Passed unknown parameter: sweep_run_id
Passed unknown parameter: sweep_out_dir
  !! run US_Sweep_Behaviours_0086 FAILED: output folder /Users/cbruce1/Documents/GitHub/fund_analysis/output/SWEEP_US_Sweep_Behaviours/executed_notebooks doesn't exist.
Unable to parse line 10 'fama_factors_currency = "JPY"   # "USD" = US investor; "JPY" = Japanese investor'.
Unable to parse line 19 'start_year = 2018  # these ESG sources are aligned for `start_year==2013`'.
Unable to parse line 36 'download_gics_data = False   # re-pull GICS from WRDS (False = read cached ./data/GICS/ csv)'.
Unable to parse line 41 'if esg_choice == "refinitiv":'.
Unable to parse line 45 'if esg_choice == "msci":'.
Unable to parse line 49 'if esg_choice == "s&p":'.
Unable to parse line 64 'industry_level = 0 # 0 = map to larger groups, 1 = GICS_level_1, 2 = GICS_level_2'.
Passed unknown parameter: fama_factors_currency
Passed unknown parameter: industry_level
Passed unknown parameter: sweep_mode
Passed unknown parameter: sweep_run_id
Passed unknown parameter: sweep_out_dir
  !! run US_Sweep_Behaviours_0087 FAILED: output folder /Users/cbruce1/Documents/GitHub/fund_analysis/output/SWEEP_US_Sweep_Behaviours/executed_notebooks doesn't exist.
Unable to parse line 10 'fama_factors_currency = "JPY"   # "USD" = US investor; "JPY" = Japanese investor'.
Unable to parse line 19 'start_year = 2018  # these ESG sources are aligned for `start_year==2013`'.
Unable to parse line 36 'download_gics_data = False   # re-pull GICS from WRDS (False = read cached ./data/GICS/ csv)'.
Unable to parse line 41 'if esg_choice == "refinitiv":'.
Unable to parse line 45 'if esg_choice == "msci":'.
Unable to parse line 49 'if esg_choice == "s&p":'.
Unable to parse line 64 'industry_level = 0 # 0 = map to larger groups, 1 = GICS_level_1, 2 = GICS_level_2'.
Passed unknown parameter: fama_factors_currency
Passed unknown parameter: industry_level
Passed unknown parameter: sweep_mode
Passed unknown parameter: sweep_run_id
Passed unknown parameter: sweep_out_dir
  !! run US_Sweep_Behaviours_0088 FAILED: output folder /Users/cbruce1/Documents/GitHub/fund_analysis/output/SWEEP_US_Sweep_Behaviours/executed_notebooks doesn't exist.
Unable to parse line 10 'fama_factors_currency = "JPY"   # "USD" = US investor; "JPY" = Japanese investor'.
Unable to parse line 19 'start_year = 2018  # these ESG sources are aligned for `start_year==2013`'.
Unable to parse line 36 'download_gics_data = False   # re-pull GICS from WRDS (False = read cached ./data/GICS/ csv)'.
Unable to parse line 41 'if esg_choice == "refinitiv":'.
Unable to parse line 45 'if esg_choice == "msci":'.
Unable to parse line 49 'if esg_choice == "s&p":'.
Unable to parse line 64 'industry_level = 0 # 0 = map to larger groups, 1 = GICS_level_1, 2 = GICS_level_2'.
Passed unknown parameter: fama_factors_currency
Passed unknown parameter: industry_level
Passed unknown parameter: sweep_mode
Passed unknown parameter: sweep_run_id
Passed unknown parameter: sweep_out_dir
  !! run US_Sweep_Behaviours_0089 FAILED: output folder /Users/cbruce1/Documents/GitHub/fund_analysis/output/SWEEP_US_Sweep_Behaviours/executed_notebooks doesn't exist.
Unable to parse line 10 'fama_factors_currency = "JPY"   # "USD" = US investor; "JPY" = Japanese investor'.
Unable to parse line 19 'start_year = 2018  # these ESG sources are aligned for `start_year==2013`'.
Unable to parse line 36 'download_gics_data = False   # re-pull GICS from WRDS (False = read cached ./data/GICS/ csv)'.
Unable to parse line 41 'if esg_choice == "refinitiv":'.
Unable to parse line 45 'if esg_choice == "msci":'.
Unable to parse line 49 'if esg_choice == "s&p":'.
Unable to parse line 64 'industry_level = 0 # 0 = map to larger groups, 1 = GICS_level_1, 2 = GICS_level_2'.
Passed unknown parameter: fama_factors_currency
Passed unknown parameter: industry_level
Passed unknown parameter: sweep_mode
Passed unknown parameter: sweep_run_id
Passed unknown parameter: sweep_out_dir
  !! run US_Sweep_Behaviours_0090 FAILED: output folder /Users/cbruce1/Documents/GitHub/fund_analysis/output/SWEEP_US_Sweep_Behaviours/executed_notebooks doesn't exist.
Unable to parse line 10 'fama_factors_currency = "JPY"   # "USD" = US investor; "JPY" = Japanese investor'.
Unable to parse line 19 'start_year = 2018  # these ESG sources are aligned for `start_year==2013`'.
Unable to parse line 36 'download_gics_data = False   # re-pull GICS from WRDS (False = read cached ./data/GICS/ csv)'.
Unable to parse line 41 'if esg_choice == "refinitiv":'.
Unable to parse line 45 'if esg_choice == "msci":'.
Unable to parse line 49 'if esg_choice == "s&p":'.
Unable to parse line 64 'industry_level = 0 # 0 = map to larger groups, 1 = GICS_level_1, 2 = GICS_level_2'.
Passed unknown parameter: fama_factors_currency
Passed unknown parameter: industry_level
Passed unknown parameter: sweep_mode
Passed unknown parameter: sweep_run_id
Passed unknown parameter: sweep_out_dir
  !! run US_Sweep_Behaviours_0091 FAILED: output folder /Users/cbruce1/Documents/GitHub/fund_analysis/output/SWEEP_US_Sweep_Behaviours/executed_notebooks doesn't exist.
Unable to parse line 10 'fama_factors_currency = "JPY"   # "USD" = US investor; "JPY" = Japanese investor'.
Unable to parse line 19 'start_year = 2018  # these ESG sources are aligned for `start_year==2013`'.
Unable to parse line 36 'download_gics_data = False   # re-pull GICS from WRDS (False = read cached ./data/GICS/ csv)'.
Unable to parse line 41 'if esg_choice == "refinitiv":'.
Unable to parse line 45 'if esg_choice == "msci":'.
Unable to parse line 49 'if esg_choice == "s&p":'.
Unable to parse line 64 'industry_level = 0 # 0 = map to larger groups, 1 = GICS_level_1, 2 = GICS_level_2'.
Passed unknown parameter: fama_factors_currency
Passed unknown parameter: industry_level
Passed unknown parameter: sweep_mode
Passed unknown parameter: sweep_run_id
Passed unknown parameter: sweep_out_dir
  !! run US_Sweep_Behaviours_0092 FAILED: output folder /Users/cbruce1/Documents/GitHub/fund_analysis/output/SWEEP_US_Sweep_Behaviours/executed_notebooks doesn't exist.
Unable to parse line 10 'fama_factors_currency = "JPY"   # "USD" = US investor; "JPY" = Japanese investor'.
Unable to parse line 19 'start_year = 2018  # these ESG sources are aligned for `start_year==2013`'.
Unable to parse line 36 'download_gics_data = False   # re-pull GICS from WRDS (False = read cached ./data/GICS/ csv)'.
Unable to parse line 41 'if esg_choice == "refinitiv":'.
Unable to parse line 45 'if esg_choice == "msci":'.
Unable to parse line 49 'if esg_choice == "s&p":'.
Unable to parse line 64 'industry_level = 0 # 0 = map to larger groups, 1 = GICS_level_1, 2 = GICS_level_2'.
Passed unknown parameter: fama_factors_currency
Passed unknown parameter: industry_level
Passed unknown parameter: sweep_mode
Passed unknown parameter: sweep_run_id
Passed unknown parameter: sweep_out_dir
  !! run US_Sweep_Behaviours_0093 FAILED: output folder /Users/cbruce1/Documents/GitHub/fund_analysis/output/SWEEP_US_Sweep_Behaviours/executed_notebooks doesn't exist.
Unable to parse line 10 'fama_factors_currency = "JPY"   # "USD" = US investor; "JPY" = Japanese investor'.
Unable to parse line 19 'start_year = 2018  # these ESG sources are aligned for `start_year==2013`'.
Unable to parse line 36 'download_gics_data = False   # re-pull GICS from WRDS (False = read cached ./data/GICS/ csv)'.
Unable to parse line 41 'if esg_choice == "refinitiv":'.
Unable to parse line 45 'if esg_choice == "msci":'.
Unable to parse line 49 'if esg_choice == "s&p":'.
Unable to parse line 64 'industry_level = 0 # 0 = map to larger groups, 1 = GICS_level_1, 2 = GICS_level_2'.
Passed unknown parameter: fama_factors_currency
Passed unknown parameter: industry_level
Passed unknown parameter: sweep_mode
Passed unknown parameter: sweep_run_id
Passed unknown parameter: sweep_out_dir
  !! run US_Sweep_Behaviours_0094 FAILED: output folder /Users/cbruce1/Documents/GitHub/fund_analysis/output/SWEEP_US_Sweep_Behaviours/executed_notebooks doesn't exist.
Unable to parse line 10 'fama_factors_currency = "JPY"   # "USD" = US investor; "JPY" = Japanese investor'.
Unable to parse line 19 'start_year = 2018  # these ESG sources are aligned for `start_year==2013`'.
Unable to parse line 36 'download_gics_data = False   # re-pull GICS from WRDS (False = read cached ./data/GICS/ csv)'.
Unable to parse line 41 'if esg_choice == "refinitiv":'.
Unable to parse line 45 'if esg_choice == "msci":'.
Unable to parse line 49 'if esg_choice == "s&p":'.
Unable to parse line 64 'industry_level = 0 # 0 = map to larger groups, 1 = GICS_level_1, 2 = GICS_level_2'.
Passed unknown parameter: fama_factors_currency
Passed unknown parameter: industry_level
Passed unknown parameter: sweep_mode
Passed unknown parameter: sweep_run_id
Passed unknown parameter: sweep_out_dir
  !! run US_Sweep_Behaviours_0095 FAILED: output folder /Users/cbruce1/Documents/GitHub/fund_analysis/output/SWEEP_US_Sweep_Behaviours/executed_notebooks doesn't exist.
Unable to parse line 10 'fama_factors_currency = "JPY"   # "USD" = US investor; "JPY" = Japanese investor'.
Unable to parse line 19 'start_year = 2018  # these ESG sources are aligned for `start_year==2013`'.
Unable to parse line 36 'download_gics_data = False   # re-pull GICS from WRDS (False = read cached ./data/GICS/ csv)'.
Unable to parse line 41 'if esg_choice == "refinitiv":'.
Unable to parse line 45 'if esg_choice == "msci":'.
Unable to parse line 49 'if esg_choice == "s&p":'.
Unable to parse line 64 'industry_level = 0 # 0 = map to larger groups, 1 = GICS_level_1, 2 = GICS_level_2'.
Passed unknown parameter: fama_factors_currency
Passed unknown parameter: industry_level
Passed unknown parameter: sweep_mode
Passed unknown parameter: sweep_run_id
Passed unknown parameter: sweep_out_dir
  !! run US_Sweep_Behaviours_0096 FAILED: output folder /Users/cbruce1/Documents/GitHub/fund_analysis/output/SWEEP_US_Sweep_Behaviours/executed_notebooks doesn't exist.
Unable to parse line 10 'fama_factors_currency = "JPY"   # "USD" = US investor; "JPY" = Japanese investor'.
Unable to parse line 19 'start_year = 2018  # these ESG sources are aligned for `start_year==2013`'.
Unable to parse line 36 'download_gics_data = False   # re-pull GICS from WRDS (False = read cached ./data/GICS/ csv)'.
Unable to parse line 41 'if esg_choice == "refinitiv":'.
Unable to parse line 45 'if esg_choice == "msci":'.
Unable to parse line 49 'if esg_choice == "s&p":'.
Unable to parse line 64 'industry_level = 0 # 0 = map to larger groups, 1 = GICS_level_1, 2 = GICS_level_2'.
Passed unknown parameter: fama_factors_currency
Passed unknown parameter: industry_level
Passed unknown parameter: sweep_mode
Passed unknown parameter: sweep_run_id
Passed unknown parameter: sweep_out_dir
  !! run US_Sweep_Behaviours_0097 FAILED: output folder /Users/cbruce1/Documents/GitHub/fund_analysis/output/SWEEP_US_Sweep_Behaviours/executed_notebooks doesn't exist.
Unable to parse line 10 'fama_factors_currency = "JPY"   # "USD" = US investor; "JPY" = Japanese investor'.
Unable to parse line 19 'start_year = 2018  # these ESG sources are aligned for `start_year==2013`'.
Unable to parse line 36 'download_gics_data = False   # re-pull GICS from WRDS (False = read cached ./data/GICS/ csv)'.
Unable to parse line 41 'if esg_choice == "refinitiv":'.
Unable to parse line 45 'if esg_choice == "msci":'.
Unable to parse line 49 'if esg_choice == "s&p":'.
Unable to parse line 64 'industry_level = 0 # 0 = map to larger groups, 1 = GICS_level_1, 2 = GICS_level_2'.
Passed unknown parameter: fama_factors_currency
Passed unknown parameter: industry_level
Passed unknown parameter: sweep_mode
Passed unknown parameter: sweep_run_id
Passed unknown parameter: sweep_out_dir
  !! run US_Sweep_Behaviours_0098 FAILED: output folder /Users/cbruce1/Documents/GitHub/fund_analysis/output/SWEEP_US_Sweep_Behaviours/executed_notebooks doesn't exist.
Unable to parse line 10 'fama_factors_currency = "JPY"   # "USD" = US investor; "JPY" = Japanese investor'.
Unable to parse line 19 'start_year = 2018  # these ESG sources are aligned for `start_year==2013`'.
Unable to parse line 36 'download_gics_data = False   # re-pull GICS from WRDS (False = read cached ./data/GICS/ csv)'.
Unable to parse line 41 'if esg_choice == "refinitiv":'.
Unable to parse line 45 'if esg_choice == "msci":'.
Unable to parse line 49 'if esg_choice == "s&p":'.
Unable to parse line 64 'industry_level = 0 # 0 = map to larger groups, 1 = GICS_level_1, 2 = GICS_level_2'.
Passed unknown parameter: fama_factors_currency
Passed unknown parameter: industry_level
Passed unknown parameter: sweep_mode
Passed unknown parameter: sweep_run_id
Passed unknown parameter: sweep_out_dir
  !! run US_Sweep_Behaviours_0099 FAILED: output folder /Users/cbruce1/Documents/GitHub/fund_analysis/output/SWEEP_US_Sweep_Behaviours/executed_notebooks doesn't exist.
Unable to parse line 10 'fama_factors_currency = "JPY"   # "USD" = US investor; "JPY" = Japanese investor'.
Unable to parse line 19 'start_year = 2018  # these ESG sources are aligned for `start_year==2013`'.
Unable to parse line 36 'download_gics_data = False   # re-pull GICS from WRDS (False = read cached ./data/GICS/ csv)'.
Unable to parse line 41 'if esg_choice == "refinitiv":'.
Unable to parse line 45 'if esg_choice == "msci":'.
Unable to parse line 49 'if esg_choice == "s&p":'.
Unable to parse line 64 'industry_level = 0 # 0 = map to larger groups, 1 = GICS_level_1, 2 = GICS_level_2'.
Passed unknown parameter: fama_factors_currency
Passed unknown parameter: industry_level
Passed unknown parameter: sweep_mode
Passed unknown parameter: sweep_run_id
Passed unknown parameter: sweep_out_dir
  !! run US_Sweep_Behaviours_0100 FAILED: output folder /Users/cbruce1/Documents/GitHub/fund_analysis/output/SWEEP_US_Sweep_Behaviours/executed_notebooks doesn't exist.
Unable to parse line 10 'fama_factors_currency = "JPY"   # "USD" = US investor; "JPY" = Japanese investor'.
Unable to parse line 19 'start_year = 2018  # these ESG sources are aligned for `start_year==2013`'.
Unable to parse line 36 'download_gics_data = False   # re-pull GICS from WRDS (False = read cached ./data/GICS/ csv)'.
Unable to parse line 41 'if esg_choice == "refinitiv":'.
Unable to parse line 45 'if esg_choice == "msci":'.
Unable to parse line 49 'if esg_choice == "s&p":'.
Unable to parse line 64 'industry_level = 0 # 0 = map to larger groups, 1 = GICS_level_1, 2 = GICS_level_2'.
Passed unknown parameter: fama_factors_currency
Passed unknown parameter: industry_level
Passed unknown parameter: sweep_mode
Passed unknown parameter: sweep_run_id
Passed unknown parameter: sweep_out_dir
  !! run US_Sweep_Behaviours_0101 FAILED: output folder /Users/cbruce1/Documents/GitHub/fund_analysis/output/SWEEP_US_Sweep_Behaviours/executed_notebooks doesn't exist.
Unable to parse line 10 'fama_factors_currency = "JPY"   # "USD" = US investor; "JPY" = Japanese investor'.
Unable to parse line 19 'start_year = 2018  # these ESG sources are aligned for `start_year==2013`'.
Unable to parse line 36 'download_gics_data = False   # re-pull GICS from WRDS (False = read cached ./data/GICS/ csv)'.
Unable to parse line 41 'if esg_choice == "refinitiv":'.
Unable to parse line 45 'if esg_choice == "msci":'.
Unable to parse line 49 'if esg_choice == "s&p":'.
Unable to parse line 64 'industry_level = 0 # 0 = map to larger groups, 1 = GICS_level_1, 2 = GICS_level_2'.
Passed unknown parameter: fama_factors_currency
Passed unknown parameter: industry_level
Passed unknown parameter: sweep_mode
Passed unknown parameter: sweep_run_id
Passed unknown parameter: sweep_out_dir
  !! run US_Sweep_Behaviours_0102 FAILED: output folder /Users/cbruce1/Documents/GitHub/fund_analysis/output/SWEEP_US_Sweep_Behaviours/executed_notebooks doesn't exist.
Unable to parse line 10 'fama_factors_currency = "JPY"   # "USD" = US investor; "JPY" = Japanese investor'.
Unable to parse line 19 'start_year = 2018  # these ESG sources are aligned for `start_year==2013`'.
Unable to parse line 36 'download_gics_data = False   # re-pull GICS from WRDS (False = read cached ./data/GICS/ csv)'.
Unable to parse line 41 'if esg_choice == "refinitiv":'.
Unable to parse line 45 'if esg_choice == "msci":'.
Unable to parse line 49 'if esg_choice == "s&p":'.
Unable to parse line 64 'industry_level = 0 # 0 = map to larger groups, 1 = GICS_level_1, 2 = GICS_level_2'.
Passed unknown parameter: fama_factors_currency
Passed unknown parameter: industry_level
Passed unknown parameter: sweep_mode
Passed unknown parameter: sweep_run_id
Passed unknown parameter: sweep_out_dir
  !! run US_Sweep_Behaviours_0103 FAILED: output folder /Users/cbruce1/Documents/GitHub/fund_analysis/output/SWEEP_US_Sweep_Behaviours/executed_notebooks doesn't exist.
Unable to parse line 10 'fama_factors_currency = "JPY"   # "USD" = US investor; "JPY" = Japanese investor'.
Unable to parse line 19 'start_year = 2018  # these ESG sources are aligned for `start_year==2013`'.
Unable to parse line 36 'download_gics_data = False   # re-pull GICS from WRDS (False = read cached ./data/GICS/ csv)'.
Unable to parse line 41 'if esg_choice == "refinitiv":'.
Unable to parse line 45 'if esg_choice == "msci":'.
Unable to parse line 49 'if esg_choice == "s&p":'.
Unable to parse line 64 'industry_level = 0 # 0 = map to larger groups, 1 = GICS_level_1, 2 = GICS_level_2'.
Passed unknown parameter: fama_factors_currency
Passed unknown parameter: industry_level
Passed unknown parameter: sweep_mode
Passed unknown parameter: sweep_run_id
Passed unknown parameter: sweep_out_dir
  !! run US_Sweep_Behaviours_0104 FAILED: output folder /Users/cbruce1/Documents/GitHub/fund_analysis/output/SWEEP_US_Sweep_Behaviours/executed_notebooks doesn't exist.
Unable to parse line 10 'fama_factors_currency = "JPY"   # "USD" = US investor; "JPY" = Japanese investor'.
Unable to parse line 19 'start_year = 2018  # these ESG sources are aligned for `start_year==2013`'.
Unable to parse line 36 'download_gics_data = False   # re-pull GICS from WRDS (False = read cached ./data/GICS/ csv)'.
Unable to parse line 41 'if esg_choice == "refinitiv":'.
Unable to parse line 45 'if esg_choice == "msci":'.
Unable to parse line 49 'if esg_choice == "s&p":'.
Unable to parse line 64 'industry_level = 0 # 0 = map to larger groups, 1 = GICS_level_1, 2 = GICS_level_2'.
Passed unknown parameter: fama_factors_currency
Passed unknown parameter: industry_level
Passed unknown parameter: sweep_mode
Passed unknown parameter: sweep_run_id
Passed unknown parameter: sweep_out_dir
  !! run US_Sweep_Behaviours_0105 FAILED: output folder /Users/cbruce1/Documents/GitHub/fund_analysis/output/SWEEP_US_Sweep_Behaviours/executed_notebooks doesn't exist.
Unable to parse line 10 'fama_factors_currency = "JPY"   # "USD" = US investor; "JPY" = Japanese investor'.
Unable to parse line 19 'start_year = 2018  # these ESG sources are aligned for `start_year==2013`'.
Unable to parse line 36 'download_gics_data = False   # re-pull GICS from WRDS (False = read cached ./data/GICS/ csv)'.
Unable to parse line 41 'if esg_choice == "refinitiv":'.
Unable to parse line 45 'if esg_choice == "msci":'.
Unable to parse line 49 'if esg_choice == "s&p":'.
Unable to parse line 64 'industry_level = 0 # 0 = map to larger groups, 1 = GICS_level_1, 2 = GICS_level_2'.
Passed unknown parameter: fama_factors_currency
Passed unknown parameter: industry_level
Passed unknown parameter: sweep_mode
Passed unknown parameter: sweep_run_id
Passed unknown parameter: sweep_out_dir
  !! run US_Sweep_Behaviours_0106 FAILED: output folder /Users/cbruce1/Documents/GitHub/fund_analysis/output/SWEEP_US_Sweep_Behaviours/executed_notebooks doesn't exist.
Unable to parse line 10 'fama_factors_currency = "JPY"   # "USD" = US investor; "JPY" = Japanese investor'.
Unable to parse line 19 'start_year = 2018  # these ESG sources are aligned for `start_year==2013`'.
Unable to parse line 36 'download_gics_data = False   # re-pull GICS from WRDS (False = read cached ./data/GICS/ csv)'.
Unable to parse line 41 'if esg_choice == "refinitiv":'.
Unable to parse line 45 'if esg_choice == "msci":'.
Unable to parse line 49 'if esg_choice == "s&p":'.
Unable to parse line 64 'industry_level = 0 # 0 = map to larger groups, 1 = GICS_level_1, 2 = GICS_level_2'.
Passed unknown parameter: fama_factors_currency
Passed unknown parameter: industry_level
Passed unknown parameter: sweep_mode
Passed unknown parameter: sweep_run_id
Passed unknown parameter: sweep_out_dir
  !! run US_Sweep_Behaviours_0107 FAILED: output folder /Users/cbruce1/Documents/GitHub/fund_analysis/output/SWEEP_US_Sweep_Behaviours/executed_notebooks doesn't exist.
Unable to parse line 10 'fama_factors_currency = "JPY"   # "USD" = US investor; "JPY" = Japanese investor'.
Unable to parse line 19 'start_year = 2018  # these ESG sources are aligned for `start_year==2013`'.
Unable to parse line 36 'download_gics_data = False   # re-pull GICS from WRDS (False = read cached ./data/GICS/ csv)'.
Unable to parse line 41 'if esg_choice == "refinitiv":'.
Unable to parse line 45 'if esg_choice == "msci":'.
Unable to parse line 49 'if esg_choice == "s&p":'.
Unable to parse line 64 'industry_level = 0 # 0 = map to larger groups, 1 = GICS_level_1, 2 = GICS_level_2'.
Passed unknown parameter: fama_factors_currency
Passed unknown parameter: industry_level
Passed unknown parameter: sweep_mode
Passed unknown parameter: sweep_run_id
Passed unknown parameter: sweep_out_dir
  !! run US_Sweep_Behaviours_0108 FAILED: output folder /Users/cbruce1/Documents/GitHub/fund_analysis/output/SWEEP_US_Sweep_Behaviours/executed_notebooks doesn't exist.
Unable to parse line 10 'fama_factors_currency = "JPY"   # "USD" = US investor; "JPY" = Japanese investor'.
Unable to parse line 19 'start_year = 2018  # these ESG sources are aligned for `start_year==2013`'.
Unable to parse line 36 'download_gics_data = False   # re-pull GICS from WRDS (False = read cached ./data/GICS/ csv)'.
Unable to parse line 41 'if esg_choice == "refinitiv":'.
Unable to parse line 45 'if esg_choice == "msci":'.
Unable to parse line 49 'if esg_choice == "s&p":'.
Unable to parse line 64 'industry_level = 0 # 0 = map to larger groups, 1 = GICS_level_1, 2 = GICS_level_2'.
Passed unknown parameter: fama_factors_currency
Passed unknown parameter: industry_level
Passed unknown parameter: sweep_mode
Passed unknown parameter: sweep_run_id
Passed unknown parameter: sweep_out_dir
  !! run US_Sweep_Behaviours_0109 FAILED: output folder /Users/cbruce1/Documents/GitHub/fund_analysis/output/SWEEP_US_Sweep_Behaviours/executed_notebooks doesn't exist.
Unable to parse line 10 'fama_factors_currency = "JPY"   # "USD" = US investor; "JPY" = Japanese investor'.
Unable to parse line 19 'start_year = 2018  # these ESG sources are aligned for `start_year==2013`'.
Unable to parse line 36 'download_gics_data = False   # re-pull GICS from WRDS (False = read cached ./data/GICS/ csv)'.
Unable to parse line 41 'if esg_choice == "refinitiv":'.
Unable to parse line 45 'if esg_choice == "msci":'.
Unable to parse line 49 'if esg_choice == "s&p":'.
Unable to parse line 64 'industry_level = 0 # 0 = map to larger groups, 1 = GICS_level_1, 2 = GICS_level_2'.
Passed unknown parameter: fama_factors_currency
Passed unknown parameter: industry_level
Passed unknown parameter: sweep_mode
Passed unknown parameter: sweep_run_id
Passed unknown parameter: sweep_out_dir
  !! run US_Sweep_Behaviours_0110 FAILED: output folder /Users/cbruce1/Documents/GitHub/fund_analysis/output/SWEEP_US_Sweep_Behaviours/executed_notebooks doesn't exist.
Unable to parse line 10 'fama_factors_currency = "JPY"   # "USD" = US investor; "JPY" = Japanese investor'.
Unable to parse line 19 'start_year = 2018  # these ESG sources are aligned for `start_year==2013`'.
Unable to parse line 36 'download_gics_data = False   # re-pull GICS from WRDS (False = read cached ./data/GICS/ csv)'.
Unable to parse line 41 'if esg_choice == "refinitiv":'.
Unable to parse line 45 'if esg_choice == "msci":'.
Unable to parse line 49 'if esg_choice == "s&p":'.
Unable to parse line 64 'industry_level = 0 # 0 = map to larger groups, 1 = GICS_level_1, 2 = GICS_level_2'.
Passed unknown parameter: fama_factors_currency
Passed unknown parameter: industry_level
Passed unknown parameter: sweep_mode
Passed unknown parameter: sweep_run_id
Passed unknown parameter: sweep_out_dir
  !! run US_Sweep_Behaviours_0111 FAILED: output folder /Users/cbruce1/Documents/GitHub/fund_analysis/output/SWEEP_US_Sweep_Behaviours/executed_notebooks doesn't exist.
Unable to parse line 10 'fama_factors_currency = "JPY"   # "USD" = US investor; "JPY" = Japanese investor'.
Unable to parse line 19 'start_year = 2018  # these ESG sources are aligned for `start_year==2013`'.
Unable to parse line 36 'download_gics_data = False   # re-pull GICS from WRDS (False = read cached ./data/GICS/ csv)'.
Unable to parse line 41 'if esg_choice == "refinitiv":'.
Unable to parse line 45 'if esg_choice == "msci":'.
Unable to parse line 49 'if esg_choice == "s&p":'.
Unable to parse line 64 'industry_level = 0 # 0 = map to larger groups, 1 = GICS_level_1, 2 = GICS_level_2'.
Passed unknown parameter: fama_factors_currency
Passed unknown parameter: industry_level
Passed unknown parameter: sweep_mode
Passed unknown parameter: sweep_run_id
Passed unknown parameter: sweep_out_dir
  !! run US_Sweep_Behaviours_0112 FAILED: output folder /Users/cbruce1/Documents/GitHub/fund_analysis/output/SWEEP_US_Sweep_Behaviours/executed_notebooks doesn't exist.
Unable to parse line 10 'fama_factors_currency = "JPY"   # "USD" = US investor; "JPY" = Japanese investor'.
Unable to parse line 19 'start_year = 2018  # these ESG sources are aligned for `start_year==2013`'.
Unable to parse line 36 'download_gics_data = False   # re-pull GICS from WRDS (False = read cached ./data/GICS/ csv)'.
Unable to parse line 41 'if esg_choice == "refinitiv":'.
Unable to parse line 45 'if esg_choice == "msci":'.
Unable to parse line 49 'if esg_choice == "s&p":'.
Unable to parse line 64 'industry_level = 0 # 0 = map to larger groups, 1 = GICS_level_1, 2 = GICS_level_2'.
Passed unknown parameter: fama_factors_currency
Passed unknown parameter: industry_level
Passed unknown parameter: sweep_mode
Passed unknown parameter: sweep_run_id
Passed unknown parameter: sweep_out_dir
  !! run US_Sweep_Behaviours_0113 FAILED: output folder /Users/cbruce1/Documents/GitHub/fund_analysis/output/SWEEP_US_Sweep_Behaviours/executed_notebooks doesn't exist.
Unable to parse line 10 'fama_factors_currency = "JPY"   # "USD" = US investor; "JPY" = Japanese investor'.
Unable to parse line 19 'start_year = 2018  # these ESG sources are aligned for `start_year==2013`'.
Unable to parse line 36 'download_gics_data = False   # re-pull GICS from WRDS (False = read cached ./data/GICS/ csv)'.
Unable to parse line 41 'if esg_choice == "refinitiv":'.
Unable to parse line 45 'if esg_choice == "msci":'.
Unable to parse line 49 'if esg_choice == "s&p":'.
Unable to parse line 64 'industry_level = 0 # 0 = map to larger groups, 1 = GICS_level_1, 2 = GICS_level_2'.
Passed unknown parameter: fama_factors_currency
Passed unknown parameter: industry_level
Passed unknown parameter: sweep_mode
Passed unknown parameter: sweep_run_id
Passed unknown parameter: sweep_out_dir
  !! run US_Sweep_Behaviours_0114 FAILED: output folder /Users/cbruce1/Documents/GitHub/fund_analysis/output/SWEEP_US_Sweep_Behaviours/executed_notebooks doesn't exist.
Unable to parse line 10 'fama_factors_currency = "JPY"   # "USD" = US investor; "JPY" = Japanese investor'.
Unable to parse line 19 'start_year = 2018  # these ESG sources are aligned for `start_year==2013`'.
Unable to parse line 36 'download_gics_data = False   # re-pull GICS from WRDS (False = read cached ./data/GICS/ csv)'.
Unable to parse line 41 'if esg_choice == "refinitiv":'.
Unable to parse line 45 'if esg_choice == "msci":'.
Unable to parse line 49 'if esg_choice == "s&p":'.
Unable to parse line 64 'industry_level = 0 # 0 = map to larger groups, 1 = GICS_level_1, 2 = GICS_level_2'.
Passed unknown parameter: fama_factors_currency
Passed unknown parameter: industry_level
Passed unknown parameter: sweep_mode
Passed unknown parameter: sweep_run_id
Passed unknown parameter: sweep_out_dir
  !! run US_Sweep_Behaviours_0115 FAILED: output folder /Users/cbruce1/Documents/GitHub/fund_analysis/output/SWEEP_US_Sweep_Behaviours/executed_notebooks doesn't exist.
Unable to parse line 10 'fama_factors_currency = "JPY"   # "USD" = US investor; "JPY" = Japanese investor'.
Unable to parse line 19 'start_year = 2018  # these ESG sources are aligned for `start_year==2013`'.
Unable to parse line 36 'download_gics_data = False   # re-pull GICS from WRDS (False = read cached ./data/GICS/ csv)'.
Unable to parse line 41 'if esg_choice == "refinitiv":'.
Unable to parse line 45 'if esg_choice == "msci":'.
Unable to parse line 49 'if esg_choice == "s&p":'.
Unable to parse line 64 'industry_level = 0 # 0 = map to larger groups, 1 = GICS_level_1, 2 = GICS_level_2'.
Passed unknown parameter: fama_factors_currency
Passed unknown parameter: industry_level
Passed unknown parameter: sweep_mode
Passed unknown parameter: sweep_run_id
Passed unknown parameter: sweep_out_dir
  !! run US_Sweep_Behaviours_0116 FAILED: output folder /Users/cbruce1/Documents/GitHub/fund_analysis/output/SWEEP_US_Sweep_Behaviours/executed_notebooks doesn't exist.
Unable to parse line 10 'fama_factors_currency = "JPY"   # "USD" = US investor; "JPY" = Japanese investor'.
Unable to parse line 19 'start_year = 2018  # these ESG sources are aligned for `start_year==2013`'.
Unable to parse line 36 'download_gics_data = False   # re-pull GICS from WRDS (False = read cached ./data/GICS/ csv)'.
Unable to parse line 41 'if esg_choice == "refinitiv":'.
Unable to parse line 45 'if esg_choice == "msci":'.
Unable to parse line 49 'if esg_choice == "s&p":'.
Unable to parse line 64 'industry_level = 0 # 0 = map to larger groups, 1 = GICS_level_1, 2 = GICS_level_2'.
Passed unknown parameter: fama_factors_currency
Passed unknown parameter: industry_level
Passed unknown parameter: sweep_mode
Passed unknown parameter: sweep_run_id
Passed unknown parameter: sweep_out_dir
  !! run US_Sweep_Behaviours_0117 FAILED: output folder /Users/cbruce1/Documents/GitHub/fund_analysis/output/SWEEP_US_Sweep_Behaviours/executed_notebooks doesn't exist.
Unable to parse line 10 'fama_factors_currency = "JPY"   # "USD" = US investor; "JPY" = Japanese investor'.
Unable to parse line 19 'start_year = 2018  # these ESG sources are aligned for `start_year==2013`'.
Unable to parse line 36 'download_gics_data = False   # re-pull GICS from WRDS (False = read cached ./data/GICS/ csv)'.
Unable to parse line 41 'if esg_choice == "refinitiv":'.
Unable to parse line 45 'if esg_choice == "msci":'.
Unable to parse line 49 'if esg_choice == "s&p":'.
Unable to parse line 64 'industry_level = 0 # 0 = map to larger groups, 1 = GICS_level_1, 2 = GICS_level_2'.
Passed unknown parameter: fama_factors_currency
Passed unknown parameter: industry_level
Passed unknown parameter: sweep_mode
Passed unknown parameter: sweep_run_id
Passed unknown parameter: sweep_out_dir
  !! run US_Sweep_Behaviours_0118 FAILED: output folder /Users/cbruce1/Documents/GitHub/fund_analysis/output/SWEEP_US_Sweep_Behaviours/executed_notebooks doesn't exist.
Unable to parse line 10 'fama_factors_currency = "JPY"   # "USD" = US investor; "JPY" = Japanese investor'.
Unable to parse line 19 'start_year = 2018  # these ESG sources are aligned for `start_year==2013`'.
Unable to parse line 36 'download_gics_data = False   # re-pull GICS from WRDS (False = read cached ./data/GICS/ csv)'.
Unable to parse line 41 'if esg_choice == "refinitiv":'.
Unable to parse line 45 'if esg_choice == "msci":'.
Unable to parse line 49 'if esg_choice == "s&p":'.
Unable to parse line 64 'industry_level = 0 # 0 = map to larger groups, 1 = GICS_level_1, 2 = GICS_level_2'.
Passed unknown parameter: fama_factors_currency
Passed unknown parameter: industry_level
Passed unknown parameter: sweep_mode
Passed unknown parameter: sweep_run_id
Passed unknown parameter: sweep_out_dir
  !! run US_Sweep_Behaviours_0119 FAILED: output folder /Users/cbruce1/Documents/GitHub/fund_analysis/output/SWEEP_US_Sweep_Behaviours/executed_notebooks doesn't exist.
Unable to parse line 10 'fama_factors_currency = "JPY"   # "USD" = US investor; "JPY" = Japanese investor'.
Unable to parse line 19 'start_year = 2018  # these ESG sources are aligned for `start_year==2013`'.
Unable to parse line 36 'download_gics_data = False   # re-pull GICS from WRDS (False = read cached ./data/GICS/ csv)'.
Unable to parse line 41 'if esg_choice == "refinitiv":'.
Unable to parse line 45 'if esg_choice == "msci":'.
Unable to parse line 49 'if esg_choice == "s&p":'.
Unable to parse line 64 'industry_level = 0 # 0 = map to larger groups, 1 = GICS_level_1, 2 = GICS_level_2'.
Passed unknown parameter: fama_factors_currency
Passed unknown parameter: industry_level
Passed unknown parameter: sweep_mode
Passed unknown parameter: sweep_run_id
Passed unknown parameter: sweep_out_dir
  !! run US_Sweep_Behaviours_0120 FAILED: output folder /Users/cbruce1/Documents/GitHub/fund_analysis/output/SWEEP_US_Sweep_Behaviours/executed_notebooks doesn't exist.
Unable to parse line 10 'fama_factors_currency = "JPY"   # "USD" = US investor; "JPY" = Japanese investor'.
Unable to parse line 19 'start_year = 2018  # these ESG sources are aligned for `start_year==2013`'.
Unable to parse line 36 'download_gics_data = False   # re-pull GICS from WRDS (False = read cached ./data/GICS/ csv)'.
Unable to parse line 41 'if esg_choice == "refinitiv":'.
Unable to parse line 45 'if esg_choice == "msci":'.
Unable to parse line 49 'if esg_choice == "s&p":'.
Unable to parse line 64 'industry_level = 0 # 0 = map to larger groups, 1 = GICS_level_1, 2 = GICS_level_2'.
Passed unknown parameter: fama_factors_currency
Passed unknown parameter: industry_level
Passed unknown parameter: sweep_mode
Passed unknown parameter: sweep_run_id
Passed unknown parameter: sweep_out_dir
  !! run US_Sweep_Behaviours_0121 FAILED: output folder /Users/cbruce1/Documents/GitHub/fund_analysis/output/SWEEP_US_Sweep_Behaviours/executed_notebooks doesn't exist.
Unable to parse line 10 'fama_factors_currency = "JPY"   # "USD" = US investor; "JPY" = Japanese investor'.
Unable to parse line 19 'start_year = 2018  # these ESG sources are aligned for `start_year==2013`'.
Unable to parse line 36 'download_gics_data = False   # re-pull GICS from WRDS (False = read cached ./data/GICS/ csv)'.
Unable to parse line 41 'if esg_choice == "refinitiv":'.
Unable to parse line 45 'if esg_choice == "msci":'.
Unable to parse line 49 'if esg_choice == "s&p":'.
Unable to parse line 64 'industry_level = 0 # 0 = map to larger groups, 1 = GICS_level_1, 2 = GICS_level_2'.
Passed unknown parameter: fama_factors_currency
Passed unknown parameter: industry_level
Passed unknown parameter: sweep_mode
Passed unknown parameter: sweep_run_id
Passed unknown parameter: sweep_out_dir
  !! run US_Sweep_Behaviours_0122 FAILED: output folder /Users/cbruce1/Documents/GitHub/fund_analysis/output/SWEEP_US_Sweep_Behaviours/executed_notebooks doesn't exist.
Unable to parse line 10 'fama_factors_currency = "JPY"   # "USD" = US investor; "JPY" = Japanese investor'.
Unable to parse line 19 'start_year = 2018  # these ESG sources are aligned for `start_year==2013`'.
Unable to parse line 36 'download_gics_data = False   # re-pull GICS from WRDS (False = read cached ./data/GICS/ csv)'.
Unable to parse line 41 'if esg_choice == "refinitiv":'.
Unable to parse line 45 'if esg_choice == "msci":'.
Unable to parse line 49 'if esg_choice == "s&p":'.
Unable to parse line 64 'industry_level = 0 # 0 = map to larger groups, 1 = GICS_level_1, 2 = GICS_level_2'.
Passed unknown parameter: fama_factors_currency
Passed unknown parameter: industry_level
Passed unknown parameter: sweep_mode
Passed unknown parameter: sweep_run_id
Passed unknown parameter: sweep_out_dir
  !! run US_Sweep_Behaviours_0123 FAILED: output folder /Users/cbruce1/Documents/GitHub/fund_analysis/output/SWEEP_US_Sweep_Behaviours/executed_notebooks doesn't exist.
Unable to parse line 10 'fama_factors_currency = "JPY"   # "USD" = US investor; "JPY" = Japanese investor'.
Unable to parse line 19 'start_year = 2018  # these ESG sources are aligned for `start_year==2013`'.
Unable to parse line 36 'download_gics_data = False   # re-pull GICS from WRDS (False = read cached ./data/GICS/ csv)'.
Unable to parse line 41 'if esg_choice == "refinitiv":'.
Unable to parse line 45 'if esg_choice == "msci":'.
Unable to parse line 49 'if esg_choice == "s&p":'.
Unable to parse line 64 'industry_level = 0 # 0 = map to larger groups, 1 = GICS_level_1, 2 = GICS_level_2'.
Passed unknown parameter: fama_factors_currency
Passed unknown parameter: industry_level
Passed unknown parameter: sweep_mode
Passed unknown parameter: sweep_run_id
Passed unknown parameter: sweep_out_dir
  !! run US_Sweep_Behaviours_0124 FAILED: output folder /Users/cbruce1/Documents/GitHub/fund_analysis/output/SWEEP_US_Sweep_Behaviours/executed_notebooks doesn't exist.
Unable to parse line 10 'fama_factors_currency = "JPY"   # "USD" = US investor; "JPY" = Japanese investor'.
Unable to parse line 19 'start_year = 2018  # these ESG sources are aligned for `start_year==2013`'.
Unable to parse line 36 'download_gics_data = False   # re-pull GICS from WRDS (False = read cached ./data/GICS/ csv)'.
Unable to parse line 41 'if esg_choice == "refinitiv":'.
Unable to parse line 45 'if esg_choice == "msci":'.
Unable to parse line 49 'if esg_choice == "s&p":'.
Unable to parse line 64 'industry_level = 0 # 0 = map to larger groups, 1 = GICS_level_1, 2 = GICS_level_2'.
Passed unknown parameter: fama_factors_currency
Passed unknown parameter: industry_level
Passed unknown parameter: sweep_mode
Passed unknown parameter: sweep_run_id
Passed unknown parameter: sweep_out_dir
  !! run US_Sweep_Behaviours_0125 FAILED: output folder /Users/cbruce1/Documents/GitHub/fund_analysis/output/SWEEP_US_Sweep_Behaviours/executed_notebooks doesn't exist.
Unable to parse line 10 'fama_factors_currency = "JPY"   # "USD" = US investor; "JPY" = Japanese investor'.
Unable to parse line 19 'start_year = 2018  # these ESG sources are aligned for `start_year==2013`'.
Unable to parse line 36 'download_gics_data = False   # re-pull GICS from WRDS (False = read cached ./data/GICS/ csv)'.
Unable to parse line 41 'if esg_choice == "refinitiv":'.
Unable to parse line 45 'if esg_choice == "msci":'.
Unable to parse line 49 'if esg_choice == "s&p":'.
Unable to parse line 64 'industry_level = 0 # 0 = map to larger groups, 1 = GICS_level_1, 2 = GICS_level_2'.
Passed unknown parameter: fama_factors_currency
Passed unknown parameter: industry_level
Passed unknown parameter: sweep_mode
Passed unknown parameter: sweep_run_id
Passed unknown parameter: sweep_out_dir
  !! run US_Sweep_Behaviours_0126 FAILED: output folder /Users/cbruce1/Documents/GitHub/fund_analysis/output/SWEEP_US_Sweep_Behaviours/executed_notebooks doesn't exist.
Unable to parse line 10 'fama_factors_currency = "JPY"   # "USD" = US investor; "JPY" = Japanese investor'.
Unable to parse line 19 'start_year = 2018  # these ESG sources are aligned for `start_year==2013`'.
Unable to parse line 36 'download_gics_data = False   # re-pull GICS from WRDS (False = read cached ./data/GICS/ csv)'.
Unable to parse line 41 'if esg_choice == "refinitiv":'.
Unable to parse line 45 'if esg_choice == "msci":'.
Unable to parse line 49 'if esg_choice == "s&p":'.
Unable to parse line 64 'industry_level = 0 # 0 = map to larger groups, 1 = GICS_level_1, 2 = GICS_level_2'.
Passed unknown parameter: fama_factors_currency
Passed unknown parameter: industry_level
Passed unknown parameter: sweep_mode
Passed unknown parameter: sweep_run_id
Passed unknown parameter: sweep_out_dir
  !! run US_Sweep_Behaviours_0127 FAILED: output folder /Users/cbruce1/Documents/GitHub/fund_analysis/output/SWEEP_US_Sweep_Behaviours/executed_notebooks doesn't exist.
Unable to parse line 10 'fama_factors_currency = "JPY"   # "USD" = US investor; "JPY" = Japanese investor'.
Unable to parse line 19 'start_year = 2018  # these ESG sources are aligned for `start_year==2013`'.
Unable to parse line 36 'download_gics_data = False   # re-pull GICS from WRDS (False = read cached ./data/GICS/ csv)'.
Unable to parse line 41 'if esg_choice == "refinitiv":'.
Unable to parse line 45 'if esg_choice == "msci":'.
Unable to parse line 49 'if esg_choice == "s&p":'.
Unable to parse line 64 'industry_level = 0 # 0 = map to larger groups, 1 = GICS_level_1, 2 = GICS_level_2'.
Passed unknown parameter: fama_factors_currency
Passed unknown parameter: industry_level
Passed unknown parameter: sweep_mode
Passed unknown parameter: sweep_run_id
Passed unknown parameter: sweep_out_dir
  !! run US_Sweep_Behaviours_0128 FAILED: output folder /Users/cbruce1/Documents/GitHub/fund_analysis/output/SWEEP_US_Sweep_Behaviours/executed_notebooks doesn't exist.
Unable to parse line 10 'fama_factors_currency = "JPY"   # "USD" = US investor; "JPY" = Japanese investor'.
Unable to parse line 19 'start_year = 2018  # these ESG sources are aligned for `start_year==2013`'.
Unable to parse line 36 'download_gics_data = False   # re-pull GICS from WRDS (False = read cached ./data/GICS/ csv)'.
Unable to parse line 41 'if esg_choice == "refinitiv":'.
Unable to parse line 45 'if esg_choice == "msci":'.
Unable to parse line 49 'if esg_choice == "s&p":'.
Unable to parse line 64 'industry_level = 0 # 0 = map to larger groups, 1 = GICS_level_1, 2 = GICS_level_2'.
Passed unknown parameter: fama_factors_currency
Passed unknown parameter: industry_level
Passed unknown parameter: sweep_mode
Passed unknown parameter: sweep_run_id
Passed unknown parameter: sweep_out_dir
  !! run US_Sweep_Behaviours_0129 FAILED: output folder /Users/cbruce1/Documents/GitHub/fund_analysis/output/SWEEP_US_Sweep_Behaviours/executed_notebooks doesn't exist.
Unable to parse line 10 'fama_factors_currency = "JPY"   # "USD" = US investor; "JPY" = Japanese investor'.
Unable to parse line 19 'start_year = 2018  # these ESG sources are aligned for `start_year==2013`'.
Unable to parse line 36 'download_gics_data = False   # re-pull GICS from WRDS (False = read cached ./data/GICS/ csv)'.
Unable to parse line 41 'if esg_choice == "refinitiv":'.
Unable to parse line 45 'if esg_choice == "msci":'.
Unable to parse line 49 'if esg_choice == "s&p":'.
Unable to parse line 64 'industry_level = 0 # 0 = map to larger groups, 1 = GICS_level_1, 2 = GICS_level_2'.
Passed unknown parameter: fama_factors_currency
Passed unknown parameter: industry_level
Passed unknown parameter: sweep_mode
Passed unknown parameter: sweep_run_id
Passed unknown parameter: sweep_out_dir
  !! run US_Sweep_Behaviours_0130 FAILED: output folder /Users/cbruce1/Documents/GitHub/fund_analysis/output/SWEEP_US_Sweep_Behaviours/executed_notebooks doesn't exist.
Unable to parse line 10 'fama_factors_currency = "JPY"   # "USD" = US investor; "JPY" = Japanese investor'.
Unable to parse line 19 'start_year = 2018  # these ESG sources are aligned for `start_year==2013`'.
Unable to parse line 36 'download_gics_data = False   # re-pull GICS from WRDS (False = read cached ./data/GICS/ csv)'.
Unable to parse line 41 'if esg_choice == "refinitiv":'.
Unable to parse line 45 'if esg_choice == "msci":'.
Unable to parse line 49 'if esg_choice == "s&p":'.
Unable to parse line 64 'industry_level = 0 # 0 = map to larger groups, 1 = GICS_level_1, 2 = GICS_level_2'.
Passed unknown parameter: fama_factors_currency
Passed unknown parameter: industry_level
Passed unknown parameter: sweep_mode
Passed unknown parameter: sweep_run_id
Passed unknown parameter: sweep_out_dir
  !! run US_Sweep_Behaviours_0131 FAILED: output folder /Users/cbruce1/Documents/GitHub/fund_analysis/output/SWEEP_US_Sweep_Behaviours/executed_notebooks doesn't exist.
Unable to parse line 10 'fama_factors_currency = "JPY"   # "USD" = US investor; "JPY" = Japanese investor'.
Unable to parse line 19 'start_year = 2018  # these ESG sources are aligned for `start_year==2013`'.
Unable to parse line 36 'download_gics_data = False   # re-pull GICS from WRDS (False = read cached ./data/GICS/ csv)'.
Unable to parse line 41 'if esg_choice == "refinitiv":'.
Unable to parse line 45 'if esg_choice == "msci":'.
Unable to parse line 49 'if esg_choice == "s&p":'.
Unable to parse line 64 'industry_level = 0 # 0 = map to larger groups, 1 = GICS_level_1, 2 = GICS_level_2'.
Passed unknown parameter: fama_factors_currency
Passed unknown parameter: industry_level
Passed unknown parameter: sweep_mode
Passed unknown parameter: sweep_run_id
Passed unknown parameter: sweep_out_dir
  !! run US_Sweep_Behaviours_0132 FAILED: output folder /Users/cbruce1/Documents/GitHub/fund_analysis/output/SWEEP_US_Sweep_Behaviours/executed_notebooks doesn't exist.
Unable to parse line 10 'fama_factors_currency = "JPY"   # "USD" = US investor; "JPY" = Japanese investor'.
Unable to parse line 19 'start_year = 2018  # these ESG sources are aligned for `start_year==2013`'.
Unable to parse line 36 'download_gics_data = False   # re-pull GICS from WRDS (False = read cached ./data/GICS/ csv)'.
Unable to parse line 41 'if esg_choice == "refinitiv":'.
Unable to parse line 45 'if esg_choice == "msci":'.
Unable to parse line 49 'if esg_choice == "s&p":'.
Unable to parse line 64 'industry_level = 0 # 0 = map to larger groups, 1 = GICS_level_1, 2 = GICS_level_2'.
Passed unknown parameter: fama_factors_currency
Passed unknown parameter: industry_level
Passed unknown parameter: sweep_mode
Passed unknown parameter: sweep_run_id
Passed unknown parameter: sweep_out_dir
  !! run US_Sweep_Behaviours_0133 FAILED: output folder /Users/cbruce1/Documents/GitHub/fund_analysis/output/SWEEP_US_Sweep_Behaviours/executed_notebooks doesn't exist.
Unable to parse line 10 'fama_factors_currency = "JPY"   # "USD" = US investor; "JPY" = Japanese investor'.
Unable to parse line 19 'start_year = 2018  # these ESG sources are aligned for `start_year==2013`'.
Unable to parse line 36 'download_gics_data = False   # re-pull GICS from WRDS (False = read cached ./data/GICS/ csv)'.
Unable to parse line 41 'if esg_choice == "refinitiv":'.
Unable to parse line 45 'if esg_choice == "msci":'.
Unable to parse line 49 'if esg_choice == "s&p":'.
Unable to parse line 64 'industry_level = 0 # 0 = map to larger groups, 1 = GICS_level_1, 2 = GICS_level_2'.
Passed unknown parameter: fama_factors_currency
Passed unknown parameter: industry_level
Passed unknown parameter: sweep_mode
Passed unknown parameter: sweep_run_id
Passed unknown parameter: sweep_out_dir
  !! run US_Sweep_Behaviours_0134 FAILED: output folder /Users/cbruce1/Documents/GitHub/fund_analysis/output/SWEEP_US_Sweep_Behaviours/executed_notebooks doesn't exist.
Unable to parse line 10 'fama_factors_currency = "JPY"   # "USD" = US investor; "JPY" = Japanese investor'.
Unable to parse line 19 'start_year = 2018  # these ESG sources are aligned for `start_year==2013`'.
Unable to parse line 36 'download_gics_data = False   # re-pull GICS from WRDS (False = read cached ./data/GICS/ csv)'.
Unable to parse line 41 'if esg_choice == "refinitiv":'.
Unable to parse line 45 'if esg_choice == "msci":'.
Unable to parse line 49 'if esg_choice == "s&p":'.
Unable to parse line 64 'industry_level = 0 # 0 = map to larger groups, 1 = GICS_level_1, 2 = GICS_level_2'.
Passed unknown parameter: fama_factors_currency
Passed unknown parameter: industry_level
Passed unknown parameter: sweep_mode
Passed unknown parameter: sweep_run_id
Passed unknown parameter: sweep_out_dir
  !! run US_Sweep_Behaviours_0135 FAILED: output folder /Users/cbruce1/Documents/GitHub/fund_analysis/output/SWEEP_US_Sweep_Behaviours/executed_notebooks doesn't exist.
Unable to parse line 10 'fama_factors_currency = "JPY"   # "USD" = US investor; "JPY" = Japanese investor'.
Unable to parse line 19 'start_year = 2018  # these ESG sources are aligned for `start_year==2013`'.
Unable to parse line 36 'download_gics_data = False   # re-pull GICS from WRDS (False = read cached ./data/GICS/ csv)'.
Unable to parse line 41 'if esg_choice == "refinitiv":'.
Unable to parse line 45 'if esg_choice == "msci":'.
Unable to parse line 49 'if esg_choice == "s&p":'.
Unable to parse line 64 'industry_level = 0 # 0 = map to larger groups, 1 = GICS_level_1, 2 = GICS_level_2'.
Passed unknown parameter: fama_factors_currency
Passed unknown parameter: industry_level
Passed unknown parameter: sweep_mode
Passed unknown parameter: sweep_run_id
Passed unknown parameter: sweep_out_dir
  !! run US_Sweep_Behaviours_0136 FAILED: output folder /Users/cbruce1/Documents/GitHub/fund_analysis/output/SWEEP_US_Sweep_Behaviours/executed_notebooks doesn't exist.
Unable to parse line 10 'fama_factors_currency = "JPY"   # "USD" = US investor; "JPY" = Japanese investor'.
Unable to parse line 19 'start_year = 2018  # these ESG sources are aligned for `start_year==2013`'.
Unable to parse line 36 'download_gics_data = False   # re-pull GICS from WRDS (False = read cached ./data/GICS/ csv)'.
Unable to parse line 41 'if esg_choice == "refinitiv":'.
Unable to parse line 45 'if esg_choice == "msci":'.
Unable to parse line 49 'if esg_choice == "s&p":'.
Unable to parse line 64 'industry_level = 0 # 0 = map to larger groups, 1 = GICS_level_1, 2 = GICS_level_2'.
Passed unknown parameter: fama_factors_currency
Passed unknown parameter: industry_level
Passed unknown parameter: sweep_mode
Passed unknown parameter: sweep_run_id
Passed unknown parameter: sweep_out_dir
  !! run US_Sweep_Behaviours_0137 FAILED: output folder /Users/cbruce1/Documents/GitHub/fund_analysis/output/SWEEP_US_Sweep_Behaviours/executed_notebooks doesn't exist.
Unable to parse line 10 'fama_factors_currency = "JPY"   # "USD" = US investor; "JPY" = Japanese investor'.
Unable to parse line 19 'start_year = 2018  # these ESG sources are aligned for `start_year==2013`'.
Unable to parse line 36 'download_gics_data = False   # re-pull GICS from WRDS (False = read cached ./data/GICS/ csv)'.
Unable to parse line 41 'if esg_choice == "refinitiv":'.
Unable to parse line 45 'if esg_choice == "msci":'.
Unable to parse line 49 'if esg_choice == "s&p":'.
Unable to parse line 64 'industry_level = 0 # 0 = map to larger groups, 1 = GICS_level_1, 2 = GICS_level_2'.
Passed unknown parameter: fama_factors_currency
Passed unknown parameter: industry_level
Passed unknown parameter: sweep_mode
Passed unknown parameter: sweep_run_id
Passed unknown parameter: sweep_out_dir
  !! run US_Sweep_Behaviours_0138 FAILED: output folder /Users/cbruce1/Documents/GitHub/fund_analysis/output/SWEEP_US_Sweep_Behaviours/executed_notebooks doesn't exist.
Unable to parse line 10 'fama_factors_currency = "JPY"   # "USD" = US investor; "JPY" = Japanese investor'.
Unable to parse line 19 'start_year = 2018  # these ESG sources are aligned for `start_year==2013`'.
Unable to parse line 36 'download_gics_data = False   # re-pull GICS from WRDS (False = read cached ./data/GICS/ csv)'.
Unable to parse line 41 'if esg_choice == "refinitiv":'.
Unable to parse line 45 'if esg_choice == "msci":'.
Unable to parse line 49 'if esg_choice == "s&p":'.
Unable to parse line 64 'industry_level = 0 # 0 = map to larger groups, 1 = GICS_level_1, 2 = GICS_level_2'.
Passed unknown parameter: fama_factors_currency
Passed unknown parameter: industry_level
Passed unknown parameter: sweep_mode
Passed unknown parameter: sweep_run_id
Passed unknown parameter: sweep_out_dir
  !! run US_Sweep_Behaviours_0139 FAILED: output folder /Users/cbruce1/Documents/GitHub/fund_analysis/output/SWEEP_US_Sweep_Behaviours/executed_notebooks doesn't exist.
Unable to parse line 10 'fama_factors_currency = "JPY"   # "USD" = US investor; "JPY" = Japanese investor'.
Unable to parse line 19 'start_year = 2018  # these ESG sources are aligned for `start_year==2013`'.
Unable to parse line 36 'download_gics_data = False   # re-pull GICS from WRDS (False = read cached ./data/GICS/ csv)'.
Unable to parse line 41 'if esg_choice == "refinitiv":'.
Unable to parse line 45 'if esg_choice == "msci":'.
Unable to parse line 49 'if esg_choice == "s&p":'.
Unable to parse line 64 'industry_level = 0 # 0 = map to larger groups, 1 = GICS_level_1, 2 = GICS_level_2'.
Passed unknown parameter: fama_factors_currency
Passed unknown parameter: industry_level
Passed unknown parameter: sweep_mode
Passed unknown parameter: sweep_run_id
Passed unknown parameter: sweep_out_dir
  !! run US_Sweep_Behaviours_0140 FAILED: output folder /Users/cbruce1/Documents/GitHub/fund_analysis/output/SWEEP_US_Sweep_Behaviours/executed_notebooks doesn't exist.
Unable to parse line 10 'fama_factors_currency = "JPY"   # "USD" = US investor; "JPY" = Japanese investor'.
Unable to parse line 19 'start_year = 2018  # these ESG sources are aligned for `start_year==2013`'.
Unable to parse line 36 'download_gics_data = False   # re-pull GICS from WRDS (False = read cached ./data/GICS/ csv)'.
Unable to parse line 41 'if esg_choice == "refinitiv":'.
Unable to parse line 45 'if esg_choice == "msci":'.
Unable to parse line 49 'if esg_choice == "s&p":'.
Unable to parse line 64 'industry_level = 0 # 0 = map to larger groups, 1 = GICS_level_1, 2 = GICS_level_2'.
Passed unknown parameter: fama_factors_currency
Passed unknown parameter: industry_level
Passed unknown parameter: sweep_mode
Passed unknown parameter: sweep_run_id
Passed unknown parameter: sweep_out_dir
  !! run US_Sweep_Behaviours_0141 FAILED: output folder /Users/cbruce1/Documents/GitHub/fund_analysis/output/SWEEP_US_Sweep_Behaviours/executed_notebooks doesn't exist.
Unable to parse line 10 'fama_factors_currency = "JPY"   # "USD" = US investor; "JPY" = Japanese investor'.
Unable to parse line 19 'start_year = 2018  # these ESG sources are aligned for `start_year==2013`'.
Unable to parse line 36 'download_gics_data = False   # re-pull GICS from WRDS (False = read cached ./data/GICS/ csv)'.
Unable to parse line 41 'if esg_choice == "refinitiv":'.
Unable to parse line 45 'if esg_choice == "msci":'.
Unable to parse line 49 'if esg_choice == "s&p":'.
Unable to parse line 64 'industry_level = 0 # 0 = map to larger groups, 1 = GICS_level_1, 2 = GICS_level_2'.
Passed unknown parameter: fama_factors_currency
Passed unknown parameter: industry_level
Passed unknown parameter: sweep_mode
Passed unknown parameter: sweep_run_id
Passed unknown parameter: sweep_out_dir
  !! run US_Sweep_Behaviours_0142 FAILED: output folder /Users/cbruce1/Documents/GitHub/fund_analysis/output/SWEEP_US_Sweep_Behaviours/executed_notebooks doesn't exist.
Unable to parse line 10 'fama_factors_currency = "JPY"   # "USD" = US investor; "JPY" = Japanese investor'.
Unable to parse line 19 'start_year = 2018  # these ESG sources are aligned for `start_year==2013`'.
Unable to parse line 36 'download_gics_data = False   # re-pull GICS from WRDS (False = read cached ./data/GICS/ csv)'.
Unable to parse line 41 'if esg_choice == "refinitiv":'.
Unable to parse line 45 'if esg_choice == "msci":'.
Unable to parse line 49 'if esg_choice == "s&p":'.
Unable to parse line 64 'industry_level = 0 # 0 = map to larger groups, 1 = GICS_level_1, 2 = GICS_level_2'.
Passed unknown parameter: fama_factors_currency
Passed unknown parameter: industry_level
Passed unknown parameter: sweep_mode
Passed unknown parameter: sweep_run_id
Passed unknown parameter: sweep_out_dir
  !! run US_Sweep_Behaviours_0143 FAILED: output folder /Users/cbruce1/Documents/GitHub/fund_analysis/output/SWEEP_US_Sweep_Behaviours/executed_notebooks doesn't exist.
Unable to parse line 10 'fama_factors_currency = "JPY"   # "USD" = US investor; "JPY" = Japanese investor'.
Unable to parse line 19 'start_year = 2018  # these ESG sources are aligned for `start_year==2013`'.
Unable to parse line 36 'download_gics_data = False   # re-pull GICS from WRDS (False = read cached ./data/GICS/ csv)'.
Unable to parse line 41 'if esg_choice == "refinitiv":'.
Unable to parse line 45 'if esg_choice == "msci":'.
Unable to parse line 49 'if esg_choice == "s&p":'.
Unable to parse line 64 'industry_level = 0 # 0 = map to larger groups, 1 = GICS_level_1, 2 = GICS_level_2'.
Passed unknown parameter: fama_factors_currency
Passed unknown parameter: industry_level
Passed unknown parameter: sweep_mode
Passed unknown parameter: sweep_run_id
Passed unknown parameter: sweep_out_dir
  !! run US_Sweep_Behaviours_0144 FAILED: output folder /Users/cbruce1/Documents/GitHub/fund_analysis/output/SWEEP_US_Sweep_Behaviours/executed_notebooks doesn't exist.
Unable to parse line 10 'fama_factors_currency = "JPY"   # "USD" = US investor; "JPY" = Japanese investor'.
Unable to parse line 19 'start_year = 2018  # these ESG sources are aligned for `start_year==2013`'.
Unable to parse line 36 'download_gics_data = False   # re-pull GICS from WRDS (False = read cached ./data/GICS/ csv)'.
Unable to parse line 41 'if esg_choice == "refinitiv":'.
Unable to parse line 45 'if esg_choice == "msci":'.
Unable to parse line 49 'if esg_choice == "s&p":'.
Unable to parse line 64 'industry_level = 0 # 0 = map to larger groups, 1 = GICS_level_1, 2 = GICS_level_2'.
Passed unknown parameter: fama_factors_currency
Passed unknown parameter: industry_level
Passed unknown parameter: sweep_mode
Passed unknown parameter: sweep_run_id
Passed unknown parameter: sweep_out_dir
  !! run US_Sweep_Behaviours_0145 FAILED: output folder /Users/cbruce1/Documents/GitHub/fund_analysis/output/SWEEP_US_Sweep_Behaviours/executed_notebooks doesn't exist.
Unable to parse line 10 'fama_factors_currency = "JPY"   # "USD" = US investor; "JPY" = Japanese investor'.
Unable to parse line 19 'start_year = 2018  # these ESG sources are aligned for `start_year==2013`'.
Unable to parse line 36 'download_gics_data = False   # re-pull GICS from WRDS (False = read cached ./data/GICS/ csv)'.
Unable to parse line 41 'if esg_choice == "refinitiv":'.
Unable to parse line 45 'if esg_choice == "msci":'.
Unable to parse line 49 'if esg_choice == "s&p":'.
Unable to parse line 64 'industry_level = 0 # 0 = map to larger groups, 1 = GICS_level_1, 2 = GICS_level_2'.
Passed unknown parameter: fama_factors_currency
Passed unknown parameter: industry_level
Passed unknown parameter: sweep_mode
Passed unknown parameter: sweep_run_id
Passed unknown parameter: sweep_out_dir
  !! run US_Sweep_Behaviours_0146 FAILED: output folder /Users/cbruce1/Documents/GitHub/fund_analysis/output/SWEEP_US_Sweep_Behaviours/executed_notebooks doesn't exist.
Unable to parse line 10 'fama_factors_currency = "JPY"   # "USD" = US investor; "JPY" = Japanese investor'.
Unable to parse line 19 'start_year = 2018  # these ESG sources are aligned for `start_year==2013`'.
Unable to parse line 36 'download_gics_data = False   # re-pull GICS from WRDS (False = read cached ./data/GICS/ csv)'.
Unable to parse line 41 'if esg_choice == "refinitiv":'.
Unable to parse line 45 'if esg_choice == "msci":'.
Unable to parse line 49 'if esg_choice == "s&p":'.
Unable to parse line 64 'industry_level = 0 # 0 = map to larger groups, 1 = GICS_level_1, 2 = GICS_level_2'.
Passed unknown parameter: fama_factors_currency
Passed unknown parameter: industry_level
Passed unknown parameter: sweep_mode
Passed unknown parameter: sweep_run_id
Passed unknown parameter: sweep_out_dir
  !! run US_Sweep_Behaviours_0147 FAILED: output folder /Users/cbruce1/Documents/GitHub/fund_analysis/output/SWEEP_US_Sweep_Behaviours/executed_notebooks doesn't exist.
Unable to parse line 10 'fama_factors_currency = "JPY"   # "USD" = US investor; "JPY" = Japanese investor'.
Unable to parse line 19 'start_year = 2018  # these ESG sources are aligned for `start_year==2013`'.
Unable to parse line 36 'download_gics_data = False   # re-pull GICS from WRDS (False = read cached ./data/GICS/ csv)'.
Unable to parse line 41 'if esg_choice == "refinitiv":'.
Unable to parse line 45 'if esg_choice == "msci":'.
Unable to parse line 49 'if esg_choice == "s&p":'.
Unable to parse line 64 'industry_level = 0 # 0 = map to larger groups, 1 = GICS_level_1, 2 = GICS_level_2'.
Passed unknown parameter: fama_factors_currency
Passed unknown parameter: industry_level
Passed unknown parameter: sweep_mode
Passed unknown parameter: sweep_run_id
Passed unknown parameter: sweep_out_dir
  !! run US_Sweep_Behaviours_0148 FAILED: output folder /Users/cbruce1/Documents/GitHub/fund_analysis/output/SWEEP_US_Sweep_Behaviours/executed_notebooks doesn't exist.
Unable to parse line 10 'fama_factors_currency = "JPY"   # "USD" = US investor; "JPY" = Japanese investor'.
Unable to parse line 19 'start_year = 2018  # these ESG sources are aligned for `start_year==2013`'.
Unable to parse line 36 'download_gics_data = False   # re-pull GICS from WRDS (False = read cached ./data/GICS/ csv)'.
Unable to parse line 41 'if esg_choice == "refinitiv":'.
Unable to parse line 45 'if esg_choice == "msci":'.
Unable to parse line 49 'if esg_choice == "s&p":'.
Unable to parse line 64 'industry_level = 0 # 0 = map to larger groups, 1 = GICS_level_1, 2 = GICS_level_2'.
Passed unknown parameter: fama_factors_currency
Passed unknown parameter: industry_level
Passed unknown parameter: sweep_mode
Passed unknown parameter: sweep_run_id
Passed unknown parameter: sweep_out_dir
  !! run US_Sweep_Behaviours_0149 FAILED: output folder /Users/cbruce1/Documents/GitHub/fund_analysis/output/SWEEP_US_Sweep_Behaviours/executed_notebooks doesn't exist.
Unable to parse line 10 'fama_factors_currency = "JPY"   # "USD" = US investor; "JPY" = Japanese investor'.
Unable to parse line 19 'start_year = 2018  # these ESG sources are aligned for `start_year==2013`'.
Unable to parse line 36 'download_gics_data = False   # re-pull GICS from WRDS (False = read cached ./data/GICS/ csv)'.
Unable to parse line 41 'if esg_choice == "refinitiv":'.
Unable to parse line 45 'if esg_choice == "msci":'.
Unable to parse line 49 'if esg_choice == "s&p":'.
Unable to parse line 64 'industry_level = 0 # 0 = map to larger groups, 1 = GICS_level_1, 2 = GICS_level_2'.
Passed unknown parameter: fama_factors_currency
Passed unknown parameter: industry_level
Passed unknown parameter: sweep_mode
Passed unknown parameter: sweep_run_id
Passed unknown parameter: sweep_out_dir
  !! run US_Sweep_Behaviours_0150 FAILED: output folder /Users/cbruce1/Documents/GitHub/fund_analysis/output/SWEEP_US_Sweep_Behaviours/executed_notebooks doesn't exist.
Unable to parse line 10 'fama_factors_currency = "JPY"   # "USD" = US investor; "JPY" = Japanese investor'.
Unable to parse line 19 'start_year = 2018  # these ESG sources are aligned for `start_year==2013`'.
Unable to parse line 36 'download_gics_data = False   # re-pull GICS from WRDS (False = read cached ./data/GICS/ csv)'.
Unable to parse line 41 'if esg_choice == "refinitiv":'.
Unable to parse line 45 'if esg_choice == "msci":'.
Unable to parse line 49 'if esg_choice == "s&p":'.
Unable to parse line 64 'industry_level = 0 # 0 = map to larger groups, 1 = GICS_level_1, 2 = GICS_level_2'.
Passed unknown parameter: fama_factors_currency
Passed unknown parameter: industry_level
Passed unknown parameter: sweep_mode
Passed unknown parameter: sweep_run_id
Passed unknown parameter: sweep_out_dir
  !! run US_Sweep_Behaviours_0151 FAILED: output folder /Users/cbruce1/Documents/GitHub/fund_analysis/output/SWEEP_US_Sweep_Behaviours/executed_notebooks doesn't exist.
Unable to parse line 10 'fama_factors_currency = "JPY"   # "USD" = US investor; "JPY" = Japanese investor'.
Unable to parse line 19 'start_year = 2018  # these ESG sources are aligned for `start_year==2013`'.
Unable to parse line 36 'download_gics_data = False   # re-pull GICS from WRDS (False = read cached ./data/GICS/ csv)'.
Unable to parse line 41 'if esg_choice == "refinitiv":'.
Unable to parse line 45 'if esg_choice == "msci":'.
Unable to parse line 49 'if esg_choice == "s&p":'.
Unable to parse line 64 'industry_level = 0 # 0 = map to larger groups, 1 = GICS_level_1, 2 = GICS_level_2'.
Passed unknown parameter: fama_factors_currency
Passed unknown parameter: industry_level
Passed unknown parameter: sweep_mode
Passed unknown parameter: sweep_run_id
Passed unknown parameter: sweep_out_dir
  !! run US_Sweep_Behaviours_0152 FAILED: output folder /Users/cbruce1/Documents/GitHub/fund_analysis/output/SWEEP_US_Sweep_Behaviours/executed_notebooks doesn't exist.
Unable to parse line 10 'fama_factors_currency = "JPY"   # "USD" = US investor; "JPY" = Japanese investor'.
Unable to parse line 19 'start_year = 2018  # these ESG sources are aligned for `start_year==2013`'.
Unable to parse line 36 'download_gics_data = False   # re-pull GICS from WRDS (False = read cached ./data/GICS/ csv)'.
Unable to parse line 41 'if esg_choice == "refinitiv":'.
Unable to parse line 45 'if esg_choice == "msci":'.
Unable to parse line 49 'if esg_choice == "s&p":'.
Unable to parse line 64 'industry_level = 0 # 0 = map to larger groups, 1 = GICS_level_1, 2 = GICS_level_2'.
Passed unknown parameter: fama_factors_currency
Passed unknown parameter: industry_level
Passed unknown parameter: sweep_mode
Passed unknown parameter: sweep_run_id
Passed unknown parameter: sweep_out_dir
  !! run US_Sweep_Behaviours_0153 FAILED: output folder /Users/cbruce1/Documents/GitHub/fund_analysis/output/SWEEP_US_Sweep_Behaviours/executed_notebooks doesn't exist.
Unable to parse line 10 'fama_factors_currency = "JPY"   # "USD" = US investor; "JPY" = Japanese investor'.
Unable to parse line 19 'start_year = 2018  # these ESG sources are aligned for `start_year==2013`'.
Unable to parse line 36 'download_gics_data = False   # re-pull GICS from WRDS (False = read cached ./data/GICS/ csv)'.
Unable to parse line 41 'if esg_choice == "refinitiv":'.
Unable to parse line 45 'if esg_choice == "msci":'.
Unable to parse line 49 'if esg_choice == "s&p":'.
Unable to parse line 64 'industry_level = 0 # 0 = map to larger groups, 1 = GICS_level_1, 2 = GICS_level_2'.
Passed unknown parameter: fama_factors_currency
Passed unknown parameter: industry_level
Passed unknown parameter: sweep_mode
Passed unknown parameter: sweep_run_id
Passed unknown parameter: sweep_out_dir
  !! run US_Sweep_Behaviours_0154 FAILED: output folder /Users/cbruce1/Documents/GitHub/fund_analysis/output/SWEEP_US_Sweep_Behaviours/executed_notebooks doesn't exist.
Unable to parse line 10 'fama_factors_currency = "JPY"   # "USD" = US investor; "JPY" = Japanese investor'.
Unable to parse line 19 'start_year = 2018  # these ESG sources are aligned for `start_year==2013`'.
Unable to parse line 36 'download_gics_data = False   # re-pull GICS from WRDS (False = read cached ./data/GICS/ csv)'.
Unable to parse line 41 'if esg_choice == "refinitiv":'.
Unable to parse line 45 'if esg_choice == "msci":'.
Unable to parse line 49 'if esg_choice == "s&p":'.
Unable to parse line 64 'industry_level = 0 # 0 = map to larger groups, 1 = GICS_level_1, 2 = GICS_level_2'.
Passed unknown parameter: fama_factors_currency
Passed unknown parameter: industry_level
Passed unknown parameter: sweep_mode
Passed unknown parameter: sweep_run_id
Passed unknown parameter: sweep_out_dir
  !! run US_Sweep_Behaviours_0155 FAILED: output folder /Users/cbruce1/Documents/GitHub/fund_analysis/output/SWEEP_US_Sweep_Behaviours/executed_notebooks doesn't exist.
Unable to parse line 10 'fama_factors_currency = "JPY"   # "USD" = US investor; "JPY" = Japanese investor'.
Unable to parse line 19 'start_year = 2018  # these ESG sources are aligned for `start_year==2013`'.
Unable to parse line 36 'download_gics_data = False   # re-pull GICS from WRDS (False = read cached ./data/GICS/ csv)'.
Unable to parse line 41 'if esg_choice == "refinitiv":'.
Unable to parse line 45 'if esg_choice == "msci":'.
Unable to parse line 49 'if esg_choice == "s&p":'.
Unable to parse line 64 'industry_level = 0 # 0 = map to larger groups, 1 = GICS_level_1, 2 = GICS_level_2'.
Passed unknown parameter: fama_factors_currency
Passed unknown parameter: industry_level
Passed unknown parameter: sweep_mode
Passed unknown parameter: sweep_run_id
Passed unknown parameter: sweep_out_dir
  !! run US_Sweep_Behaviours_0156 FAILED: output folder /Users/cbruce1/Documents/GitHub/fund_analysis/output/SWEEP_US_Sweep_Behaviours/executed_notebooks doesn't exist.
Unable to parse line 10 'fama_factors_currency = "JPY"   # "USD" = US investor; "JPY" = Japanese investor'.
Unable to parse line 19 'start_year = 2018  # these ESG sources are aligned for `start_year==2013`'.
Unable to parse line 36 'download_gics_data = False   # re-pull GICS from WRDS (False = read cached ./data/GICS/ csv)'.
Unable to parse line 41 'if esg_choice == "refinitiv":'.
Unable to parse line 45 'if esg_choice == "msci":'.
Unable to parse line 49 'if esg_choice == "s&p":'.
Unable to parse line 64 'industry_level = 0 # 0 = map to larger groups, 1 = GICS_level_1, 2 = GICS_level_2'.
Passed unknown parameter: fama_factors_currency
Passed unknown parameter: industry_level
Passed unknown parameter: sweep_mode
Passed unknown parameter: sweep_run_id
Passed unknown parameter: sweep_out_dir
  !! run US_Sweep_Behaviours_0157 FAILED: output folder /Users/cbruce1/Documents/GitHub/fund_analysis/output/SWEEP_US_Sweep_Behaviours/executed_notebooks doesn't exist.
Unable to parse line 10 'fama_factors_currency = "JPY"   # "USD" = US investor; "JPY" = Japanese investor'.
Unable to parse line 19 'start_year = 2018  # these ESG sources are aligned for `start_year==2013`'.
Unable to parse line 36 'download_gics_data = False   # re-pull GICS from WRDS (False = read cached ./data/GICS/ csv)'.
Unable to parse line 41 'if esg_choice == "refinitiv":'.
Unable to parse line 45 'if esg_choice == "msci":'.
Unable to parse line 49 'if esg_choice == "s&p":'.
Unable to parse line 64 'industry_level = 0 # 0 = map to larger groups, 1 = GICS_level_1, 2 = GICS_level_2'.
Passed unknown parameter: fama_factors_currency
Passed unknown parameter: industry_level
Passed unknown parameter: sweep_mode
Passed unknown parameter: sweep_run_id
Passed unknown parameter: sweep_out_dir
  !! run US_Sweep_Behaviours_0158 FAILED: output folder /Users/cbruce1/Documents/GitHub/fund_analysis/output/SWEEP_US_Sweep_Behaviours/executed_notebooks doesn't exist.
Unable to parse line 10 'fama_factors_currency = "JPY"   # "USD" = US investor; "JPY" = Japanese investor'.
Unable to parse line 19 'start_year = 2018  # these ESG sources are aligned for `start_year==2013`'.
Unable to parse line 36 'download_gics_data = False   # re-pull GICS from WRDS (False = read cached ./data/GICS/ csv)'.
Unable to parse line 41 'if esg_choice == "refinitiv":'.
Unable to parse line 45 'if esg_choice == "msci":'.
Unable to parse line 49 'if esg_choice == "s&p":'.
Unable to parse line 64 'industry_level = 0 # 0 = map to larger groups, 1 = GICS_level_1, 2 = GICS_level_2'.
Passed unknown parameter: fama_factors_currency
Passed unknown parameter: industry_level
Passed unknown parameter: sweep_mode
Passed unknown parameter: sweep_run_id
Passed unknown parameter: sweep_out_dir
  !! run US_Sweep_Behaviours_0159 FAILED: output folder /Users/cbruce1/Documents/GitHub/fund_analysis/output/SWEEP_US_Sweep_Behaviours/executed_notebooks doesn't exist.
Unable to parse line 10 'fama_factors_currency = "JPY"   # "USD" = US investor; "JPY" = Japanese investor'.
Unable to parse line 19 'start_year = 2018  # these ESG sources are aligned for `start_year==2013`'.
Unable to parse line 36 'download_gics_data = False   # re-pull GICS from WRDS (False = read cached ./data/GICS/ csv)'.
Unable to parse line 41 'if esg_choice == "refinitiv":'.
Unable to parse line 45 'if esg_choice == "msci":'.
Unable to parse line 49 'if esg_choice == "s&p":'.
Unable to parse line 64 'industry_level = 0 # 0 = map to larger groups, 1 = GICS_level_1, 2 = GICS_level_2'.
Passed unknown parameter: fama_factors_currency
Passed unknown parameter: industry_level
Passed unknown parameter: sweep_mode
Passed unknown parameter: sweep_run_id
Passed unknown parameter: sweep_out_dir
  !! run US_Sweep_Behaviours_0160 FAILED: output folder /Users/cbruce1/Documents/GitHub/fund_analysis/output/SWEEP_US_Sweep_Behaviours/executed_notebooks doesn't exist.
Unable to parse line 10 'fama_factors_currency = "JPY"   # "USD" = US investor; "JPY" = Japanese investor'.
Unable to parse line 19 'start_year = 2018  # these ESG sources are aligned for `start_year==2013`'.
Unable to parse line 36 'download_gics_data = False   # re-pull GICS from WRDS (False = read cached ./data/GICS/ csv)'.
Unable to parse line 41 'if esg_choice == "refinitiv":'.
Unable to parse line 45 'if esg_choice == "msci":'.
Unable to parse line 49 'if esg_choice == "s&p":'.
Unable to parse line 64 'industry_level = 0 # 0 = map to larger groups, 1 = GICS_level_1, 2 = GICS_level_2'.
Passed unknown parameter: fama_factors_currency
Passed unknown parameter: industry_level
Passed unknown parameter: sweep_mode
Passed unknown parameter: sweep_run_id
Passed unknown parameter: sweep_out_dir
  !! run US_Sweep_Behaviours_0161 FAILED: output folder /Users/cbruce1/Documents/GitHub/fund_analysis/output/SWEEP_US_Sweep_Behaviours/executed_notebooks doesn't exist.
Unable to parse line 10 'fama_factors_currency = "JPY"   # "USD" = US investor; "JPY" = Japanese investor'.
Unable to parse line 19 'start_year = 2018  # these ESG sources are aligned for `start_year==2013`'.
Unable to parse line 36 'download_gics_data = False   # re-pull GICS from WRDS (False = read cached ./data/GICS/ csv)'.
Unable to parse line 41 'if esg_choice == "refinitiv":'.
Unable to parse line 45 'if esg_choice == "msci":'.
Unable to parse line 49 'if esg_choice == "s&p":'.
Unable to parse line 64 'industry_level = 0 # 0 = map to larger groups, 1 = GICS_level_1, 2 = GICS_level_2'.
Passed unknown parameter: fama_factors_currency
Passed unknown parameter: industry_level
Passed unknown parameter: sweep_mode
Passed unknown parameter: sweep_run_id
Passed unknown parameter: sweep_out_dir
  !! run US_Sweep_Behaviours_0162 FAILED: output folder /Users/cbruce1/Documents/GitHub/fund_analysis/output/SWEEP_US_Sweep_Behaviours/executed_notebooks doesn't exist.
Unable to parse line 10 'fama_factors_currency = "JPY"   # "USD" = US investor; "JPY" = Japanese investor'.
Unable to parse line 19 'start_year = 2018  # these ESG sources are aligned for `start_year==2013`'.
Unable to parse line 36 'download_gics_data = False   # re-pull GICS from WRDS (False = read cached ./data/GICS/ csv)'.
Unable to parse line 41 'if esg_choice == "refinitiv":'.
Unable to parse line 45 'if esg_choice == "msci":'.
Unable to parse line 49 'if esg_choice == "s&p":'.
Unable to parse line 64 'industry_level = 0 # 0 = map to larger groups, 1 = GICS_level_1, 2 = GICS_level_2'.
Passed unknown parameter: fama_factors_currency
Passed unknown parameter: industry_level
Passed unknown parameter: sweep_mode
Passed unknown parameter: sweep_run_id
Passed unknown parameter: sweep_out_dir
  !! run US_Sweep_Behaviours_0163 FAILED: output folder /Users/cbruce1/Documents/GitHub/fund_analysis/output/SWEEP_US_Sweep_Behaviours/executed_notebooks doesn't exist.
Unable to parse line 10 'fama_factors_currency = "JPY"   # "USD" = US investor; "JPY" = Japanese investor'.
Unable to parse line 19 'start_year = 2018  # these ESG sources are aligned for `start_year==2013`'.
Unable to parse line 36 'download_gics_data = False   # re-pull GICS from WRDS (False = read cached ./data/GICS/ csv)'.
Unable to parse line 41 'if esg_choice == "refinitiv":'.
Unable to parse line 45 'if esg_choice == "msci":'.
Unable to parse line 49 'if esg_choice == "s&p":'.
Unable to parse line 64 'industry_level = 0 # 0 = map to larger groups, 1 = GICS_level_1, 2 = GICS_level_2'.
Passed unknown parameter: fama_factors_currency
Passed unknown parameter: industry_level
Passed unknown parameter: sweep_mode
Passed unknown parameter: sweep_run_id
Passed unknown parameter: sweep_out_dir
  !! run US_Sweep_Behaviours_0164 FAILED: output folder /Users/cbruce1/Documents/GitHub/fund_analysis/output/SWEEP_US_Sweep_Behaviours/executed_notebooks doesn't exist.
Unable to parse line 10 'fama_factors_currency = "JPY"   # "USD" = US investor; "JPY" = Japanese investor'.
Unable to parse line 19 'start_year = 2018  # these ESG sources are aligned for `start_year==2013`'.
Unable to parse line 36 'download_gics_data = False   # re-pull GICS from WRDS (False = read cached ./data/GICS/ csv)'.
Unable to parse line 41 'if esg_choice == "refinitiv":'.
Unable to parse line 45 'if esg_choice == "msci":'.
Unable to parse line 49 'if esg_choice == "s&p":'.
Unable to parse line 64 'industry_level = 0 # 0 = map to larger groups, 1 = GICS_level_1, 2 = GICS_level_2'.
Passed unknown parameter: fama_factors_currency
Passed unknown parameter: industry_level
Passed unknown parameter: sweep_mode
Passed unknown parameter: sweep_run_id
Passed unknown parameter: sweep_out_dir
  !! run US_Sweep_Behaviours_0165 FAILED: output folder /Users/cbruce1/Documents/GitHub/fund_analysis/output/SWEEP_US_Sweep_Behaviours/executed_notebooks doesn't exist.
Unable to parse line 10 'fama_factors_currency = "JPY"   # "USD" = US investor; "JPY" = Japanese investor'.
Unable to parse line 19 'start_year = 2018  # these ESG sources are aligned for `start_year==2013`'.
Unable to parse line 36 'download_gics_data = False   # re-pull GICS from WRDS (False = read cached ./data/GICS/ csv)'.
Unable to parse line 41 'if esg_choice == "refinitiv":'.
Unable to parse line 45 'if esg_choice == "msci":'.
Unable to parse line 49 'if esg_choice == "s&p":'.
Unable to parse line 64 'industry_level = 0 # 0 = map to larger groups, 1 = GICS_level_1, 2 = GICS_level_2'.
Passed unknown parameter: fama_factors_currency
Passed unknown parameter: industry_level
Passed unknown parameter: sweep_mode
Passed unknown parameter: sweep_run_id
Passed unknown parameter: sweep_out_dir
  !! run US_Sweep_Behaviours_0166 FAILED: output folder /Users/cbruce1/Documents/GitHub/fund_analysis/output/SWEEP_US_Sweep_Behaviours/executed_notebooks doesn't exist.
Unable to parse line 10 'fama_factors_currency = "JPY"   # "USD" = US investor; "JPY" = Japanese investor'.
Unable to parse line 19 'start_year = 2018  # these ESG sources are aligned for `start_year==2013`'.
Unable to parse line 36 'download_gics_data = False   # re-pull GICS from WRDS (False = read cached ./data/GICS/ csv)'.
Unable to parse line 41 'if esg_choice == "refinitiv":'.
Unable to parse line 45 'if esg_choice == "msci":'.
Unable to parse line 49 'if esg_choice == "s&p":'.
Unable to parse line 64 'industry_level = 0 # 0 = map to larger groups, 1 = GICS_level_1, 2 = GICS_level_2'.
Passed unknown parameter: fama_factors_currency
Passed unknown parameter: industry_level
Passed unknown parameter: sweep_mode
Passed unknown parameter: sweep_run_id
Passed unknown parameter: sweep_out_dir
  !! run US_Sweep_Behaviours_0167 FAILED: output folder /Users/cbruce1/Documents/GitHub/fund_analysis/output/SWEEP_US_Sweep_Behaviours/executed_notebooks doesn't exist.
Unable to parse line 10 'fama_factors_currency = "JPY"   # "USD" = US investor; "JPY" = Japanese investor'.
Unable to parse line 19 'start_year = 2018  # these ESG sources are aligned for `start_year==2013`'.
Unable to parse line 36 'download_gics_data = False   # re-pull GICS from WRDS (False = read cached ./data/GICS/ csv)'.
Unable to parse line 41 'if esg_choice == "refinitiv":'.
Unable to parse line 45 'if esg_choice == "msci":'.
Unable to parse line 49 'if esg_choice == "s&p":'.
Unable to parse line 64 'industry_level = 0 # 0 = map to larger groups, 1 = GICS_level_1, 2 = GICS_level_2'.
Passed unknown parameter: fama_factors_currency
Passed unknown parameter: industry_level
Passed unknown parameter: sweep_mode
Passed unknown parameter: sweep_run_id
Passed unknown parameter: sweep_out_dir
  !! run US_Sweep_Behaviours_0168 FAILED: output folder /Users/cbruce1/Documents/GitHub/fund_analysis/output/SWEEP_US_Sweep_Behaviours/executed_notebooks doesn't exist.
Unable to parse line 10 'fama_factors_currency = "JPY"   # "USD" = US investor; "JPY" = Japanese investor'.
Unable to parse line 19 'start_year = 2018  # these ESG sources are aligned for `start_year==2013`'.
Unable to parse line 36 'download_gics_data = False   # re-pull GICS from WRDS (False = read cached ./data/GICS/ csv)'.
Unable to parse line 41 'if esg_choice == "refinitiv":'.
Unable to parse line 45 'if esg_choice == "msci":'.
Unable to parse line 49 'if esg_choice == "s&p":'.
Unable to parse line 64 'industry_level = 0 # 0 = map to larger groups, 1 = GICS_level_1, 2 = GICS_level_2'.
Passed unknown parameter: fama_factors_currency
Passed unknown parameter: industry_level
Passed unknown parameter: sweep_mode
Passed unknown parameter: sweep_run_id
Passed unknown parameter: sweep_out_dir
  !! run US_Sweep_Behaviours_0169 FAILED: output folder /Users/cbruce1/Documents/GitHub/fund_analysis/output/SWEEP_US_Sweep_Behaviours/executed_notebooks doesn't exist.
Unable to parse line 10 'fama_factors_currency = "JPY"   # "USD" = US investor; "JPY" = Japanese investor'.
Unable to parse line 19 'start_year = 2018  # these ESG sources are aligned for `start_year==2013`'.
Unable to parse line 36 'download_gics_data = False   # re-pull GICS from WRDS (False = read cached ./data/GICS/ csv)'.
Unable to parse line 41 'if esg_choice == "refinitiv":'.
Unable to parse line 45 'if esg_choice == "msci":'.
Unable to parse line 49 'if esg_choice == "s&p":'.
Unable to parse line 64 'industry_level = 0 # 0 = map to larger groups, 1 = GICS_level_1, 2 = GICS_level_2'.
Passed unknown parameter: fama_factors_currency
Passed unknown parameter: industry_level
Passed unknown parameter: sweep_mode
Passed unknown parameter: sweep_run_id
Passed unknown parameter: sweep_out_dir
  !! run US_Sweep_Behaviours_0170 FAILED: output folder /Users/cbruce1/Documents/GitHub/fund_analysis/output/SWEEP_US_Sweep_Behaviours/executed_notebooks doesn't exist.
Unable to parse line 10 'fama_factors_currency = "JPY"   # "USD" = US investor; "JPY" = Japanese investor'.
Unable to parse line 19 'start_year = 2018  # these ESG sources are aligned for `start_year==2013`'.
Unable to parse line 36 'download_gics_data = False   # re-pull GICS from WRDS (False = read cached ./data/GICS/ csv)'.
Unable to parse line 41 'if esg_choice == "refinitiv":'.
Unable to parse line 45 'if esg_choice == "msci":'.
Unable to parse line 49 'if esg_choice == "s&p":'.
Unable to parse line 64 'industry_level = 0 # 0 = map to larger groups, 1 = GICS_level_1, 2 = GICS_level_2'.
Passed unknown parameter: fama_factors_currency
Passed unknown parameter: industry_level
Passed unknown parameter: sweep_mode
Passed unknown parameter: sweep_run_id
Passed unknown parameter: sweep_out_dir
  !! run US_Sweep_Behaviours_0171 FAILED: output folder /Users/cbruce1/Documents/GitHub/fund_analysis/output/SWEEP_US_Sweep_Behaviours/executed_notebooks doesn't exist.
Unable to parse line 10 'fama_factors_currency = "JPY"   # "USD" = US investor; "JPY" = Japanese investor'.
Unable to parse line 19 'start_year = 2018  # these ESG sources are aligned for `start_year==2013`'.
Unable to parse line 36 'download_gics_data = False   # re-pull GICS from WRDS (False = read cached ./data/GICS/ csv)'.
Unable to parse line 41 'if esg_choice == "refinitiv":'.
Unable to parse line 45 'if esg_choice == "msci":'.
Unable to parse line 49 'if esg_choice == "s&p":'.
Unable to parse line 64 'industry_level = 0 # 0 = map to larger groups, 1 = GICS_level_1, 2 = GICS_level_2'.
Passed unknown parameter: fama_factors_currency
Passed unknown parameter: industry_level
Passed unknown parameter: sweep_mode
Passed unknown parameter: sweep_run_id
Passed unknown parameter: sweep_out_dir
  !! run US_Sweep_Behaviours_0172 FAILED: output folder /Users/cbruce1/Documents/GitHub/fund_analysis/output/SWEEP_US_Sweep_Behaviours/executed_notebooks doesn't exist.
Unable to parse line 10 'fama_factors_currency = "JPY"   # "USD" = US investor; "JPY" = Japanese investor'.
Unable to parse line 19 'start_year = 2018  # these ESG sources are aligned for `start_year==2013`'.
Unable to parse line 36 'download_gics_data = False   # re-pull GICS from WRDS (False = read cached ./data/GICS/ csv)'.
Unable to parse line 41 'if esg_choice == "refinitiv":'.
Unable to parse line 45 'if esg_choice == "msci":'.
Unable to parse line 49 'if esg_choice == "s&p":'.
Unable to parse line 64 'industry_level = 0 # 0 = map to larger groups, 1 = GICS_level_1, 2 = GICS_level_2'.
Passed unknown parameter: fama_factors_currency
Passed unknown parameter: industry_level
Passed unknown parameter: sweep_mode
Passed unknown parameter: sweep_run_id
Passed unknown parameter: sweep_out_dir
  !! run US_Sweep_Behaviours_0173 FAILED: output folder /Users/cbruce1/Documents/GitHub/fund_analysis/output/SWEEP_US_Sweep_Behaviours/executed_notebooks doesn't exist.
Unable to parse line 10 'fama_factors_currency = "JPY"   # "USD" = US investor; "JPY" = Japanese investor'.
Unable to parse line 19 'start_year = 2018  # these ESG sources are aligned for `start_year==2013`'.
Unable to parse line 36 'download_gics_data = False   # re-pull GICS from WRDS (False = read cached ./data/GICS/ csv)'.
Unable to parse line 41 'if esg_choice == "refinitiv":'.
Unable to parse line 45 'if esg_choice == "msci":'.
Unable to parse line 49 'if esg_choice == "s&p":'.
Unable to parse line 64 'industry_level = 0 # 0 = map to larger groups, 1 = GICS_level_1, 2 = GICS_level_2'.
Passed unknown parameter: fama_factors_currency
Passed unknown parameter: industry_level
Passed unknown parameter: sweep_mode
Passed unknown parameter: sweep_run_id
Passed unknown parameter: sweep_out_dir
  !! run US_Sweep_Behaviours_0174 FAILED: output folder /Users/cbruce1/Documents/GitHub/fund_analysis/output/SWEEP_US_Sweep_Behaviours/executed_notebooks doesn't exist.
Unable to parse line 10 'fama_factors_currency = "JPY"   # "USD" = US investor; "JPY" = Japanese investor'.
Unable to parse line 19 'start_year = 2018  # these ESG sources are aligned for `start_year==2013`'.
Unable to parse line 36 'download_gics_data = False   # re-pull GICS from WRDS (False = read cached ./data/GICS/ csv)'.
Unable to parse line 41 'if esg_choice == "refinitiv":'.
Unable to parse line 45 'if esg_choice == "msci":'.
Unable to parse line 49 'if esg_choice == "s&p":'.
Unable to parse line 64 'industry_level = 0 # 0 = map to larger groups, 1 = GICS_level_1, 2 = GICS_level_2'.
Passed unknown parameter: fama_factors_currency
Passed unknown parameter: industry_level
Passed unknown parameter: sweep_mode
Passed unknown parameter: sweep_run_id
Passed unknown parameter: sweep_out_dir
  !! run US_Sweep_Behaviours_0175 FAILED: output folder /Users/cbruce1/Documents/GitHub/fund_analysis/output/SWEEP_US_Sweep_Behaviours/executed_notebooks doesn't exist.
Unable to parse line 10 'fama_factors_currency = "JPY"   # "USD" = US investor; "JPY" = Japanese investor'.
Unable to parse line 19 'start_year = 2018  # these ESG sources are aligned for `start_year==2013`'.
Unable to parse line 36 'download_gics_data = False   # re-pull GICS from WRDS (False = read cached ./data/GICS/ csv)'.
Unable to parse line 41 'if esg_choice == "refinitiv":'.
Unable to parse line 45 'if esg_choice == "msci":'.
Unable to parse line 49 'if esg_choice == "s&p":'.
Unable to parse line 64 'industry_level = 0 # 0 = map to larger groups, 1 = GICS_level_1, 2 = GICS_level_2'.
Passed unknown parameter: fama_factors_currency
Passed unknown parameter: industry_level
Passed unknown parameter: sweep_mode
Passed unknown parameter: sweep_run_id
Passed unknown parameter: sweep_out_dir
  !! run US_Sweep_Behaviours_0176 FAILED: output folder /Users/cbruce1/Documents/GitHub/fund_analysis/output/SWEEP_US_Sweep_Behaviours/executed_notebooks doesn't exist.
Unable to parse line 10 'fama_factors_currency = "JPY"   # "USD" = US investor; "JPY" = Japanese investor'.
Unable to parse line 19 'start_year = 2018  # these ESG sources are aligned for `start_year==2013`'.
Unable to parse line 36 'download_gics_data = False   # re-pull GICS from WRDS (False = read cached ./data/GICS/ csv)'.
Unable to parse line 41 'if esg_choice == "refinitiv":'.
Unable to parse line 45 'if esg_choice == "msci":'.
Unable to parse line 49 'if esg_choice == "s&p":'.
Unable to parse line 64 'industry_level = 0 # 0 = map to larger groups, 1 = GICS_level_1, 2 = GICS_level_2'.
Passed unknown parameter: fama_factors_currency
Passed unknown parameter: industry_level
Passed unknown parameter: sweep_mode
Passed unknown parameter: sweep_run_id
Passed unknown parameter: sweep_out_dir
  !! run US_Sweep_Behaviours_0177 FAILED: output folder /Users/cbruce1/Documents/GitHub/fund_analysis/output/SWEEP_US_Sweep_Behaviours/executed_notebooks doesn't exist.
Unable to parse line 10 'fama_factors_currency = "JPY"   # "USD" = US investor; "JPY" = Japanese investor'.
Unable to parse line 19 'start_year = 2018  # these ESG sources are aligned for `start_year==2013`'.
Unable to parse line 36 'download_gics_data = False   # re-pull GICS from WRDS (False = read cached ./data/GICS/ csv)'.
Unable to parse line 41 'if esg_choice == "refinitiv":'.
Unable to parse line 45 'if esg_choice == "msci":'.
Unable to parse line 49 'if esg_choice == "s&p":'.
Unable to parse line 64 'industry_level = 0 # 0 = map to larger groups, 1 = GICS_level_1, 2 = GICS_level_2'.
Passed unknown parameter: fama_factors_currency
Passed unknown parameter: industry_level
Passed unknown parameter: sweep_mode
Passed unknown parameter: sweep_run_id
Passed unknown parameter: sweep_out_dir
  !! run US_Sweep_Behaviours_0178 FAILED: output folder /Users/cbruce1/Documents/GitHub/fund_analysis/output/SWEEP_US_Sweep_Behaviours/executed_notebooks doesn't exist.
Unable to parse line 10 'fama_factors_currency = "JPY"   # "USD" = US investor; "JPY" = Japanese investor'.
Unable to parse line 19 'start_year = 2018  # these ESG sources are aligned for `start_year==2013`'.
Unable to parse line 36 'download_gics_data = False   # re-pull GICS from WRDS (False = read cached ./data/GICS/ csv)'.
Unable to parse line 41 'if esg_choice == "refinitiv":'.
Unable to parse line 45 'if esg_choice == "msci":'.
Unable to parse line 49 'if esg_choice == "s&p":'.
Unable to parse line 64 'industry_level = 0 # 0 = map to larger groups, 1 = GICS_level_1, 2 = GICS_level_2'.
Passed unknown parameter: fama_factors_currency
Passed unknown parameter: industry_level
Passed unknown parameter: sweep_mode
Passed unknown parameter: sweep_run_id
Passed unknown parameter: sweep_out_dir
  !! run US_Sweep_Behaviours_0179 FAILED: output folder /Users/cbruce1/Documents/GitHub/fund_analysis/output/SWEEP_US_Sweep_Behaviours/executed_notebooks doesn't exist.
Unable to parse line 10 'fama_factors_currency = "JPY"   # "USD" = US investor; "JPY" = Japanese investor'.
Unable to parse line 19 'start_year = 2018  # these ESG sources are aligned for `start_year==2013`'.
Unable to parse line 36 'download_gics_data = False   # re-pull GICS from WRDS (False = read cached ./data/GICS/ csv)'.
Unable to parse line 41 'if esg_choice == "refinitiv":'.
Unable to parse line 45 'if esg_choice == "msci":'.
Unable to parse line 49 'if esg_choice == "s&p":'.
Unable to parse line 64 'industry_level = 0 # 0 = map to larger groups, 1 = GICS_level_1, 2 = GICS_level_2'.
Passed unknown parameter: fama_factors_currency
Passed unknown parameter: industry_level
Passed unknown parameter: sweep_mode
Passed unknown parameter: sweep_run_id
Passed unknown parameter: sweep_out_dir
  !! run US_Sweep_Behaviours_0180 FAILED: output folder /Users/cbruce1/Documents/GitHub/fund_analysis/output/SWEEP_US_Sweep_Behaviours/executed_notebooks doesn't exist.
Unable to parse line 10 'fama_factors_currency = "JPY"   # "USD" = US investor; "JPY" = Japanese investor'.
Unable to parse line 19 'start_year = 2018  # these ESG sources are aligned for `start_year==2013`'.
Unable to parse line 36 'download_gics_data = False   # re-pull GICS from WRDS (False = read cached ./data/GICS/ csv)'.
Unable to parse line 41 'if esg_choice == "refinitiv":'.
Unable to parse line 45 'if esg_choice == "msci":'.
Unable to parse line 49 'if esg_choice == "s&p":'.
Unable to parse line 64 'industry_level = 0 # 0 = map to larger groups, 1 = GICS_level_1, 2 = GICS_level_2'.
Passed unknown parameter: fama_factors_currency
Passed unknown parameter: industry_level
Passed unknown parameter: sweep_mode
Passed unknown parameter: sweep_run_id
Passed unknown parameter: sweep_out_dir
  !! run US_Sweep_Behaviours_0181 FAILED: output folder /Users/cbruce1/Documents/GitHub/fund_analysis/output/SWEEP_US_Sweep_Behaviours/executed_notebooks doesn't exist.
Unable to parse line 10 'fama_factors_currency = "JPY"   # "USD" = US investor; "JPY" = Japanese investor'.
Unable to parse line 19 'start_year = 2018  # these ESG sources are aligned for `start_year==2013`'.
Unable to parse line 36 'download_gics_data = False   # re-pull GICS from WRDS (False = read cached ./data/GICS/ csv)'.
Unable to parse line 41 'if esg_choice == "refinitiv":'.
Unable to parse line 45 'if esg_choice == "msci":'.
Unable to parse line 49 'if esg_choice == "s&p":'.
Unable to parse line 64 'industry_level = 0 # 0 = map to larger groups, 1 = GICS_level_1, 2 = GICS_level_2'.
Passed unknown parameter: fama_factors_currency
Passed unknown parameter: industry_level
Passed unknown parameter: sweep_mode
Passed unknown parameter: sweep_run_id
Passed unknown parameter: sweep_out_dir
  !! run US_Sweep_Behaviours_0182 FAILED: output folder /Users/cbruce1/Documents/GitHub/fund_analysis/output/SWEEP_US_Sweep_Behaviours/executed_notebooks doesn't exist.
Unable to parse line 10 'fama_factors_currency = "JPY"   # "USD" = US investor; "JPY" = Japanese investor'.
Unable to parse line 19 'start_year = 2018  # these ESG sources are aligned for `start_year==2013`'.
Unable to parse line 36 'download_gics_data = False   # re-pull GICS from WRDS (False = read cached ./data/GICS/ csv)'.
Unable to parse line 41 'if esg_choice == "refinitiv":'.
Unable to parse line 45 'if esg_choice == "msci":'.
Unable to parse line 49 'if esg_choice == "s&p":'.
Unable to parse line 64 'industry_level = 0 # 0 = map to larger groups, 1 = GICS_level_1, 2 = GICS_level_2'.
Passed unknown parameter: fama_factors_currency
Passed unknown parameter: industry_level
Passed unknown parameter: sweep_mode
Passed unknown parameter: sweep_run_id
Passed unknown parameter: sweep_out_dir
  !! run US_Sweep_Behaviours_0183 FAILED: output folder /Users/cbruce1/Documents/GitHub/fund_analysis/output/SWEEP_US_Sweep_Behaviours/executed_notebooks doesn't exist.
Unable to parse line 10 'fama_factors_currency = "JPY"   # "USD" = US investor; "JPY" = Japanese investor'.
Unable to parse line 19 'start_year = 2018  # these ESG sources are aligned for `start_year==2013`'.
Unable to parse line 36 'download_gics_data = False   # re-pull GICS from WRDS (False = read cached ./data/GICS/ csv)'.
Unable to parse line 41 'if esg_choice == "refinitiv":'.
Unable to parse line 45 'if esg_choice == "msci":'.
Unable to parse line 49 'if esg_choice == "s&p":'.
Unable to parse line 64 'industry_level = 0 # 0 = map to larger groups, 1 = GICS_level_1, 2 = GICS_level_2'.
Passed unknown parameter: fama_factors_currency
Passed unknown parameter: industry_level
Passed unknown parameter: sweep_mode
Passed unknown parameter: sweep_run_id
Passed unknown parameter: sweep_out_dir
  !! run US_Sweep_Behaviours_0184 FAILED: output folder /Users/cbruce1/Documents/GitHub/fund_analysis/output/SWEEP_US_Sweep_Behaviours/executed_notebooks doesn't exist.
Unable to parse line 10 'fama_factors_currency = "JPY"   # "USD" = US investor; "JPY" = Japanese investor'.
Unable to parse line 19 'start_year = 2018  # these ESG sources are aligned for `start_year==2013`'.
Unable to parse line 36 'download_gics_data = False   # re-pull GICS from WRDS (False = read cached ./data/GICS/ csv)'.
Unable to parse line 41 'if esg_choice == "refinitiv":'.
Unable to parse line 45 'if esg_choice == "msci":'.
Unable to parse line 49 'if esg_choice == "s&p":'.
Unable to parse line 64 'industry_level = 0 # 0 = map to larger groups, 1 = GICS_level_1, 2 = GICS_level_2'.
Passed unknown parameter: fama_factors_currency
Passed unknown parameter: industry_level
Passed unknown parameter: sweep_mode
Passed unknown parameter: sweep_run_id
Passed unknown parameter: sweep_out_dir
  !! run US_Sweep_Behaviours_0185 FAILED: output folder /Users/cbruce1/Documents/GitHub/fund_analysis/output/SWEEP_US_Sweep_Behaviours/executed_notebooks doesn't exist.
Unable to parse line 10 'fama_factors_currency = "JPY"   # "USD" = US investor; "JPY" = Japanese investor'.
Unable to parse line 19 'start_year = 2018  # these ESG sources are aligned for `start_year==2013`'.
Unable to parse line 36 'download_gics_data = False   # re-pull GICS from WRDS (False = read cached ./data/GICS/ csv)'.
Unable to parse line 41 'if esg_choice == "refinitiv":'.
Unable to parse line 45 'if esg_choice == "msci":'.
Unable to parse line 49 'if esg_choice == "s&p":'.
Unable to parse line 64 'industry_level = 0 # 0 = map to larger groups, 1 = GICS_level_1, 2 = GICS_level_2'.
Passed unknown parameter: fama_factors_currency
Passed unknown parameter: industry_level
Passed unknown parameter: sweep_mode
Passed unknown parameter: sweep_run_id
Passed unknown parameter: sweep_out_dir
  !! run US_Sweep_Behaviours_0186 FAILED: output folder /Users/cbruce1/Documents/GitHub/fund_analysis/output/SWEEP_US_Sweep_Behaviours/executed_notebooks doesn't exist.
Unable to parse line 10 'fama_factors_currency = "JPY"   # "USD" = US investor; "JPY" = Japanese investor'.
Unable to parse line 19 'start_year = 2018  # these ESG sources are aligned for `start_year==2013`'.
Unable to parse line 36 'download_gics_data = False   # re-pull GICS from WRDS (False = read cached ./data/GICS/ csv)'.
Unable to parse line 41 'if esg_choice == "refinitiv":'.
Unable to parse line 45 'if esg_choice == "msci":'.
Unable to parse line 49 'if esg_choice == "s&p":'.
Unable to parse line 64 'industry_level = 0 # 0 = map to larger groups, 1 = GICS_level_1, 2 = GICS_level_2'.
Passed unknown parameter: fama_factors_currency
Passed unknown parameter: industry_level
Passed unknown parameter: sweep_mode
Passed unknown parameter: sweep_run_id
Passed unknown parameter: sweep_out_dir
  !! run US_Sweep_Behaviours_0187 FAILED: output folder /Users/cbruce1/Documents/GitHub/fund_analysis/output/SWEEP_US_Sweep_Behaviours/executed_notebooks doesn't exist.
Unable to parse line 10 'fama_factors_currency = "JPY"   # "USD" = US investor; "JPY" = Japanese investor'.
Unable to parse line 19 'start_year = 2018  # these ESG sources are aligned for `start_year==2013`'.
Unable to parse line 36 'download_gics_data = False   # re-pull GICS from WRDS (False = read cached ./data/GICS/ csv)'.
Unable to parse line 41 'if esg_choice == "refinitiv":'.
Unable to parse line 45 'if esg_choice == "msci":'.
Unable to parse line 49 'if esg_choice == "s&p":'.
Unable to parse line 64 'industry_level = 0 # 0 = map to larger groups, 1 = GICS_level_1, 2 = GICS_level_2'.
Passed unknown parameter: fama_factors_currency
Passed unknown parameter: industry_level
Passed unknown parameter: sweep_mode
Passed unknown parameter: sweep_run_id
Passed unknown parameter: sweep_out_dir
  !! run US_Sweep_Behaviours_0188 FAILED: output folder /Users/cbruce1/Documents/GitHub/fund_analysis/output/SWEEP_US_Sweep_Behaviours/executed_notebooks doesn't exist.
Unable to parse line 10 'fama_factors_currency = "JPY"   # "USD" = US investor; "JPY" = Japanese investor'.
Unable to parse line 19 'start_year = 2018  # these ESG sources are aligned for `start_year==2013`'.
Unable to parse line 36 'download_gics_data = False   # re-pull GICS from WRDS (False = read cached ./data/GICS/ csv)'.
Unable to parse line 41 'if esg_choice == "refinitiv":'.
Unable to parse line 45 'if esg_choice == "msci":'.
Unable to parse line 49 'if esg_choice == "s&p":'.
Unable to parse line 64 'industry_level = 0 # 0 = map to larger groups, 1 = GICS_level_1, 2 = GICS_level_2'.
Passed unknown parameter: fama_factors_currency
Passed unknown parameter: industry_level
Passed unknown parameter: sweep_mode
Passed unknown parameter: sweep_run_id
Passed unknown parameter: sweep_out_dir
  !! run US_Sweep_Behaviours_0189 FAILED: output folder /Users/cbruce1/Documents/GitHub/fund_analysis/output/SWEEP_US_Sweep_Behaviours/executed_notebooks doesn't exist.
Unable to parse line 10 'fama_factors_currency = "JPY"   # "USD" = US investor; "JPY" = Japanese investor'.
Unable to parse line 19 'start_year = 2018  # these ESG sources are aligned for `start_year==2013`'.
Unable to parse line 36 'download_gics_data = False   # re-pull GICS from WRDS (False = read cached ./data/GICS/ csv)'.
Unable to parse line 41 'if esg_choice == "refinitiv":'.
Unable to parse line 45 'if esg_choice == "msci":'.
Unable to parse line 49 'if esg_choice == "s&p":'.
Unable to parse line 64 'industry_level = 0 # 0 = map to larger groups, 1 = GICS_level_1, 2 = GICS_level_2'.
Passed unknown parameter: fama_factors_currency
Passed unknown parameter: industry_level
Passed unknown parameter: sweep_mode
Passed unknown parameter: sweep_run_id
Passed unknown parameter: sweep_out_dir
  !! run US_Sweep_Behaviours_0190 FAILED: output folder /Users/cbruce1/Documents/GitHub/fund_analysis/output/SWEEP_US_Sweep_Behaviours/executed_notebooks doesn't exist.
Unable to parse line 10 'fama_factors_currency = "JPY"   # "USD" = US investor; "JPY" = Japanese investor'.
Unable to parse line 19 'start_year = 2018  # these ESG sources are aligned for `start_year==2013`'.
Unable to parse line 36 'download_gics_data = False   # re-pull GICS from WRDS (False = read cached ./data/GICS/ csv)'.
Unable to parse line 41 'if esg_choice == "refinitiv":'.
Unable to parse line 45 'if esg_choice == "msci":'.
Unable to parse line 49 'if esg_choice == "s&p":'.
Unable to parse line 64 'industry_level = 0 # 0 = map to larger groups, 1 = GICS_level_1, 2 = GICS_level_2'.
Passed unknown parameter: fama_factors_currency
Passed unknown parameter: industry_level
Passed unknown parameter: sweep_mode
Passed unknown parameter: sweep_run_id
Passed unknown parameter: sweep_out_dir
  !! run US_Sweep_Behaviours_0191 FAILED: output folder /Users/cbruce1/Documents/GitHub/fund_analysis/output/SWEEP_US_Sweep_Behaviours/executed_notebooks doesn't exist.
Unable to parse line 10 'fama_factors_currency = "JPY"   # "USD" = US investor; "JPY" = Japanese investor'.
Unable to parse line 19 'start_year = 2018  # these ESG sources are aligned for `start_year==2013`'.
Unable to parse line 36 'download_gics_data = False   # re-pull GICS from WRDS (False = read cached ./data/GICS/ csv)'.
Unable to parse line 41 'if esg_choice == "refinitiv":'.
Unable to parse line 45 'if esg_choice == "msci":'.
Unable to parse line 49 'if esg_choice == "s&p":'.
Unable to parse line 64 'industry_level = 0 # 0 = map to larger groups, 1 = GICS_level_1, 2 = GICS_level_2'.
Passed unknown parameter: fama_factors_currency
Passed unknown parameter: industry_level
Passed unknown parameter: sweep_mode
Passed unknown parameter: sweep_run_id
Passed unknown parameter: sweep_out_dir
  !! run US_Sweep_Behaviours_0192 FAILED: output folder /Users/cbruce1/Documents/GitHub/fund_analysis/output/SWEEP_US_Sweep_Behaviours/executed_notebooks doesn't exist.
Unable to parse line 10 'fama_factors_currency = "JPY"   # "USD" = US investor; "JPY" = Japanese investor'.
Unable to parse line 19 'start_year = 2018  # these ESG sources are aligned for `start_year==2013`'.
Unable to parse line 36 'download_gics_data = False   # re-pull GICS from WRDS (False = read cached ./data/GICS/ csv)'.
Unable to parse line 41 'if esg_choice == "refinitiv":'.
Unable to parse line 45 'if esg_choice == "msci":'.
Unable to parse line 49 'if esg_choice == "s&p":'.
Unable to parse line 64 'industry_level = 0 # 0 = map to larger groups, 1 = GICS_level_1, 2 = GICS_level_2'.
Passed unknown parameter: fama_factors_currency
Passed unknown parameter: industry_level
Passed unknown parameter: sweep_mode
Passed unknown parameter: sweep_run_id
Passed unknown parameter: sweep_out_dir
  !! run US_Sweep_Behaviours_0193 FAILED: output folder /Users/cbruce1/Documents/GitHub/fund_analysis/output/SWEEP_US_Sweep_Behaviours/executed_notebooks doesn't exist.
Unable to parse line 10 'fama_factors_currency = "JPY"   # "USD" = US investor; "JPY" = Japanese investor'.
Unable to parse line 19 'start_year = 2018  # these ESG sources are aligned for `start_year==2013`'.
Unable to parse line 36 'download_gics_data = False   # re-pull GICS from WRDS (False = read cached ./data/GICS/ csv)'.
Unable to parse line 41 'if esg_choice == "refinitiv":'.
Unable to parse line 45 'if esg_choice == "msci":'.
Unable to parse line 49 'if esg_choice == "s&p":'.
Unable to parse line 64 'industry_level = 0 # 0 = map to larger groups, 1 = GICS_level_1, 2 = GICS_level_2'.
Passed unknown parameter: fama_factors_currency
Passed unknown parameter: industry_level
Passed unknown parameter: sweep_mode
Passed unknown parameter: sweep_run_id
Passed unknown parameter: sweep_out_dir
  !! run US_Sweep_Behaviours_0194 FAILED: output folder /Users/cbruce1/Documents/GitHub/fund_analysis/output/SWEEP_US_Sweep_Behaviours/executed_notebooks doesn't exist.
Unable to parse line 10 'fama_factors_currency = "JPY"   # "USD" = US investor; "JPY" = Japanese investor'.
Unable to parse line 19 'start_year = 2018  # these ESG sources are aligned for `start_year==2013`'.
Unable to parse line 36 'download_gics_data = False   # re-pull GICS from WRDS (False = read cached ./data/GICS/ csv)'.
Unable to parse line 41 'if esg_choice == "refinitiv":'.
Unable to parse line 45 'if esg_choice == "msci":'.
Unable to parse line 49 'if esg_choice == "s&p":'.
Unable to parse line 64 'industry_level = 0 # 0 = map to larger groups, 1 = GICS_level_1, 2 = GICS_level_2'.
Passed unknown parameter: fama_factors_currency
Passed unknown parameter: industry_level
Passed unknown parameter: sweep_mode
Passed unknown parameter: sweep_run_id
Passed unknown parameter: sweep_out_dir
  !! run US_Sweep_Behaviours_0195 FAILED: output folder /Users/cbruce1/Documents/GitHub/fund_analysis/output/SWEEP_US_Sweep_Behaviours/executed_notebooks doesn't exist.
Unable to parse line 10 'fama_factors_currency = "JPY"   # "USD" = US investor; "JPY" = Japanese investor'.
Unable to parse line 19 'start_year = 2018  # these ESG sources are aligned for `start_year==2013`'.
Unable to parse line 36 'download_gics_data = False   # re-pull GICS from WRDS (False = read cached ./data/GICS/ csv)'.
Unable to parse line 41 'if esg_choice == "refinitiv":'.
Unable to parse line 45 'if esg_choice == "msci":'.
Unable to parse line 49 'if esg_choice == "s&p":'.
Unable to parse line 64 'industry_level = 0 # 0 = map to larger groups, 1 = GICS_level_1, 2 = GICS_level_2'.
Passed unknown parameter: fama_factors_currency
Passed unknown parameter: industry_level
Passed unknown parameter: sweep_mode
Passed unknown parameter: sweep_run_id
Passed unknown parameter: sweep_out_dir
  !! run US_Sweep_Behaviours_0196 FAILED: output folder /Users/cbruce1/Documents/GitHub/fund_analysis/output/SWEEP_US_Sweep_Behaviours/executed_notebooks doesn't exist.
Unable to parse line 10 'fama_factors_currency = "JPY"   # "USD" = US investor; "JPY" = Japanese investor'.
Unable to parse line 19 'start_year = 2018  # these ESG sources are aligned for `start_year==2013`'.
Unable to parse line 36 'download_gics_data = False   # re-pull GICS from WRDS (False = read cached ./data/GICS/ csv)'.
Unable to parse line 41 'if esg_choice == "refinitiv":'.
Unable to parse line 45 'if esg_choice == "msci":'.
Unable to parse line 49 'if esg_choice == "s&p":'.
Unable to parse line 64 'industry_level = 0 # 0 = map to larger groups, 1 = GICS_level_1, 2 = GICS_level_2'.
Passed unknown parameter: fama_factors_currency
Passed unknown parameter: industry_level
Passed unknown parameter: sweep_mode
Passed unknown parameter: sweep_run_id
Passed unknown parameter: sweep_out_dir
  !! run US_Sweep_Behaviours_0197 FAILED: output folder /Users/cbruce1/Documents/GitHub/fund_analysis/output/SWEEP_US_Sweep_Behaviours/executed_notebooks doesn't exist.
Unable to parse line 10 'fama_factors_currency = "JPY"   # "USD" = US investor; "JPY" = Japanese investor'.
Unable to parse line 19 'start_year = 2018  # these ESG sources are aligned for `start_year==2013`'.
Unable to parse line 36 'download_gics_data = False   # re-pull GICS from WRDS (False = read cached ./data/GICS/ csv)'.
Unable to parse line 41 'if esg_choice == "refinitiv":'.
Unable to parse line 45 'if esg_choice == "msci":'.
Unable to parse line 49 'if esg_choice == "s&p":'.
Unable to parse line 64 'industry_level = 0 # 0 = map to larger groups, 1 = GICS_level_1, 2 = GICS_level_2'.
Passed unknown parameter: fama_factors_currency
Passed unknown parameter: industry_level
Passed unknown parameter: sweep_mode
Passed unknown parameter: sweep_run_id
Passed unknown parameter: sweep_out_dir
  !! run US_Sweep_Behaviours_0198 FAILED: output folder /Users/cbruce1/Documents/GitHub/fund_analysis/output/SWEEP_US_Sweep_Behaviours/executed_notebooks doesn't exist.
Unable to parse line 10 'fama_factors_currency = "JPY"   # "USD" = US investor; "JPY" = Japanese investor'.
Unable to parse line 19 'start_year = 2018  # these ESG sources are aligned for `start_year==2013`'.
Unable to parse line 36 'download_gics_data = False   # re-pull GICS from WRDS (False = read cached ./data/GICS/ csv)'.
Unable to parse line 41 'if esg_choice == "refinitiv":'.
Unable to parse line 45 'if esg_choice == "msci":'.
Unable to parse line 49 'if esg_choice == "s&p":'.
Unable to parse line 64 'industry_level = 0 # 0 = map to larger groups, 1 = GICS_level_1, 2 = GICS_level_2'.
Passed unknown parameter: fama_factors_currency
Passed unknown parameter: industry_level
Passed unknown parameter: sweep_mode
Passed unknown parameter: sweep_run_id
Passed unknown parameter: sweep_out_dir
  !! run US_Sweep_Behaviours_0199 FAILED: output folder /Users/cbruce1/Documents/GitHub/fund_analysis/output/SWEEP_US_Sweep_Behaviours/executed_notebooks doesn't exist.
Unable to parse line 10 'fama_factors_currency = "JPY"   # "USD" = US investor; "JPY" = Japanese investor'.
Unable to parse line 19 'start_year = 2018  # these ESG sources are aligned for `start_year==2013`'.
Unable to parse line 36 'download_gics_data = False   # re-pull GICS from WRDS (False = read cached ./data/GICS/ csv)'.
Unable to parse line 41 'if esg_choice == "refinitiv":'.
Unable to parse line 45 'if esg_choice == "msci":'.
Unable to parse line 49 'if esg_choice == "s&p":'.
Unable to parse line 64 'industry_level = 0 # 0 = map to larger groups, 1 = GICS_level_1, 2 = GICS_level_2'.
Passed unknown parameter: fama_factors_currency
Passed unknown parameter: industry_level
Passed unknown parameter: sweep_mode
Passed unknown parameter: sweep_run_id
Passed unknown parameter: sweep_out_dir
  !! run US_Sweep_Behaviours_0200 FAILED: output folder /Users/cbruce1/Documents/GitHub/fund_analysis/output/SWEEP_US_Sweep_Behaviours/executed_notebooks doesn't exist.
Unable to parse line 10 'fama_factors_currency = "JPY"   # "USD" = US investor; "JPY" = Japanese investor'.
Unable to parse line 19 'start_year = 2018  # these ESG sources are aligned for `start_year==2013`'.
Unable to parse line 36 'download_gics_data = False   # re-pull GICS from WRDS (False = read cached ./data/GICS/ csv)'.
Unable to parse line 41 'if esg_choice == "refinitiv":'.
Unable to parse line 45 'if esg_choice == "msci":'.
Unable to parse line 49 'if esg_choice == "s&p":'.
Unable to parse line 64 'industry_level = 0 # 0 = map to larger groups, 1 = GICS_level_1, 2 = GICS_level_2'.
Passed unknown parameter: fama_factors_currency
Passed unknown parameter: industry_level
Passed unknown parameter: sweep_mode
Passed unknown parameter: sweep_run_id
Passed unknown parameter: sweep_out_dir
  !! run US_Sweep_Behaviours_0201 FAILED: output folder /Users/cbruce1/Documents/GitHub/fund_analysis/output/SWEEP_US_Sweep_Behaviours/executed_notebooks doesn't exist.
Unable to parse line 10 'fama_factors_currency = "JPY"   # "USD" = US investor; "JPY" = Japanese investor'.
Unable to parse line 19 'start_year = 2018  # these ESG sources are aligned for `start_year==2013`'.
Unable to parse line 36 'download_gics_data = False   # re-pull GICS from WRDS (False = read cached ./data/GICS/ csv)'.
Unable to parse line 41 'if esg_choice == "refinitiv":'.
Unable to parse line 45 'if esg_choice == "msci":'.
Unable to parse line 49 'if esg_choice == "s&p":'.
Unable to parse line 64 'industry_level = 0 # 0 = map to larger groups, 1 = GICS_level_1, 2 = GICS_level_2'.
Passed unknown parameter: fama_factors_currency
Passed unknown parameter: industry_level
Passed unknown parameter: sweep_mode
Passed unknown parameter: sweep_run_id
Passed unknown parameter: sweep_out_dir
  !! run US_Sweep_Behaviours_0202 FAILED: output folder /Users/cbruce1/Documents/GitHub/fund_analysis/output/SWEEP_US_Sweep_Behaviours/executed_notebooks doesn't exist.
Unable to parse line 10 'fama_factors_currency = "JPY"   # "USD" = US investor; "JPY" = Japanese investor'.
Unable to parse line 19 'start_year = 2018  # these ESG sources are aligned for `start_year==2013`'.
Unable to parse line 36 'download_gics_data = False   # re-pull GICS from WRDS (False = read cached ./data/GICS/ csv)'.
Unable to parse line 41 'if esg_choice == "refinitiv":'.
Unable to parse line 45 'if esg_choice == "msci":'.
Unable to parse line 49 'if esg_choice == "s&p":'.
Unable to parse line 64 'industry_level = 0 # 0 = map to larger groups, 1 = GICS_level_1, 2 = GICS_level_2'.
Passed unknown parameter: fama_factors_currency
Passed unknown parameter: industry_level
Passed unknown parameter: sweep_mode
Passed unknown parameter: sweep_run_id
Passed unknown parameter: sweep_out_dir
  !! run US_Sweep_Behaviours_0203 FAILED: output folder /Users/cbruce1/Documents/GitHub/fund_analysis/output/SWEEP_US_Sweep_Behaviours/executed_notebooks doesn't exist.
Unable to parse line 10 'fama_factors_currency = "JPY"   # "USD" = US investor; "JPY" = Japanese investor'.
Unable to parse line 19 'start_year = 2018  # these ESG sources are aligned for `start_year==2013`'.
Unable to parse line 36 'download_gics_data = False   # re-pull GICS from WRDS (False = read cached ./data/GICS/ csv)'.
Unable to parse line 41 'if esg_choice == "refinitiv":'.
Unable to parse line 45 'if esg_choice == "msci":'.
Unable to parse line 49 'if esg_choice == "s&p":'.
Unable to parse line 64 'industry_level = 0 # 0 = map to larger groups, 1 = GICS_level_1, 2 = GICS_level_2'.
Passed unknown parameter: fama_factors_currency
Passed unknown parameter: industry_level
Passed unknown parameter: sweep_mode
Passed unknown parameter: sweep_run_id
Passed unknown parameter: sweep_out_dir
  !! run US_Sweep_Behaviours_0204 FAILED: output folder /Users/cbruce1/Documents/GitHub/fund_analysis/output/SWEEP_US_Sweep_Behaviours/executed_notebooks doesn't exist.
Unable to parse line 10 'fama_factors_currency = "JPY"   # "USD" = US investor; "JPY" = Japanese investor'.
Unable to parse line 19 'start_year = 2018  # these ESG sources are aligned for `start_year==2013`'.
Unable to parse line 36 'download_gics_data = False   # re-pull GICS from WRDS (False = read cached ./data/GICS/ csv)'.
Unable to parse line 41 'if esg_choice == "refinitiv":'.
Unable to parse line 45 'if esg_choice == "msci":'.
Unable to parse line 49 'if esg_choice == "s&p":'.
Unable to parse line 64 'industry_level = 0 # 0 = map to larger groups, 1 = GICS_level_1, 2 = GICS_level_2'.
Passed unknown parameter: fama_factors_currency
Passed unknown parameter: industry_level
Passed unknown parameter: sweep_mode
Passed unknown parameter: sweep_run_id
Passed unknown parameter: sweep_out_dir
  !! run US_Sweep_Behaviours_0205 FAILED: output folder /Users/cbruce1/Documents/GitHub/fund_analysis/output/SWEEP_US_Sweep_Behaviours/executed_notebooks doesn't exist.
Unable to parse line 10 'fama_factors_currency = "JPY"   # "USD" = US investor; "JPY" = Japanese investor'.
Unable to parse line 19 'start_year = 2018  # these ESG sources are aligned for `start_year==2013`'.
Unable to parse line 36 'download_gics_data = False   # re-pull GICS from WRDS (False = read cached ./data/GICS/ csv)'.
Unable to parse line 41 'if esg_choice == "refinitiv":'.
Unable to parse line 45 'if esg_choice == "msci":'.
Unable to parse line 49 'if esg_choice == "s&p":'.
Unable to parse line 64 'industry_level = 0 # 0 = map to larger groups, 1 = GICS_level_1, 2 = GICS_level_2'.
Passed unknown parameter: fama_factors_currency
Passed unknown parameter: industry_level
Passed unknown parameter: sweep_mode
Passed unknown parameter: sweep_run_id
Passed unknown parameter: sweep_out_dir
  !! run US_Sweep_Behaviours_0206 FAILED: output folder /Users/cbruce1/Documents/GitHub/fund_analysis/output/SWEEP_US_Sweep_Behaviours/executed_notebooks doesn't exist.
Unable to parse line 10 'fama_factors_currency = "JPY"   # "USD" = US investor; "JPY" = Japanese investor'.
Unable to parse line 19 'start_year = 2018  # these ESG sources are aligned for `start_year==2013`'.
Unable to parse line 36 'download_gics_data = False   # re-pull GICS from WRDS (False = read cached ./data/GICS/ csv)'.
Unable to parse line 41 'if esg_choice == "refinitiv":'.
Unable to parse line 45 'if esg_choice == "msci":'.
Unable to parse line 49 'if esg_choice == "s&p":'.
Unable to parse line 64 'industry_level = 0 # 0 = map to larger groups, 1 = GICS_level_1, 2 = GICS_level_2'.
Passed unknown parameter: fama_factors_currency
Passed unknown parameter: industry_level
Passed unknown parameter: sweep_mode
Passed unknown parameter: sweep_run_id
Passed unknown parameter: sweep_out_dir
  !! run US_Sweep_Behaviours_0207 FAILED: output folder /Users/cbruce1/Documents/GitHub/fund_analysis/output/SWEEP_US_Sweep_Behaviours/executed_notebooks doesn't exist.
Unable to parse line 10 'fama_factors_currency = "JPY"   # "USD" = US investor; "JPY" = Japanese investor'.
Unable to parse line 19 'start_year = 2018  # these ESG sources are aligned for `start_year==2013`'.
Unable to parse line 36 'download_gics_data = False   # re-pull GICS from WRDS (False = read cached ./data/GICS/ csv)'.
Unable to parse line 41 'if esg_choice == "refinitiv":'.
Unable to parse line 45 'if esg_choice == "msci":'.
Unable to parse line 49 'if esg_choice == "s&p":'.
Unable to parse line 64 'industry_level = 0 # 0 = map to larger groups, 1 = GICS_level_1, 2 = GICS_level_2'.
Passed unknown parameter: fama_factors_currency
Passed unknown parameter: industry_level
Passed unknown parameter: sweep_mode
Passed unknown parameter: sweep_run_id
Passed unknown parameter: sweep_out_dir
  !! run US_Sweep_Behaviours_0208 FAILED: output folder /Users/cbruce1/Documents/GitHub/fund_analysis/output/SWEEP_US_Sweep_Behaviours/executed_notebooks doesn't exist.
Unable to parse line 10 'fama_factors_currency = "JPY"   # "USD" = US investor; "JPY" = Japanese investor'.
Unable to parse line 19 'start_year = 2018  # these ESG sources are aligned for `start_year==2013`'.
Unable to parse line 36 'download_gics_data = False   # re-pull GICS from WRDS (False = read cached ./data/GICS/ csv)'.
Unable to parse line 41 'if esg_choice == "refinitiv":'.
Unable to parse line 45 'if esg_choice == "msci":'.
Unable to parse line 49 'if esg_choice == "s&p":'.
Unable to parse line 64 'industry_level = 0 # 0 = map to larger groups, 1 = GICS_level_1, 2 = GICS_level_2'.
Passed unknown parameter: fama_factors_currency
Passed unknown parameter: industry_level
Passed unknown parameter: sweep_mode
Passed unknown parameter: sweep_run_id
Passed unknown parameter: sweep_out_dir
  !! run US_Sweep_Behaviours_0209 FAILED: output folder /Users/cbruce1/Documents/GitHub/fund_analysis/output/SWEEP_US_Sweep_Behaviours/executed_notebooks doesn't exist.
Unable to parse line 10 'fama_factors_currency = "JPY"   # "USD" = US investor; "JPY" = Japanese investor'.
Unable to parse line 19 'start_year = 2018  # these ESG sources are aligned for `start_year==2013`'.
Unable to parse line 36 'download_gics_data = False   # re-pull GICS from WRDS (False = read cached ./data/GICS/ csv)'.
Unable to parse line 41 'if esg_choice == "refinitiv":'.
Unable to parse line 45 'if esg_choice == "msci":'.
Unable to parse line 49 'if esg_choice == "s&p":'.
Unable to parse line 64 'industry_level = 0 # 0 = map to larger groups, 1 = GICS_level_1, 2 = GICS_level_2'.
Passed unknown parameter: fama_factors_currency
Passed unknown parameter: industry_level
Passed unknown parameter: sweep_mode
Passed unknown parameter: sweep_run_id
Passed unknown parameter: sweep_out_dir
  !! run US_Sweep_Behaviours_0210 FAILED: output folder /Users/cbruce1/Documents/GitHub/fund_analysis/output/SWEEP_US_Sweep_Behaviours/executed_notebooks doesn't exist.
Unable to parse line 10 'fama_factors_currency = "JPY"   # "USD" = US investor; "JPY" = Japanese investor'.
Unable to parse line 19 'start_year = 2018  # these ESG sources are aligned for `start_year==2013`'.
Unable to parse line 36 'download_gics_data = False   # re-pull GICS from WRDS (False = read cached ./data/GICS/ csv)'.
Unable to parse line 41 'if esg_choice == "refinitiv":'.
Unable to parse line 45 'if esg_choice == "msci":'.
Unable to parse line 49 'if esg_choice == "s&p":'.
Unable to parse line 64 'industry_level = 0 # 0 = map to larger groups, 1 = GICS_level_1, 2 = GICS_level_2'.
Passed unknown parameter: fama_factors_currency
Passed unknown parameter: industry_level
Passed unknown parameter: sweep_mode
Passed unknown parameter: sweep_run_id
Passed unknown parameter: sweep_out_dir
  !! run US_Sweep_Behaviours_0211 FAILED: output folder /Users/cbruce1/Documents/GitHub/fund_analysis/output/SWEEP_US_Sweep_Behaviours/executed_notebooks doesn't exist.
Unable to parse line 10 'fama_factors_currency = "JPY"   # "USD" = US investor; "JPY" = Japanese investor'.
Unable to parse line 19 'start_year = 2018  # these ESG sources are aligned for `start_year==2013`'.
Unable to parse line 36 'download_gics_data = False   # re-pull GICS from WRDS (False = read cached ./data/GICS/ csv)'.
Unable to parse line 41 'if esg_choice == "refinitiv":'.
Unable to parse line 45 'if esg_choice == "msci":'.
Unable to parse line 49 'if esg_choice == "s&p":'.
Unable to parse line 64 'industry_level = 0 # 0 = map to larger groups, 1 = GICS_level_1, 2 = GICS_level_2'.
Passed unknown parameter: fama_factors_currency
Passed unknown parameter: industry_level
Passed unknown parameter: sweep_mode
Passed unknown parameter: sweep_run_id
Passed unknown parameter: sweep_out_dir
  !! run US_Sweep_Behaviours_0212 FAILED: output folder /Users/cbruce1/Documents/GitHub/fund_analysis/output/SWEEP_US_Sweep_Behaviours/executed_notebooks doesn't exist.
Unable to parse line 10 'fama_factors_currency = "JPY"   # "USD" = US investor; "JPY" = Japanese investor'.
Unable to parse line 19 'start_year = 2018  # these ESG sources are aligned for `start_year==2013`'.
Unable to parse line 36 'download_gics_data = False   # re-pull GICS from WRDS (False = read cached ./data/GICS/ csv)'.
Unable to parse line 41 'if esg_choice == "refinitiv":'.
Unable to parse line 45 'if esg_choice == "msci":'.
Unable to parse line 49 'if esg_choice == "s&p":'.
Unable to parse line 64 'industry_level = 0 # 0 = map to larger groups, 1 = GICS_level_1, 2 = GICS_level_2'.
Passed unknown parameter: fama_factors_currency
Passed unknown parameter: industry_level
Passed unknown parameter: sweep_mode
Passed unknown parameter: sweep_run_id
Passed unknown parameter: sweep_out_dir
  !! run US_Sweep_Behaviours_0213 FAILED: output folder /Users/cbruce1/Documents/GitHub/fund_analysis/output/SWEEP_US_Sweep_Behaviours/executed_notebooks doesn't exist.
Unable to parse line 10 'fama_factors_currency = "JPY"   # "USD" = US investor; "JPY" = Japanese investor'.
Unable to parse line 19 'start_year = 2018  # these ESG sources are aligned for `start_year==2013`'.
Unable to parse line 36 'download_gics_data = False   # re-pull GICS from WRDS (False = read cached ./data/GICS/ csv)'.
Unable to parse line 41 'if esg_choice == "refinitiv":'.
Unable to parse line 45 'if esg_choice == "msci":'.
Unable to parse line 49 'if esg_choice == "s&p":'.
Unable to parse line 64 'industry_level = 0 # 0 = map to larger groups, 1 = GICS_level_1, 2 = GICS_level_2'.
Passed unknown parameter: fama_factors_currency
Passed unknown parameter: industry_level
Passed unknown parameter: sweep_mode
Passed unknown parameter: sweep_run_id
Passed unknown parameter: sweep_out_dir
  !! run US_Sweep_Behaviours_0214 FAILED: output folder /Users/cbruce1/Documents/GitHub/fund_analysis/output/SWEEP_US_Sweep_Behaviours/executed_notebooks doesn't exist.
Unable to parse line 10 'fama_factors_currency = "JPY"   # "USD" = US investor; "JPY" = Japanese investor'.
Unable to parse line 19 'start_year = 2018  # these ESG sources are aligned for `start_year==2013`'.
Unable to parse line 36 'download_gics_data = False   # re-pull GICS from WRDS (False = read cached ./data/GICS/ csv)'.
Unable to parse line 41 'if esg_choice == "refinitiv":'.
Unable to parse line 45 'if esg_choice == "msci":'.
Unable to parse line 49 'if esg_choice == "s&p":'.
Unable to parse line 64 'industry_level = 0 # 0 = map to larger groups, 1 = GICS_level_1, 2 = GICS_level_2'.
Passed unknown parameter: fama_factors_currency
Passed unknown parameter: industry_level
Passed unknown parameter: sweep_mode
Passed unknown parameter: sweep_run_id
Passed unknown parameter: sweep_out_dir
  !! run US_Sweep_Behaviours_0215 FAILED: output folder /Users/cbruce1/Documents/GitHub/fund_analysis/output/SWEEP_US_Sweep_Behaviours/executed_notebooks doesn't exist.
Unable to parse line 10 'fama_factors_currency = "JPY"   # "USD" = US investor; "JPY" = Japanese investor'.
Unable to parse line 19 'start_year = 2018  # these ESG sources are aligned for `start_year==2013`'.
Unable to parse line 36 'download_gics_data = False   # re-pull GICS from WRDS (False = read cached ./data/GICS/ csv)'.
Unable to parse line 41 'if esg_choice == "refinitiv":'.
Unable to parse line 45 'if esg_choice == "msci":'.
Unable to parse line 49 'if esg_choice == "s&p":'.
Unable to parse line 64 'industry_level = 0 # 0 = map to larger groups, 1 = GICS_level_1, 2 = GICS_level_2'.
Passed unknown parameter: fama_factors_currency
Passed unknown parameter: industry_level
Passed unknown parameter: sweep_mode
Passed unknown parameter: sweep_run_id
Passed unknown parameter: sweep_out_dir
  !! run US_Sweep_Behaviours_0216 FAILED: output folder /Users/cbruce1/Documents/GitHub/fund_analysis/output/SWEEP_US_Sweep_Behaviours/executed_notebooks doesn't exist.
Unable to parse line 10 'fama_factors_currency = "JPY"   # "USD" = US investor; "JPY" = Japanese investor'.
Unable to parse line 19 'start_year = 2018  # these ESG sources are aligned for `start_year==2013`'.
Unable to parse line 36 'download_gics_data = False   # re-pull GICS from WRDS (False = read cached ./data/GICS/ csv)'.
Unable to parse line 41 'if esg_choice == "refinitiv":'.
Unable to parse line 45 'if esg_choice == "msci":'.
Unable to parse line 49 'if esg_choice == "s&p":'.
Unable to parse line 64 'industry_level = 0 # 0 = map to larger groups, 1 = GICS_level_1, 2 = GICS_level_2'.
Passed unknown parameter: fama_factors_currency
Passed unknown parameter: industry_level
Passed unknown parameter: sweep_mode
Passed unknown parameter: sweep_run_id
Passed unknown parameter: sweep_out_dir
  !! run US_Sweep_Behaviours_0217 FAILED: output folder /Users/cbruce1/Documents/GitHub/fund_analysis/output/SWEEP_US_Sweep_Behaviours/executed_notebooks doesn't exist.
Unable to parse line 10 'fama_factors_currency = "JPY"   # "USD" = US investor; "JPY" = Japanese investor'.
Unable to parse line 19 'start_year = 2018  # these ESG sources are aligned for `start_year==2013`'.
Unable to parse line 36 'download_gics_data = False   # re-pull GICS from WRDS (False = read cached ./data/GICS/ csv)'.
Unable to parse line 41 'if esg_choice == "refinitiv":'.
Unable to parse line 45 'if esg_choice == "msci":'.
Unable to parse line 49 'if esg_choice == "s&p":'.
Unable to parse line 64 'industry_level = 0 # 0 = map to larger groups, 1 = GICS_level_1, 2 = GICS_level_2'.
Passed unknown parameter: fama_factors_currency
Passed unknown parameter: industry_level
Passed unknown parameter: sweep_mode
Passed unknown parameter: sweep_run_id
Passed unknown parameter: sweep_out_dir
  !! run US_Sweep_Behaviours_0218 FAILED: output folder /Users/cbruce1/Documents/GitHub/fund_analysis/output/SWEEP_US_Sweep_Behaviours/executed_notebooks doesn't exist.
Unable to parse line 10 'fama_factors_currency = "JPY"   # "USD" = US investor; "JPY" = Japanese investor'.
Unable to parse line 19 'start_year = 2018  # these ESG sources are aligned for `start_year==2013`'.
Unable to parse line 36 'download_gics_data = False   # re-pull GICS from WRDS (False = read cached ./data/GICS/ csv)'.
Unable to parse line 41 'if esg_choice == "refinitiv":'.
Unable to parse line 45 'if esg_choice == "msci":'.
Unable to parse line 49 'if esg_choice == "s&p":'.
Unable to parse line 64 'industry_level = 0 # 0 = map to larger groups, 1 = GICS_level_1, 2 = GICS_level_2'.
Passed unknown parameter: fama_factors_currency
Passed unknown parameter: industry_level
Passed unknown parameter: sweep_mode
Passed unknown parameter: sweep_run_id
Passed unknown parameter: sweep_out_dir
  !! run US_Sweep_Behaviours_0219 FAILED: output folder /Users/cbruce1/Documents/GitHub/fund_analysis/output/SWEEP_US_Sweep_Behaviours/executed_notebooks doesn't exist.
Unable to parse line 10 'fama_factors_currency = "JPY"   # "USD" = US investor; "JPY" = Japanese investor'.
Unable to parse line 19 'start_year = 2018  # these ESG sources are aligned for `start_year==2013`'.
Unable to parse line 36 'download_gics_data = False   # re-pull GICS from WRDS (False = read cached ./data/GICS/ csv)'.
Unable to parse line 41 'if esg_choice == "refinitiv":'.
Unable to parse line 45 'if esg_choice == "msci":'.
Unable to parse line 49 'if esg_choice == "s&p":'.
Unable to parse line 64 'industry_level = 0 # 0 = map to larger groups, 1 = GICS_level_1, 2 = GICS_level_2'.
Passed unknown parameter: fama_factors_currency
Passed unknown parameter: industry_level
Passed unknown parameter: sweep_mode
Passed unknown parameter: sweep_run_id
Passed unknown parameter: sweep_out_dir
  !! run US_Sweep_Behaviours_0220 FAILED: output folder /Users/cbruce1/Documents/GitHub/fund_analysis/output/SWEEP_US_Sweep_Behaviours/executed_notebooks doesn't exist.
Unable to parse line 10 'fama_factors_currency = "JPY"   # "USD" = US investor; "JPY" = Japanese investor'.
Unable to parse line 19 'start_year = 2018  # these ESG sources are aligned for `start_year==2013`'.
Unable to parse line 36 'download_gics_data = False   # re-pull GICS from WRDS (False = read cached ./data/GICS/ csv)'.
Unable to parse line 41 'if esg_choice == "refinitiv":'.
Unable to parse line 45 'if esg_choice == "msci":'.
Unable to parse line 49 'if esg_choice == "s&p":'.
Unable to parse line 64 'industry_level = 0 # 0 = map to larger groups, 1 = GICS_level_1, 2 = GICS_level_2'.
Passed unknown parameter: fama_factors_currency
Passed unknown parameter: industry_level
Passed unknown parameter: sweep_mode
Passed unknown parameter: sweep_run_id
Passed unknown parameter: sweep_out_dir
  !! run US_Sweep_Behaviours_0221 FAILED: output folder /Users/cbruce1/Documents/GitHub/fund_analysis/output/SWEEP_US_Sweep_Behaviours/executed_notebooks doesn't exist.
Unable to parse line 10 'fama_factors_currency = "JPY"   # "USD" = US investor; "JPY" = Japanese investor'.
Unable to parse line 19 'start_year = 2018  # these ESG sources are aligned for `start_year==2013`'.
Unable to parse line 36 'download_gics_data = False   # re-pull GICS from WRDS (False = read cached ./data/GICS/ csv)'.
Unable to parse line 41 'if esg_choice == "refinitiv":'.
Unable to parse line 45 'if esg_choice == "msci":'.
Unable to parse line 49 'if esg_choice == "s&p":'.
Unable to parse line 64 'industry_level = 0 # 0 = map to larger groups, 1 = GICS_level_1, 2 = GICS_level_2'.
Passed unknown parameter: fama_factors_currency
Passed unknown parameter: industry_level
Passed unknown parameter: sweep_mode
Passed unknown parameter: sweep_run_id
Passed unknown parameter: sweep_out_dir
  !! run US_Sweep_Behaviours_0222 FAILED: output folder /Users/cbruce1/Documents/GitHub/fund_analysis/output/SWEEP_US_Sweep_Behaviours/executed_notebooks doesn't exist.
Unable to parse line 10 'fama_factors_currency = "JPY"   # "USD" = US investor; "JPY" = Japanese investor'.
Unable to parse line 19 'start_year = 2018  # these ESG sources are aligned for `start_year==2013`'.
Unable to parse line 36 'download_gics_data = False   # re-pull GICS from WRDS (False = read cached ./data/GICS/ csv)'.
Unable to parse line 41 'if esg_choice == "refinitiv":'.
Unable to parse line 45 'if esg_choice == "msci":'.
Unable to parse line 49 'if esg_choice == "s&p":'.
Unable to parse line 64 'industry_level = 0 # 0 = map to larger groups, 1 = GICS_level_1, 2 = GICS_level_2'.
Passed unknown parameter: fama_factors_currency
Passed unknown parameter: industry_level
Passed unknown parameter: sweep_mode
Passed unknown parameter: sweep_run_id
Passed unknown parameter: sweep_out_dir
  !! run US_Sweep_Behaviours_0223 FAILED: output folder /Users/cbruce1/Documents/GitHub/fund_analysis/output/SWEEP_US_Sweep_Behaviours/executed_notebooks doesn't exist.
Unable to parse line 10 'fama_factors_currency = "JPY"   # "USD" = US investor; "JPY" = Japanese investor'.
Unable to parse line 19 'start_year = 2018  # these ESG sources are aligned for `start_year==2013`'.
Unable to parse line 36 'download_gics_data = False   # re-pull GICS from WRDS (False = read cached ./data/GICS/ csv)'.
Unable to parse line 41 'if esg_choice == "refinitiv":'.
Unable to parse line 45 'if esg_choice == "msci":'.
Unable to parse line 49 'if esg_choice == "s&p":'.
Unable to parse line 64 'industry_level = 0 # 0 = map to larger groups, 1 = GICS_level_1, 2 = GICS_level_2'.
Passed unknown parameter: fama_factors_currency
Passed unknown parameter: industry_level
Passed unknown parameter: sweep_mode
Passed unknown parameter: sweep_run_id
Passed unknown parameter: sweep_out_dir
  !! run US_Sweep_Behaviours_0224 FAILED: output folder /Users/cbruce1/Documents/GitHub/fund_analysis/output/SWEEP_US_Sweep_Behaviours/executed_notebooks doesn't exist.
Unable to parse line 10 'fama_factors_currency = "JPY"   # "USD" = US investor; "JPY" = Japanese investor'.
Unable to parse line 19 'start_year = 2018  # these ESG sources are aligned for `start_year==2013`'.
Unable to parse line 36 'download_gics_data = False   # re-pull GICS from WRDS (False = read cached ./data/GICS/ csv)'.
Unable to parse line 41 'if esg_choice == "refinitiv":'.
Unable to parse line 45 'if esg_choice == "msci":'.
Unable to parse line 49 'if esg_choice == "s&p":'.
Unable to parse line 64 'industry_level = 0 # 0 = map to larger groups, 1 = GICS_level_1, 2 = GICS_level_2'.
Passed unknown parameter: fama_factors_currency
Passed unknown parameter: industry_level
Passed unknown parameter: sweep_mode
Passed unknown parameter: sweep_run_id
Passed unknown parameter: sweep_out_dir
  !! run US_Sweep_Behaviours_0225 FAILED: output folder /Users/cbruce1/Documents/GitHub/fund_analysis/output/SWEEP_US_Sweep_Behaviours/executed_notebooks doesn't exist.
Unable to parse line 10 'fama_factors_currency = "JPY"   # "USD" = US investor; "JPY" = Japanese investor'.
Unable to parse line 19 'start_year = 2018  # these ESG sources are aligned for `start_year==2013`'.
Unable to parse line 36 'download_gics_data = False   # re-pull GICS from WRDS (False = read cached ./data/GICS/ csv)'.
Unable to parse line 41 'if esg_choice == "refinitiv":'.
Unable to parse line 45 'if esg_choice == "msci":'.
Unable to parse line 49 'if esg_choice == "s&p":'.
Unable to parse line 64 'industry_level = 0 # 0 = map to larger groups, 1 = GICS_level_1, 2 = GICS_level_2'.
Passed unknown parameter: fama_factors_currency
Passed unknown parameter: industry_level
Passed unknown parameter: sweep_mode
Passed unknown parameter: sweep_run_id
Passed unknown parameter: sweep_out_dir
  !! run US_Sweep_Behaviours_0226 FAILED: output folder /Users/cbruce1/Documents/GitHub/fund_analysis/output/SWEEP_US_Sweep_Behaviours/executed_notebooks doesn't exist.
Unable to parse line 10 'fama_factors_currency = "JPY"   # "USD" = US investor; "JPY" = Japanese investor'.
Unable to parse line 19 'start_year = 2018  # these ESG sources are aligned for `start_year==2013`'.
Unable to parse line 36 'download_gics_data = False   # re-pull GICS from WRDS (False = read cached ./data/GICS/ csv)'.
Unable to parse line 41 'if esg_choice == "refinitiv":'.
Unable to parse line 45 'if esg_choice == "msci":'.
Unable to parse line 49 'if esg_choice == "s&p":'.
Unable to parse line 64 'industry_level = 0 # 0 = map to larger groups, 1 = GICS_level_1, 2 = GICS_level_2'.
Passed unknown parameter: fama_factors_currency
Passed unknown parameter: industry_level
Passed unknown parameter: sweep_mode
Passed unknown parameter: sweep_run_id
Passed unknown parameter: sweep_out_dir
  !! run US_Sweep_Behaviours_0227 FAILED: output folder /Users/cbruce1/Documents/GitHub/fund_analysis/output/SWEEP_US_Sweep_Behaviours/executed_notebooks doesn't exist.
Unable to parse line 10 'fama_factors_currency = "JPY"   # "USD" = US investor; "JPY" = Japanese investor'.
Unable to parse line 19 'start_year = 2018  # these ESG sources are aligned for `start_year==2013`'.
Unable to parse line 36 'download_gics_data = False   # re-pull GICS from WRDS (False = read cached ./data/GICS/ csv)'.
Unable to parse line 41 'if esg_choice == "refinitiv":'.
Unable to parse line 45 'if esg_choice == "msci":'.
Unable to parse line 49 'if esg_choice == "s&p":'.
Unable to parse line 64 'industry_level = 0 # 0 = map to larger groups, 1 = GICS_level_1, 2 = GICS_level_2'.
Passed unknown parameter: fama_factors_currency
Passed unknown parameter: industry_level
Passed unknown parameter: sweep_mode
Passed unknown parameter: sweep_run_id
Passed unknown parameter: sweep_out_dir
  !! run US_Sweep_Behaviours_0228 FAILED: output folder /Users/cbruce1/Documents/GitHub/fund_analysis/output/SWEEP_US_Sweep_Behaviours/executed_notebooks doesn't exist.
Unable to parse line 10 'fama_factors_currency = "JPY"   # "USD" = US investor; "JPY" = Japanese investor'.
Unable to parse line 19 'start_year = 2018  # these ESG sources are aligned for `start_year==2013`'.
Unable to parse line 36 'download_gics_data = False   # re-pull GICS from WRDS (False = read cached ./data/GICS/ csv)'.
Unable to parse line 41 'if esg_choice == "refinitiv":'.
Unable to parse line 45 'if esg_choice == "msci":'.
Unable to parse line 49 'if esg_choice == "s&p":'.
Unable to parse line 64 'industry_level = 0 # 0 = map to larger groups, 1 = GICS_level_1, 2 = GICS_level_2'.
Passed unknown parameter: fama_factors_currency
Passed unknown parameter: industry_level
Passed unknown parameter: sweep_mode
Passed unknown parameter: sweep_run_id
Passed unknown parameter: sweep_out_dir
  !! run US_Sweep_Behaviours_0229 FAILED: output folder /Users/cbruce1/Documents/GitHub/fund_analysis/output/SWEEP_US_Sweep_Behaviours/executed_notebooks doesn't exist.
Unable to parse line 10 'fama_factors_currency = "JPY"   # "USD" = US investor; "JPY" = Japanese investor'.
Unable to parse line 19 'start_year = 2018  # these ESG sources are aligned for `start_year==2013`'.
Unable to parse line 36 'download_gics_data = False   # re-pull GICS from WRDS (False = read cached ./data/GICS/ csv)'.
Unable to parse line 41 'if esg_choice == "refinitiv":'.
Unable to parse line 45 'if esg_choice == "msci":'.
Unable to parse line 49 'if esg_choice == "s&p":'.
Unable to parse line 64 'industry_level = 0 # 0 = map to larger groups, 1 = GICS_level_1, 2 = GICS_level_2'.
Passed unknown parameter: fama_factors_currency
Passed unknown parameter: industry_level
Passed unknown parameter: sweep_mode
Passed unknown parameter: sweep_run_id
Passed unknown parameter: sweep_out_dir
  !! run US_Sweep_Behaviours_0230 FAILED: output folder /Users/cbruce1/Documents/GitHub/fund_analysis/output/SWEEP_US_Sweep_Behaviours/executed_notebooks doesn't exist.
Unable to parse line 10 'fama_factors_currency = "JPY"   # "USD" = US investor; "JPY" = Japanese investor'.
Unable to parse line 19 'start_year = 2018  # these ESG sources are aligned for `start_year==2013`'.
Unable to parse line 36 'download_gics_data = False   # re-pull GICS from WRDS (False = read cached ./data/GICS/ csv)'.
Unable to parse line 41 'if esg_choice == "refinitiv":'.
Unable to parse line 45 'if esg_choice == "msci":'.
Unable to parse line 49 'if esg_choice == "s&p":'.
Unable to parse line 64 'industry_level = 0 # 0 = map to larger groups, 1 = GICS_level_1, 2 = GICS_level_2'.
Passed unknown parameter: fama_factors_currency
Passed unknown parameter: industry_level
Passed unknown parameter: sweep_mode
Passed unknown parameter: sweep_run_id
Passed unknown parameter: sweep_out_dir
  !! run US_Sweep_Behaviours_0231 FAILED: output folder /Users/cbruce1/Documents/GitHub/fund_analysis/output/SWEEP_US_Sweep_Behaviours/executed_notebooks doesn't exist.
Unable to parse line 10 'fama_factors_currency = "JPY"   # "USD" = US investor; "JPY" = Japanese investor'.
Unable to parse line 19 'start_year = 2018  # these ESG sources are aligned for `start_year==2013`'.
Unable to parse line 36 'download_gics_data = False   # re-pull GICS from WRDS (False = read cached ./data/GICS/ csv)'.
Unable to parse line 41 'if esg_choice == "refinitiv":'.
Unable to parse line 45 'if esg_choice == "msci":'.
Unable to parse line 49 'if esg_choice == "s&p":'.
Unable to parse line 64 'industry_level = 0 # 0 = map to larger groups, 1 = GICS_level_1, 2 = GICS_level_2'.
Passed unknown parameter: fama_factors_currency
Passed unknown parameter: industry_level
Passed unknown parameter: sweep_mode
Passed unknown parameter: sweep_run_id
Passed unknown parameter: sweep_out_dir
  !! run US_Sweep_Behaviours_0232 FAILED: output folder /Users/cbruce1/Documents/GitHub/fund_analysis/output/SWEEP_US_Sweep_Behaviours/executed_notebooks doesn't exist.
Unable to parse line 10 'fama_factors_currency = "JPY"   # "USD" = US investor; "JPY" = Japanese investor'.
Unable to parse line 19 'start_year = 2018  # these ESG sources are aligned for `start_year==2013`'.
Unable to parse line 36 'download_gics_data = False   # re-pull GICS from WRDS (False = read cached ./data/GICS/ csv)'.
Unable to parse line 41 'if esg_choice == "refinitiv":'.
Unable to parse line 45 'if esg_choice == "msci":'.
Unable to parse line 49 'if esg_choice == "s&p":'.
Unable to parse line 64 'industry_level = 0 # 0 = map to larger groups, 1 = GICS_level_1, 2 = GICS_level_2'.
Passed unknown parameter: fama_factors_currency
Passed unknown parameter: industry_level
Passed unknown parameter: sweep_mode
Passed unknown parameter: sweep_run_id
Passed unknown parameter: sweep_out_dir
  !! run US_Sweep_Behaviours_0233 FAILED: output folder /Users/cbruce1/Documents/GitHub/fund_analysis/output/SWEEP_US_Sweep_Behaviours/executed_notebooks doesn't exist.
Unable to parse line 10 'fama_factors_currency = "JPY"   # "USD" = US investor; "JPY" = Japanese investor'.
Unable to parse line 19 'start_year = 2018  # these ESG sources are aligned for `start_year==2013`'.
Unable to parse line 36 'download_gics_data = False   # re-pull GICS from WRDS (False = read cached ./data/GICS/ csv)'.
Unable to parse line 41 'if esg_choice == "refinitiv":'.
Unable to parse line 45 'if esg_choice == "msci":'.
Unable to parse line 49 'if esg_choice == "s&p":'.
Unable to parse line 64 'industry_level = 0 # 0 = map to larger groups, 1 = GICS_level_1, 2 = GICS_level_2'.
Passed unknown parameter: fama_factors_currency
Passed unknown parameter: industry_level
Passed unknown parameter: sweep_mode
Passed unknown parameter: sweep_run_id
Passed unknown parameter: sweep_out_dir
  !! run US_Sweep_Behaviours_0234 FAILED: output folder /Users/cbruce1/Documents/GitHub/fund_analysis/output/SWEEP_US_Sweep_Behaviours/executed_notebooks doesn't exist.
Unable to parse line 10 'fama_factors_currency = "JPY"   # "USD" = US investor; "JPY" = Japanese investor'.
Unable to parse line 19 'start_year = 2018  # these ESG sources are aligned for `start_year==2013`'.
Unable to parse line 36 'download_gics_data = False   # re-pull GICS from WRDS (False = read cached ./data/GICS/ csv)'.
Unable to parse line 41 'if esg_choice == "refinitiv":'.
Unable to parse line 45 'if esg_choice == "msci":'.
Unable to parse line 49 'if esg_choice == "s&p":'.
Unable to parse line 64 'industry_level = 0 # 0 = map to larger groups, 1 = GICS_level_1, 2 = GICS_level_2'.
Passed unknown parameter: fama_factors_currency
Passed unknown parameter: industry_level
Passed unknown parameter: sweep_mode
Passed unknown parameter: sweep_run_id
Passed unknown parameter: sweep_out_dir
  !! run US_Sweep_Behaviours_0235 FAILED: output folder /Users/cbruce1/Documents/GitHub/fund_analysis/output/SWEEP_US_Sweep_Behaviours/executed_notebooks doesn't exist.
Unable to parse line 10 'fama_factors_currency = "JPY"   # "USD" = US investor; "JPY" = Japanese investor'.
Unable to parse line 19 'start_year = 2018  # these ESG sources are aligned for `start_year==2013`'.
Unable to parse line 36 'download_gics_data = False   # re-pull GICS from WRDS (False = read cached ./data/GICS/ csv)'.
Unable to parse line 41 'if esg_choice == "refinitiv":'.
Unable to parse line 45 'if esg_choice == "msci":'.
Unable to parse line 49 'if esg_choice == "s&p":'.
Unable to parse line 64 'industry_level = 0 # 0 = map to larger groups, 1 = GICS_level_1, 2 = GICS_level_2'.
Passed unknown parameter: fama_factors_currency
Passed unknown parameter: industry_level
Passed unknown parameter: sweep_mode
Passed unknown parameter: sweep_run_id
Passed unknown parameter: sweep_out_dir
  !! run US_Sweep_Behaviours_0236 FAILED: output folder /Users/cbruce1/Documents/GitHub/fund_analysis/output/SWEEP_US_Sweep_Behaviours/executed_notebooks doesn't exist.
Unable to parse line 10 'fama_factors_currency = "JPY"   # "USD" = US investor; "JPY" = Japanese investor'.
Unable to parse line 19 'start_year = 2018  # these ESG sources are aligned for `start_year==2013`'.
Unable to parse line 36 'download_gics_data = False   # re-pull GICS from WRDS (False = read cached ./data/GICS/ csv)'.
Unable to parse line 41 'if esg_choice == "refinitiv":'.
Unable to parse line 45 'if esg_choice == "msci":'.
Unable to parse line 49 'if esg_choice == "s&p":'.
Unable to parse line 64 'industry_level = 0 # 0 = map to larger groups, 1 = GICS_level_1, 2 = GICS_level_2'.
Passed unknown parameter: fama_factors_currency
Passed unknown parameter: industry_level
Passed unknown parameter: sweep_mode
Passed unknown parameter: sweep_run_id
Passed unknown parameter: sweep_out_dir
  !! run US_Sweep_Behaviours_0237 FAILED: output folder /Users/cbruce1/Documents/GitHub/fund_analysis/output/SWEEP_US_Sweep_Behaviours/executed_notebooks doesn't exist.
Unable to parse line 10 'fama_factors_currency = "JPY"   # "USD" = US investor; "JPY" = Japanese investor'.
Unable to parse line 19 'start_year = 2018  # these ESG sources are aligned for `start_year==2013`'.
Unable to parse line 36 'download_gics_data = False   # re-pull GICS from WRDS (False = read cached ./data/GICS/ csv)'.
Unable to parse line 41 'if esg_choice == "refinitiv":'.
Unable to parse line 45 'if esg_choice == "msci":'.
Unable to parse line 49 'if esg_choice == "s&p":'.
Unable to parse line 64 'industry_level = 0 # 0 = map to larger groups, 1 = GICS_level_1, 2 = GICS_level_2'.
Passed unknown parameter: fama_factors_currency
Passed unknown parameter: industry_level
Passed unknown parameter: sweep_mode
Passed unknown parameter: sweep_run_id
Passed unknown parameter: sweep_out_dir
  !! run US_Sweep_Behaviours_0238 FAILED: output folder /Users/cbruce1/Documents/GitHub/fund_analysis/output/SWEEP_US_Sweep_Behaviours/executed_notebooks doesn't exist.
Unable to parse line 10 'fama_factors_currency = "JPY"   # "USD" = US investor; "JPY" = Japanese investor'.
Unable to parse line 19 'start_year = 2018  # these ESG sources are aligned for `start_year==2013`'.
Unable to parse line 36 'download_gics_data = False   # re-pull GICS from WRDS (False = read cached ./data/GICS/ csv)'.
Unable to parse line 41 'if esg_choice == "refinitiv":'.
Unable to parse line 45 'if esg_choice == "msci":'.
Unable to parse line 49 'if esg_choice == "s&p":'.
Unable to parse line 64 'industry_level = 0 # 0 = map to larger groups, 1 = GICS_level_1, 2 = GICS_level_2'.
Passed unknown parameter: fama_factors_currency
Passed unknown parameter: industry_level
Passed unknown parameter: sweep_mode
Passed unknown parameter: sweep_run_id
Passed unknown parameter: sweep_out_dir
  !! run US_Sweep_Behaviours_0239 FAILED: output folder /Users/cbruce1/Documents/GitHub/fund_analysis/output/SWEEP_US_Sweep_Behaviours/executed_notebooks doesn't exist.
Unable to parse line 10 'fama_factors_currency = "JPY"   # "USD" = US investor; "JPY" = Japanese investor'.
Unable to parse line 19 'start_year = 2018  # these ESG sources are aligned for `start_year==2013`'.
Unable to parse line 36 'download_gics_data = False   # re-pull GICS from WRDS (False = read cached ./data/GICS/ csv)'.
Unable to parse line 41 'if esg_choice == "refinitiv":'.
Unable to parse line 45 'if esg_choice == "msci":'.
Unable to parse line 49 'if esg_choice == "s&p":'.
Unable to parse line 64 'industry_level = 0 # 0 = map to larger groups, 1 = GICS_level_1, 2 = GICS_level_2'.
Passed unknown parameter: fama_factors_currency
Passed unknown parameter: industry_level
Passed unknown parameter: sweep_mode
Passed unknown parameter: sweep_run_id
Passed unknown parameter: sweep_out_dir
  !! run US_Sweep_Behaviours_0240 FAILED: output folder /Users/cbruce1/Documents/GitHub/fund_analysis/output/SWEEP_US_Sweep_Behaviours/executed_notebooks doesn't exist.
Unable to parse line 10 'fama_factors_currency = "JPY"   # "USD" = US investor; "JPY" = Japanese investor'.
Unable to parse line 19 'start_year = 2018  # these ESG sources are aligned for `start_year==2013`'.
Unable to parse line 36 'download_gics_data = False   # re-pull GICS from WRDS (False = read cached ./data/GICS/ csv)'.
Unable to parse line 41 'if esg_choice == "refinitiv":'.
Unable to parse line 45 'if esg_choice == "msci":'.
Unable to parse line 49 'if esg_choice == "s&p":'.
Unable to parse line 64 'industry_level = 0 # 0 = map to larger groups, 1 = GICS_level_1, 2 = GICS_level_2'.
Passed unknown parameter: fama_factors_currency
Passed unknown parameter: industry_level
Passed unknown parameter: sweep_mode
Passed unknown parameter: sweep_run_id
Passed unknown parameter: sweep_out_dir
  !! run US_Sweep_Behaviours_0241 FAILED: output folder /Users/cbruce1/Documents/GitHub/fund_analysis/output/SWEEP_US_Sweep_Behaviours/executed_notebooks doesn't exist.
Unable to parse line 10 'fama_factors_currency = "JPY"   # "USD" = US investor; "JPY" = Japanese investor'.
Unable to parse line 19 'start_year = 2018  # these ESG sources are aligned for `start_year==2013`'.
Unable to parse line 36 'download_gics_data = False   # re-pull GICS from WRDS (False = read cached ./data/GICS/ csv)'.
Unable to parse line 41 'if esg_choice == "refinitiv":'.
Unable to parse line 45 'if esg_choice == "msci":'.
Unable to parse line 49 'if esg_choice == "s&p":'.
Unable to parse line 64 'industry_level = 0 # 0 = map to larger groups, 1 = GICS_level_1, 2 = GICS_level_2'.
Passed unknown parameter: fama_factors_currency
Passed unknown parameter: industry_level
Passed unknown parameter: sweep_mode
Passed unknown parameter: sweep_run_id
Passed unknown parameter: sweep_out_dir
  !! run US_Sweep_Behaviours_0242 FAILED: output folder /Users/cbruce1/Documents/GitHub/fund_analysis/output/SWEEP_US_Sweep_Behaviours/executed_notebooks doesn't exist.
Unable to parse line 10 'fama_factors_currency = "JPY"   # "USD" = US investor; "JPY" = Japanese investor'.
Unable to parse line 19 'start_year = 2018  # these ESG sources are aligned for `start_year==2013`'.
Unable to parse line 36 'download_gics_data = False   # re-pull GICS from WRDS (False = read cached ./data/GICS/ csv)'.
Unable to parse line 41 'if esg_choice == "refinitiv":'.
Unable to parse line 45 'if esg_choice == "msci":'.
Unable to parse line 49 'if esg_choice == "s&p":'.
Unable to parse line 64 'industry_level = 0 # 0 = map to larger groups, 1 = GICS_level_1, 2 = GICS_level_2'.
Passed unknown parameter: fama_factors_currency
Passed unknown parameter: industry_level
Passed unknown parameter: sweep_mode
Passed unknown parameter: sweep_run_id
Passed unknown parameter: sweep_out_dir
  !! run US_Sweep_Behaviours_0243 FAILED: output folder /Users/cbruce1/Documents/GitHub/fund_analysis/output/SWEEP_US_Sweep_Behaviours/executed_notebooks doesn't exist.
Unable to parse line 10 'fama_factors_currency = "JPY"   # "USD" = US investor; "JPY" = Japanese investor'.
Unable to parse line 19 'start_year = 2018  # these ESG sources are aligned for `start_year==2013`'.
Unable to parse line 36 'download_gics_data = False   # re-pull GICS from WRDS (False = read cached ./data/GICS/ csv)'.
Unable to parse line 41 'if esg_choice == "refinitiv":'.
Unable to parse line 45 'if esg_choice == "msci":'.
Unable to parse line 49 'if esg_choice == "s&p":'.
Unable to parse line 64 'industry_level = 0 # 0 = map to larger groups, 1 = GICS_level_1, 2 = GICS_level_2'.
Passed unknown parameter: fama_factors_currency
Passed unknown parameter: industry_level
Passed unknown parameter: sweep_mode
Passed unknown parameter: sweep_run_id
Passed unknown parameter: sweep_out_dir
  !! run US_Sweep_Behaviours_0244 FAILED: output folder /Users/cbruce1/Documents/GitHub/fund_analysis/output/SWEEP_US_Sweep_Behaviours/executed_notebooks doesn't exist.
Unable to parse line 10 'fama_factors_currency = "JPY"   # "USD" = US investor; "JPY" = Japanese investor'.
Unable to parse line 19 'start_year = 2018  # these ESG sources are aligned for `start_year==2013`'.
Unable to parse line 36 'download_gics_data = False   # re-pull GICS from WRDS (False = read cached ./data/GICS/ csv)'.
Unable to parse line 41 'if esg_choice == "refinitiv":'.
Unable to parse line 45 'if esg_choice == "msci":'.
Unable to parse line 49 'if esg_choice == "s&p":'.
Unable to parse line 64 'industry_level = 0 # 0 = map to larger groups, 1 = GICS_level_1, 2 = GICS_level_2'.
Passed unknown parameter: fama_factors_currency
Passed unknown parameter: industry_level
Passed unknown parameter: sweep_mode
Passed unknown parameter: sweep_run_id
Passed unknown parameter: sweep_out_dir
  !! run US_Sweep_Behaviours_0245 FAILED: output folder /Users/cbruce1/Documents/GitHub/fund_analysis/output/SWEEP_US_Sweep_Behaviours/executed_notebooks doesn't exist.
Unable to parse line 10 'fama_factors_currency = "JPY"   # "USD" = US investor; "JPY" = Japanese investor'.
Unable to parse line 19 'start_year = 2018  # these ESG sources are aligned for `start_year==2013`'.
Unable to parse line 36 'download_gics_data = False   # re-pull GICS from WRDS (False = read cached ./data/GICS/ csv)'.
Unable to parse line 41 'if esg_choice == "refinitiv":'.
Unable to parse line 45 'if esg_choice == "msci":'.
Unable to parse line 49 'if esg_choice == "s&p":'.
Unable to parse line 64 'industry_level = 0 # 0 = map to larger groups, 1 = GICS_level_1, 2 = GICS_level_2'.
Passed unknown parameter: fama_factors_currency
Passed unknown parameter: industry_level
Passed unknown parameter: sweep_mode
Passed unknown parameter: sweep_run_id
Passed unknown parameter: sweep_out_dir
  !! run US_Sweep_Behaviours_0246 FAILED: output folder /Users/cbruce1/Documents/GitHub/fund_analysis/output/SWEEP_US_Sweep_Behaviours/executed_notebooks doesn't exist.
Unable to parse line 10 'fama_factors_currency = "JPY"   # "USD" = US investor; "JPY" = Japanese investor'.
Unable to parse line 19 'start_year = 2018  # these ESG sources are aligned for `start_year==2013`'.
Unable to parse line 36 'download_gics_data = False   # re-pull GICS from WRDS (False = read cached ./data/GICS/ csv)'.
Unable to parse line 41 'if esg_choice == "refinitiv":'.
Unable to parse line 45 'if esg_choice == "msci":'.
Unable to parse line 49 'if esg_choice == "s&p":'.
Unable to parse line 64 'industry_level = 0 # 0 = map to larger groups, 1 = GICS_level_1, 2 = GICS_level_2'.
Passed unknown parameter: fama_factors_currency
Passed unknown parameter: industry_level
Passed unknown parameter: sweep_mode
Passed unknown parameter: sweep_run_id
Passed unknown parameter: sweep_out_dir
  !! run US_Sweep_Behaviours_0247 FAILED: output folder /Users/cbruce1/Documents/GitHub/fund_analysis/output/SWEEP_US_Sweep_Behaviours/executed_notebooks doesn't exist.
Unable to parse line 10 'fama_factors_currency = "JPY"   # "USD" = US investor; "JPY" = Japanese investor'.
Unable to parse line 19 'start_year = 2018  # these ESG sources are aligned for `start_year==2013`'.
Unable to parse line 36 'download_gics_data = False   # re-pull GICS from WRDS (False = read cached ./data/GICS/ csv)'.
Unable to parse line 41 'if esg_choice == "refinitiv":'.
Unable to parse line 45 'if esg_choice == "msci":'.
Unable to parse line 49 'if esg_choice == "s&p":'.
Unable to parse line 64 'industry_level = 0 # 0 = map to larger groups, 1 = GICS_level_1, 2 = GICS_level_2'.
Passed unknown parameter: fama_factors_currency
Passed unknown parameter: industry_level
Passed unknown parameter: sweep_mode
Passed unknown parameter: sweep_run_id
Passed unknown parameter: sweep_out_dir
  !! run US_Sweep_Behaviours_0248 FAILED: output folder /Users/cbruce1/Documents/GitHub/fund_analysis/output/SWEEP_US_Sweep_Behaviours/executed_notebooks doesn't exist.
Unable to parse line 10 'fama_factors_currency = "JPY"   # "USD" = US investor; "JPY" = Japanese investor'.
Unable to parse line 19 'start_year = 2018  # these ESG sources are aligned for `start_year==2013`'.
Unable to parse line 36 'download_gics_data = False   # re-pull GICS from WRDS (False = read cached ./data/GICS/ csv)'.
Unable to parse line 41 'if esg_choice == "refinitiv":'.
Unable to parse line 45 'if esg_choice == "msci":'.
Unable to parse line 49 'if esg_choice == "s&p":'.
Unable to parse line 64 'industry_level = 0 # 0 = map to larger groups, 1 = GICS_level_1, 2 = GICS_level_2'.
Passed unknown parameter: fama_factors_currency
Passed unknown parameter: industry_level
Passed unknown parameter: sweep_mode
Passed unknown parameter: sweep_run_id
Passed unknown parameter: sweep_out_dir
  !! run US_Sweep_Behaviours_0249 FAILED: output folder /Users/cbruce1/Documents/GitHub/fund_analysis/output/SWEEP_US_Sweep_Behaviours/executed_notebooks doesn't exist.
Unable to parse line 10 'fama_factors_currency = "JPY"   # "USD" = US investor; "JPY" = Japanese investor'.
Unable to parse line 19 'start_year = 2018  # these ESG sources are aligned for `start_year==2013`'.
Unable to parse line 36 'download_gics_data = False   # re-pull GICS from WRDS (False = read cached ./data/GICS/ csv)'.
Unable to parse line 41 'if esg_choice == "refinitiv":'.
Unable to parse line 45 'if esg_choice == "msci":'.
Unable to parse line 49 'if esg_choice == "s&p":'.
Unable to parse line 64 'industry_level = 0 # 0 = map to larger groups, 1 = GICS_level_1, 2 = GICS_level_2'.
Passed unknown parameter: fama_factors_currency
Passed unknown parameter: industry_level
Passed unknown parameter: sweep_mode
Passed unknown parameter: sweep_run_id
Passed unknown parameter: sweep_out_dir
  !! run US_Sweep_Behaviours_0250 FAILED: output folder /Users/cbruce1/Documents/GitHub/fund_analysis/output/SWEEP_US_Sweep_Behaviours/executed_notebooks doesn't exist.
Unable to parse line 10 'fama_factors_currency = "JPY"   # "USD" = US investor; "JPY" = Japanese investor'.
Unable to parse line 19 'start_year = 2018  # these ESG sources are aligned for `start_year==2013`'.
Unable to parse line 36 'download_gics_data = False   # re-pull GICS from WRDS (False = read cached ./data/GICS/ csv)'.
Unable to parse line 41 'if esg_choice == "refinitiv":'.
Unable to parse line 45 'if esg_choice == "msci":'.
Unable to parse line 49 'if esg_choice == "s&p":'.
Unable to parse line 64 'industry_level = 0 # 0 = map to larger groups, 1 = GICS_level_1, 2 = GICS_level_2'.
Passed unknown parameter: fama_factors_currency
Passed unknown parameter: industry_level
Passed unknown parameter: sweep_mode
Passed unknown parameter: sweep_run_id
Passed unknown parameter: sweep_out_dir
  !! run US_Sweep_Behaviours_0251 FAILED: output folder /Users/cbruce1/Documents/GitHub/fund_analysis/output/SWEEP_US_Sweep_Behaviours/executed_notebooks doesn't exist.
Unable to parse line 10 'fama_factors_currency = "JPY"   # "USD" = US investor; "JPY" = Japanese investor'.
Unable to parse line 19 'start_year = 2018  # these ESG sources are aligned for `start_year==2013`'.
Unable to parse line 36 'download_gics_data = False   # re-pull GICS from WRDS (False = read cached ./data/GICS/ csv)'.
Unable to parse line 41 'if esg_choice == "refinitiv":'.
Unable to parse line 45 'if esg_choice == "msci":'.
Unable to parse line 49 'if esg_choice == "s&p":'.
Unable to parse line 64 'industry_level = 0 # 0 = map to larger groups, 1 = GICS_level_1, 2 = GICS_level_2'.
Passed unknown parameter: fama_factors_currency
Passed unknown parameter: industry_level
Passed unknown parameter: sweep_mode
Passed unknown parameter: sweep_run_id
Passed unknown parameter: sweep_out_dir
  !! run US_Sweep_Behaviours_0252 FAILED: output folder /Users/cbruce1/Documents/GitHub/fund_analysis/output/SWEEP_US_Sweep_Behaviours/executed_notebooks doesn't exist.
Unable to parse line 10 'fama_factors_currency = "JPY"   # "USD" = US investor; "JPY" = Japanese investor'.
Unable to parse line 19 'start_year = 2018  # these ESG sources are aligned for `start_year==2013`'.
Unable to parse line 36 'download_gics_data = False   # re-pull GICS from WRDS (False = read cached ./data/GICS/ csv)'.
Unable to parse line 41 'if esg_choice == "refinitiv":'.
Unable to parse line 45 'if esg_choice == "msci":'.
Unable to parse line 49 'if esg_choice == "s&p":'.
Unable to parse line 64 'industry_level = 0 # 0 = map to larger groups, 1 = GICS_level_1, 2 = GICS_level_2'.
Passed unknown parameter: fama_factors_currency
Passed unknown parameter: industry_level
Passed unknown parameter: sweep_mode
Passed unknown parameter: sweep_run_id
Passed unknown parameter: sweep_out_dir
  !! run US_Sweep_Behaviours_0253 FAILED: output folder /Users/cbruce1/Documents/GitHub/fund_analysis/output/SWEEP_US_Sweep_Behaviours/executed_notebooks doesn't exist.
Unable to parse line 10 'fama_factors_currency = "JPY"   # "USD" = US investor; "JPY" = Japanese investor'.
Unable to parse line 19 'start_year = 2018  # these ESG sources are aligned for `start_year==2013`'.
Unable to parse line 36 'download_gics_data = False   # re-pull GICS from WRDS (False = read cached ./data/GICS/ csv)'.
Unable to parse line 41 'if esg_choice == "refinitiv":'.
Unable to parse line 45 'if esg_choice == "msci":'.
Unable to parse line 49 'if esg_choice == "s&p":'.
Unable to parse line 64 'industry_level = 0 # 0 = map to larger groups, 1 = GICS_level_1, 2 = GICS_level_2'.
Passed unknown parameter: fama_factors_currency
Passed unknown parameter: industry_level
Passed unknown parameter: sweep_mode
Passed unknown parameter: sweep_run_id
Passed unknown parameter: sweep_out_dir
  !! run US_Sweep_Behaviours_0254 FAILED: output folder /Users/cbruce1/Documents/GitHub/fund_analysis/output/SWEEP_US_Sweep_Behaviours/executed_notebooks doesn't exist.
Unable to parse line 10 'fama_factors_currency = "JPY"   # "USD" = US investor; "JPY" = Japanese investor'.
Unable to parse line 19 'start_year = 2018  # these ESG sources are aligned for `start_year==2013`'.
Unable to parse line 36 'download_gics_data = False   # re-pull GICS from WRDS (False = read cached ./data/GICS/ csv)'.
Unable to parse line 41 'if esg_choice == "refinitiv":'.
Unable to parse line 45 'if esg_choice == "msci":'.
Unable to parse line 49 'if esg_choice == "s&p":'.
Unable to parse line 64 'industry_level = 0 # 0 = map to larger groups, 1 = GICS_level_1, 2 = GICS_level_2'.
Passed unknown parameter: fama_factors_currency
Passed unknown parameter: industry_level
Passed unknown parameter: sweep_mode
Passed unknown parameter: sweep_run_id
Passed unknown parameter: sweep_out_dir
  !! run US_Sweep_Behaviours_0255 FAILED: output folder /Users/cbruce1/Documents/GitHub/fund_analysis/output/SWEEP_US_Sweep_Behaviours/executed_notebooks doesn't exist.
Unable to parse line 10 'fama_factors_currency = "JPY"   # "USD" = US investor; "JPY" = Japanese investor'.
Unable to parse line 19 'start_year = 2018  # these ESG sources are aligned for `start_year==2013`'.
Unable to parse line 36 'download_gics_data = False   # re-pull GICS from WRDS (False = read cached ./data/GICS/ csv)'.
Unable to parse line 41 'if esg_choice == "refinitiv":'.
Unable to parse line 45 'if esg_choice == "msci":'.
Unable to parse line 49 'if esg_choice == "s&p":'.
Unable to parse line 64 'industry_level = 0 # 0 = map to larger groups, 1 = GICS_level_1, 2 = GICS_level_2'.
Passed unknown parameter: fama_factors_currency
Passed unknown parameter: industry_level
Passed unknown parameter: sweep_mode
Passed unknown parameter: sweep_run_id
Passed unknown parameter: sweep_out_dir
  !! run US_Sweep_Behaviours_0256 FAILED: output folder /Users/cbruce1/Documents/GitHub/fund_analysis/output/SWEEP_US_Sweep_Behaviours/executed_notebooks doesn't exist.
Unable to parse line 10 'fama_factors_currency = "JPY"   # "USD" = US investor; "JPY" = Japanese investor'.
Unable to parse line 19 'start_year = 2018  # these ESG sources are aligned for `start_year==2013`'.
Unable to parse line 36 'download_gics_data = False   # re-pull GICS from WRDS (False = read cached ./data/GICS/ csv)'.
Unable to parse line 41 'if esg_choice == "refinitiv":'.
Unable to parse line 45 'if esg_choice == "msci":'.
Unable to parse line 49 'if esg_choice == "s&p":'.
Unable to parse line 64 'industry_level = 0 # 0 = map to larger groups, 1 = GICS_level_1, 2 = GICS_level_2'.
Passed unknown parameter: fama_factors_currency
Passed unknown parameter: industry_level
Passed unknown parameter: sweep_mode
Passed unknown parameter: sweep_run_id
Passed unknown parameter: sweep_out_dir
  !! run US_Sweep_Behaviours_0257 FAILED: output folder /Users/cbruce1/Documents/GitHub/fund_analysis/output/SWEEP_US_Sweep_Behaviours/executed_notebooks doesn't exist.
Unable to parse line 10 'fama_factors_currency = "JPY"   # "USD" = US investor; "JPY" = Japanese investor'.
Unable to parse line 19 'start_year = 2018  # these ESG sources are aligned for `start_year==2013`'.
Unable to parse line 36 'download_gics_data = False   # re-pull GICS from WRDS (False = read cached ./data/GICS/ csv)'.
Unable to parse line 41 'if esg_choice == "refinitiv":'.
Unable to parse line 45 'if esg_choice == "msci":'.
Unable to parse line 49 'if esg_choice == "s&p":'.
Unable to parse line 64 'industry_level = 0 # 0 = map to larger groups, 1 = GICS_level_1, 2 = GICS_level_2'.
Passed unknown parameter: fama_factors_currency
Passed unknown parameter: industry_level
Passed unknown parameter: sweep_mode
Passed unknown parameter: sweep_run_id
Passed unknown parameter: sweep_out_dir
  !! run US_Sweep_Behaviours_0258 FAILED: output folder /Users/cbruce1/Documents/GitHub/fund_analysis/output/SWEEP_US_Sweep_Behaviours/executed_notebooks doesn't exist.
Unable to parse line 10 'fama_factors_currency = "JPY"   # "USD" = US investor; "JPY" = Japanese investor'.
Unable to parse line 19 'start_year = 2018  # these ESG sources are aligned for `start_year==2013`'.
Unable to parse line 36 'download_gics_data = False   # re-pull GICS from WRDS (False = read cached ./data/GICS/ csv)'.
Unable to parse line 41 'if esg_choice == "refinitiv":'.
Unable to parse line 45 'if esg_choice == "msci":'.
Unable to parse line 49 'if esg_choice == "s&p":'.
Unable to parse line 64 'industry_level = 0 # 0 = map to larger groups, 1 = GICS_level_1, 2 = GICS_level_2'.
Passed unknown parameter: fama_factors_currency
Passed unknown parameter: industry_level
Passed unknown parameter: sweep_mode
Passed unknown parameter: sweep_run_id
Passed unknown parameter: sweep_out_dir
  !! run US_Sweep_Behaviours_0259 FAILED: output folder /Users/cbruce1/Documents/GitHub/fund_analysis/output/SWEEP_US_Sweep_Behaviours/executed_notebooks doesn't exist.
Unable to parse line 10 'fama_factors_currency = "JPY"   # "USD" = US investor; "JPY" = Japanese investor'.
Unable to parse line 19 'start_year = 2018  # these ESG sources are aligned for `start_year==2013`'.
Unable to parse line 36 'download_gics_data = False   # re-pull GICS from WRDS (False = read cached ./data/GICS/ csv)'.
Unable to parse line 41 'if esg_choice == "refinitiv":'.
Unable to parse line 45 'if esg_choice == "msci":'.
Unable to parse line 49 'if esg_choice == "s&p":'.
Unable to parse line 64 'industry_level = 0 # 0 = map to larger groups, 1 = GICS_level_1, 2 = GICS_level_2'.
Passed unknown parameter: fama_factors_currency
Passed unknown parameter: industry_level
Passed unknown parameter: sweep_mode
Passed unknown parameter: sweep_run_id
Passed unknown parameter: sweep_out_dir
  !! run US_Sweep_Behaviours_0260 FAILED: output folder /Users/cbruce1/Documents/GitHub/fund_analysis/output/SWEEP_US_Sweep_Behaviours/executed_notebooks doesn't exist.
Unable to parse line 10 'fama_factors_currency = "JPY"   # "USD" = US investor; "JPY" = Japanese investor'.
Unable to parse line 19 'start_year = 2018  # these ESG sources are aligned for `start_year==2013`'.
Unable to parse line 36 'download_gics_data = False   # re-pull GICS from WRDS (False = read cached ./data/GICS/ csv)'.
Unable to parse line 41 'if esg_choice == "refinitiv":'.
Unable to parse line 45 'if esg_choice == "msci":'.
Unable to parse line 49 'if esg_choice == "s&p":'.
Unable to parse line 64 'industry_level = 0 # 0 = map to larger groups, 1 = GICS_level_1, 2 = GICS_level_2'.
Passed unknown parameter: fama_factors_currency
Passed unknown parameter: industry_level
Passed unknown parameter: sweep_mode
Passed unknown parameter: sweep_run_id
Passed unknown parameter: sweep_out_dir
  !! run US_Sweep_Behaviours_0261 FAILED: output folder /Users/cbruce1/Documents/GitHub/fund_analysis/output/SWEEP_US_Sweep_Behaviours/executed_notebooks doesn't exist.
Unable to parse line 10 'fama_factors_currency = "JPY"   # "USD" = US investor; "JPY" = Japanese investor'.
Unable to parse line 19 'start_year = 2018  # these ESG sources are aligned for `start_year==2013`'.
Unable to parse line 36 'download_gics_data = False   # re-pull GICS from WRDS (False = read cached ./data/GICS/ csv)'.
Unable to parse line 41 'if esg_choice == "refinitiv":'.
Unable to parse line 45 'if esg_choice == "msci":'.
Unable to parse line 49 'if esg_choice == "s&p":'.
Unable to parse line 64 'industry_level = 0 # 0 = map to larger groups, 1 = GICS_level_1, 2 = GICS_level_2'.
Passed unknown parameter: fama_factors_currency
Passed unknown parameter: industry_level
Passed unknown parameter: sweep_mode
Passed unknown parameter: sweep_run_id
Passed unknown parameter: sweep_out_dir
  !! run US_Sweep_Behaviours_0262 FAILED: output folder /Users/cbruce1/Documents/GitHub/fund_analysis/output/SWEEP_US_Sweep_Behaviours/executed_notebooks doesn't exist.
Unable to parse line 10 'fama_factors_currency = "JPY"   # "USD" = US investor; "JPY" = Japanese investor'.
Unable to parse line 19 'start_year = 2018  # these ESG sources are aligned for `start_year==2013`'.
Unable to parse line 36 'download_gics_data = False   # re-pull GICS from WRDS (False = read cached ./data/GICS/ csv)'.
Unable to parse line 41 'if esg_choice == "refinitiv":'.
Unable to parse line 45 'if esg_choice == "msci":'.
Unable to parse line 49 'if esg_choice == "s&p":'.
Unable to parse line 64 'industry_level = 0 # 0 = map to larger groups, 1 = GICS_level_1, 2 = GICS_level_2'.
Passed unknown parameter: fama_factors_currency
Passed unknown parameter: industry_level
Passed unknown parameter: sweep_mode
Passed unknown parameter: sweep_run_id
Passed unknown parameter: sweep_out_dir
  !! run US_Sweep_Behaviours_0263 FAILED: output folder /Users/cbruce1/Documents/GitHub/fund_analysis/output/SWEEP_US_Sweep_Behaviours/executed_notebooks doesn't exist.
Unable to parse line 10 'fama_factors_currency = "JPY"   # "USD" = US investor; "JPY" = Japanese investor'.
Unable to parse line 19 'start_year = 2018  # these ESG sources are aligned for `start_year==2013`'.
Unable to parse line 36 'download_gics_data = False   # re-pull GICS from WRDS (False = read cached ./data/GICS/ csv)'.
Unable to parse line 41 'if esg_choice == "refinitiv":'.
Unable to parse line 45 'if esg_choice == "msci":'.
Unable to parse line 49 'if esg_choice == "s&p":'.
Unable to parse line 64 'industry_level = 0 # 0 = map to larger groups, 1 = GICS_level_1, 2 = GICS_level_2'.
Passed unknown parameter: fama_factors_currency
Passed unknown parameter: industry_level
Passed unknown parameter: sweep_mode
Passed unknown parameter: sweep_run_id
Passed unknown parameter: sweep_out_dir
  !! run US_Sweep_Behaviours_0264 FAILED: output folder /Users/cbruce1/Documents/GitHub/fund_analysis/output/SWEEP_US_Sweep_Behaviours/executed_notebooks doesn't exist.
Unable to parse line 10 'fama_factors_currency = "JPY"   # "USD" = US investor; "JPY" = Japanese investor'.
Unable to parse line 19 'start_year = 2018  # these ESG sources are aligned for `start_year==2013`'.
Unable to parse line 36 'download_gics_data = False   # re-pull GICS from WRDS (False = read cached ./data/GICS/ csv)'.
Unable to parse line 41 'if esg_choice == "refinitiv":'.
Unable to parse line 45 'if esg_choice == "msci":'.
Unable to parse line 49 'if esg_choice == "s&p":'.
Unable to parse line 64 'industry_level = 0 # 0 = map to larger groups, 1 = GICS_level_1, 2 = GICS_level_2'.
Passed unknown parameter: fama_factors_currency
Passed unknown parameter: industry_level
Passed unknown parameter: sweep_mode
Passed unknown parameter: sweep_run_id
Passed unknown parameter: sweep_out_dir
  !! run US_Sweep_Behaviours_0265 FAILED: output folder /Users/cbruce1/Documents/GitHub/fund_analysis/output/SWEEP_US_Sweep_Behaviours/executed_notebooks doesn't exist.
Unable to parse line 10 'fama_factors_currency = "JPY"   # "USD" = US investor; "JPY" = Japanese investor'.
Unable to parse line 19 'start_year = 2018  # these ESG sources are aligned for `start_year==2013`'.
Unable to parse line 36 'download_gics_data = False   # re-pull GICS from WRDS (False = read cached ./data/GICS/ csv)'.
Unable to parse line 41 'if esg_choice == "refinitiv":'.
Unable to parse line 45 'if esg_choice == "msci":'.
Unable to parse line 49 'if esg_choice == "s&p":'.
Unable to parse line 64 'industry_level = 0 # 0 = map to larger groups, 1 = GICS_level_1, 2 = GICS_level_2'.
Passed unknown parameter: fama_factors_currency
Passed unknown parameter: industry_level
Passed unknown parameter: sweep_mode
Passed unknown parameter: sweep_run_id
Passed unknown parameter: sweep_out_dir
  !! run US_Sweep_Behaviours_0266 FAILED: output folder /Users/cbruce1/Documents/GitHub/fund_analysis/output/SWEEP_US_Sweep_Behaviours/executed_notebooks doesn't exist.
Unable to parse line 10 'fama_factors_currency = "JPY"   # "USD" = US investor; "JPY" = Japanese investor'.
Unable to parse line 19 'start_year = 2018  # these ESG sources are aligned for `start_year==2013`'.
Unable to parse line 36 'download_gics_data = False   # re-pull GICS from WRDS (False = read cached ./data/GICS/ csv)'.
Unable to parse line 41 'if esg_choice == "refinitiv":'.
Unable to parse line 45 'if esg_choice == "msci":'.
Unable to parse line 49 'if esg_choice == "s&p":'.
Unable to parse line 64 'industry_level = 0 # 0 = map to larger groups, 1 = GICS_level_1, 2 = GICS_level_2'.
Passed unknown parameter: fama_factors_currency
Passed unknown parameter: industry_level
Passed unknown parameter: sweep_mode
Passed unknown parameter: sweep_run_id
Passed unknown parameter: sweep_out_dir
  !! run US_Sweep_Behaviours_0267 FAILED: output folder /Users/cbruce1/Documents/GitHub/fund_analysis/output/SWEEP_US_Sweep_Behaviours/executed_notebooks doesn't exist.
Unable to parse line 10 'fama_factors_currency = "JPY"   # "USD" = US investor; "JPY" = Japanese investor'.
Unable to parse line 19 'start_year = 2018  # these ESG sources are aligned for `start_year==2013`'.
Unable to parse line 36 'download_gics_data = False   # re-pull GICS from WRDS (False = read cached ./data/GICS/ csv)'.
Unable to parse line 41 'if esg_choice == "refinitiv":'.
Unable to parse line 45 'if esg_choice == "msci":'.
Unable to parse line 49 'if esg_choice == "s&p":'.
Unable to parse line 64 'industry_level = 0 # 0 = map to larger groups, 1 = GICS_level_1, 2 = GICS_level_2'.
Passed unknown parameter: fama_factors_currency
Passed unknown parameter: industry_level
Passed unknown parameter: sweep_mode
Passed unknown parameter: sweep_run_id
Passed unknown parameter: sweep_out_dir
  !! run US_Sweep_Behaviours_0268 FAILED: output folder /Users/cbruce1/Documents/GitHub/fund_analysis/output/SWEEP_US_Sweep_Behaviours/executed_notebooks doesn't exist.
Unable to parse line 10 'fama_factors_currency = "JPY"   # "USD" = US investor; "JPY" = Japanese investor'.
Unable to parse line 19 'start_year = 2018  # these ESG sources are aligned for `start_year==2013`'.
Unable to parse line 36 'download_gics_data = False   # re-pull GICS from WRDS (False = read cached ./data/GICS/ csv)'.
Unable to parse line 41 'if esg_choice == "refinitiv":'.
Unable to parse line 45 'if esg_choice == "msci":'.
Unable to parse line 49 'if esg_choice == "s&p":'.
Unable to parse line 64 'industry_level = 0 # 0 = map to larger groups, 1 = GICS_level_1, 2 = GICS_level_2'.
Passed unknown parameter: fama_factors_currency
Passed unknown parameter: industry_level
Passed unknown parameter: sweep_mode
Passed unknown parameter: sweep_run_id
Passed unknown parameter: sweep_out_dir
  !! run US_Sweep_Behaviours_0269 FAILED: output folder /Users/cbruce1/Documents/GitHub/fund_analysis/output/SWEEP_US_Sweep_Behaviours/executed_notebooks doesn't exist.
Unable to parse line 10 'fama_factors_currency = "JPY"   # "USD" = US investor; "JPY" = Japanese investor'.
Unable to parse line 19 'start_year = 2018  # these ESG sources are aligned for `start_year==2013`'.
Unable to parse line 36 'download_gics_data = False   # re-pull GICS from WRDS (False = read cached ./data/GICS/ csv)'.
Unable to parse line 41 'if esg_choice == "refinitiv":'.
Unable to parse line 45 'if esg_choice == "msci":'.
Unable to parse line 49 'if esg_choice == "s&p":'.
Unable to parse line 64 'industry_level = 0 # 0 = map to larger groups, 1 = GICS_level_1, 2 = GICS_level_2'.
Passed unknown parameter: fama_factors_currency
Passed unknown parameter: industry_level
Passed unknown parameter: sweep_mode
Passed unknown parameter: sweep_run_id
Passed unknown parameter: sweep_out_dir
  !! run US_Sweep_Behaviours_0270 FAILED: output folder /Users/cbruce1/Documents/GitHub/fund_analysis/output/SWEEP_US_Sweep_Behaviours/executed_notebooks doesn't exist.
Unable to parse line 10 'fama_factors_currency = "JPY"   # "USD" = US investor; "JPY" = Japanese investor'.
Unable to parse line 19 'start_year = 2018  # these ESG sources are aligned for `start_year==2013`'.
Unable to parse line 36 'download_gics_data = False   # re-pull GICS from WRDS (False = read cached ./data/GICS/ csv)'.
Unable to parse line 41 'if esg_choice == "refinitiv":'.
Unable to parse line 45 'if esg_choice == "msci":'.
Unable to parse line 49 'if esg_choice == "s&p":'.
Unable to parse line 64 'industry_level = 0 # 0 = map to larger groups, 1 = GICS_level_1, 2 = GICS_level_2'.
Passed unknown parameter: fama_factors_currency
Passed unknown parameter: industry_level
Passed unknown parameter: sweep_mode
Passed unknown parameter: sweep_run_id
Passed unknown parameter: sweep_out_dir
  !! run US_Sweep_Behaviours_0271 FAILED: output folder /Users/cbruce1/Documents/GitHub/fund_analysis/output/SWEEP_US_Sweep_Behaviours/executed_notebooks doesn't exist.
Unable to parse line 10 'fama_factors_currency = "JPY"   # "USD" = US investor; "JPY" = Japanese investor'.
Unable to parse line 19 'start_year = 2018  # these ESG sources are aligned for `start_year==2013`'.
Unable to parse line 36 'download_gics_data = False   # re-pull GICS from WRDS (False = read cached ./data/GICS/ csv)'.
Unable to parse line 41 'if esg_choice == "refinitiv":'.
Unable to parse line 45 'if esg_choice == "msci":'.
Unable to parse line 49 'if esg_choice == "s&p":'.
Unable to parse line 64 'industry_level = 0 # 0 = map to larger groups, 1 = GICS_level_1, 2 = GICS_level_2'.
Passed unknown parameter: fama_factors_currency
Passed unknown parameter: industry_level
Passed unknown parameter: sweep_mode
Passed unknown parameter: sweep_run_id
Passed unknown parameter: sweep_out_dir
  !! run US_Sweep_Behaviours_0272 FAILED: output folder /Users/cbruce1/Documents/GitHub/fund_analysis/output/SWEEP_US_Sweep_Behaviours/executed_notebooks doesn't exist.
Unable to parse line 10 'fama_factors_currency = "JPY"   # "USD" = US investor; "JPY" = Japanese investor'.
Unable to parse line 19 'start_year = 2018  # these ESG sources are aligned for `start_year==2013`'.
Unable to parse line 36 'download_gics_data = False   # re-pull GICS from WRDS (False = read cached ./data/GICS/ csv)'.
Unable to parse line 41 'if esg_choice == "refinitiv":'.
Unable to parse line 45 'if esg_choice == "msci":'.
Unable to parse line 49 'if esg_choice == "s&p":'.
Unable to parse line 64 'industry_level = 0 # 0 = map to larger groups, 1 = GICS_level_1, 2 = GICS_level_2'.
Passed unknown parameter: fama_factors_currency
Passed unknown parameter: industry_level
Passed unknown parameter: sweep_mode
Passed unknown parameter: sweep_run_id
Passed unknown parameter: sweep_out_dir
  !! run US_Sweep_Behaviours_0273 FAILED: output folder /Users/cbruce1/Documents/GitHub/fund_analysis/output/SWEEP_US_Sweep_Behaviours/executed_notebooks doesn't exist.
Unable to parse line 10 'fama_factors_currency = "JPY"   # "USD" = US investor; "JPY" = Japanese investor'.
Unable to parse line 19 'start_year = 2018  # these ESG sources are aligned for `start_year==2013`'.
Unable to parse line 36 'download_gics_data = False   # re-pull GICS from WRDS (False = read cached ./data/GICS/ csv)'.
Unable to parse line 41 'if esg_choice == "refinitiv":'.
Unable to parse line 45 'if esg_choice == "msci":'.
Unable to parse line 49 'if esg_choice == "s&p":'.
Unable to parse line 64 'industry_level = 0 # 0 = map to larger groups, 1 = GICS_level_1, 2 = GICS_level_2'.
Passed unknown parameter: fama_factors_currency
Passed unknown parameter: industry_level
Passed unknown parameter: sweep_mode
Passed unknown parameter: sweep_run_id
Passed unknown parameter: sweep_out_dir
  !! run US_Sweep_Behaviours_0274 FAILED: output folder /Users/cbruce1/Documents/GitHub/fund_analysis/output/SWEEP_US_Sweep_Behaviours/executed_notebooks doesn't exist.
Unable to parse line 10 'fama_factors_currency = "JPY"   # "USD" = US investor; "JPY" = Japanese investor'.
Unable to parse line 19 'start_year = 2018  # these ESG sources are aligned for `start_year==2013`'.
Unable to parse line 36 'download_gics_data = False   # re-pull GICS from WRDS (False = read cached ./data/GICS/ csv)'.
Unable to parse line 41 'if esg_choice == "refinitiv":'.
Unable to parse line 45 'if esg_choice == "msci":'.
Unable to parse line 49 'if esg_choice == "s&p":'.
Unable to parse line 64 'industry_level = 0 # 0 = map to larger groups, 1 = GICS_level_1, 2 = GICS_level_2'.
Passed unknown parameter: fama_factors_currency
Passed unknown parameter: industry_level
Passed unknown parameter: sweep_mode
Passed unknown parameter: sweep_run_id
Passed unknown parameter: sweep_out_dir
  !! run US_Sweep_Behaviours_0275 FAILED: output folder /Users/cbruce1/Documents/GitHub/fund_analysis/output/SWEEP_US_Sweep_Behaviours/executed_notebooks doesn't exist.
Unable to parse line 10 'fama_factors_currency = "JPY"   # "USD" = US investor; "JPY" = Japanese investor'.
Unable to parse line 19 'start_year = 2018  # these ESG sources are aligned for `start_year==2013`'.
Unable to parse line 36 'download_gics_data = False   # re-pull GICS from WRDS (False = read cached ./data/GICS/ csv)'.
Unable to parse line 41 'if esg_choice == "refinitiv":'.
Unable to parse line 45 'if esg_choice == "msci":'.
Unable to parse line 49 'if esg_choice == "s&p":'.
Unable to parse line 64 'industry_level = 0 # 0 = map to larger groups, 1 = GICS_level_1, 2 = GICS_level_2'.
Passed unknown parameter: fama_factors_currency
Passed unknown parameter: industry_level
Passed unknown parameter: sweep_mode
Passed unknown parameter: sweep_run_id
Passed unknown parameter: sweep_out_dir
  !! run US_Sweep_Behaviours_0276 FAILED: output folder /Users/cbruce1/Documents/GitHub/fund_analysis/output/SWEEP_US_Sweep_Behaviours/executed_notebooks doesn't exist.
Unable to parse line 10 'fama_factors_currency = "JPY"   # "USD" = US investor; "JPY" = Japanese investor'.
Unable to parse line 19 'start_year = 2018  # these ESG sources are aligned for `start_year==2013`'.
Unable to parse line 36 'download_gics_data = False   # re-pull GICS from WRDS (False = read cached ./data/GICS/ csv)'.
Unable to parse line 41 'if esg_choice == "refinitiv":'.
Unable to parse line 45 'if esg_choice == "msci":'.
Unable to parse line 49 'if esg_choice == "s&p":'.
Unable to parse line 64 'industry_level = 0 # 0 = map to larger groups, 1 = GICS_level_1, 2 = GICS_level_2'.
Passed unknown parameter: fama_factors_currency
Passed unknown parameter: industry_level
Passed unknown parameter: sweep_mode
Passed unknown parameter: sweep_run_id
Passed unknown parameter: sweep_out_dir
  !! run US_Sweep_Behaviours_0277 FAILED: output folder /Users/cbruce1/Documents/GitHub/fund_analysis/output/SWEEP_US_Sweep_Behaviours/executed_notebooks doesn't exist.
Unable to parse line 10 'fama_factors_currency = "JPY"   # "USD" = US investor; "JPY" = Japanese investor'.
Unable to parse line 19 'start_year = 2018  # these ESG sources are aligned for `start_year==2013`'.
Unable to parse line 36 'download_gics_data = False   # re-pull GICS from WRDS (False = read cached ./data/GICS/ csv)'.
Unable to parse line 41 'if esg_choice == "refinitiv":'.
Unable to parse line 45 'if esg_choice == "msci":'.
Unable to parse line 49 'if esg_choice == "s&p":'.
Unable to parse line 64 'industry_level = 0 # 0 = map to larger groups, 1 = GICS_level_1, 2 = GICS_level_2'.
Passed unknown parameter: fama_factors_currency
Passed unknown parameter: industry_level
Passed unknown parameter: sweep_mode
Passed unknown parameter: sweep_run_id
Passed unknown parameter: sweep_out_dir
  !! run US_Sweep_Behaviours_0278 FAILED: output folder /Users/cbruce1/Documents/GitHub/fund_analysis/output/SWEEP_US_Sweep_Behaviours/executed_notebooks doesn't exist.
Unable to parse line 10 'fama_factors_currency = "JPY"   # "USD" = US investor; "JPY" = Japanese investor'.
Unable to parse line 19 'start_year = 2018  # these ESG sources are aligned for `start_year==2013`'.
Unable to parse line 36 'download_gics_data = False   # re-pull GICS from WRDS (False = read cached ./data/GICS/ csv)'.
Unable to parse line 41 'if esg_choice == "refinitiv":'.
Unable to parse line 45 'if esg_choice == "msci":'.
Unable to parse line 49 'if esg_choice == "s&p":'.
Unable to parse line 64 'industry_level = 0 # 0 = map to larger groups, 1 = GICS_level_1, 2 = GICS_level_2'.
Passed unknown parameter: fama_factors_currency
Passed unknown parameter: industry_level
Passed unknown parameter: sweep_mode
Passed unknown parameter: sweep_run_id
Passed unknown parameter: sweep_out_dir
  !! run US_Sweep_Behaviours_0279 FAILED: output folder /Users/cbruce1/Documents/GitHub/fund_analysis/output/SWEEP_US_Sweep_Behaviours/executed_notebooks doesn't exist.
Unable to parse line 10 'fama_factors_currency = "JPY"   # "USD" = US investor; "JPY" = Japanese investor'.
Unable to parse line 19 'start_year = 2018  # these ESG sources are aligned for `start_year==2013`'.
Unable to parse line 36 'download_gics_data = False   # re-pull GICS from WRDS (False = read cached ./data/GICS/ csv)'.
Unable to parse line 41 'if esg_choice == "refinitiv":'.
Unable to parse line 45 'if esg_choice == "msci":'.
Unable to parse line 49 'if esg_choice == "s&p":'.
Unable to parse line 64 'industry_level = 0 # 0 = map to larger groups, 1 = GICS_level_1, 2 = GICS_level_2'.
Passed unknown parameter: fama_factors_currency
Passed unknown parameter: industry_level
Passed unknown parameter: sweep_mode
Passed unknown parameter: sweep_run_id
Passed unknown parameter: sweep_out_dir
  !! run US_Sweep_Behaviours_0280 FAILED: output folder /Users/cbruce1/Documents/GitHub/fund_analysis/output/SWEEP_US_Sweep_Behaviours/executed_notebooks doesn't exist.
Unable to parse line 10 'fama_factors_currency = "JPY"   # "USD" = US investor; "JPY" = Japanese investor'.
Unable to parse line 19 'start_year = 2018  # these ESG sources are aligned for `start_year==2013`'.
Unable to parse line 36 'download_gics_data = False   # re-pull GICS from WRDS (False = read cached ./data/GICS/ csv)'.
Unable to parse line 41 'if esg_choice == "refinitiv":'.
Unable to parse line 45 'if esg_choice == "msci":'.
Unable to parse line 49 'if esg_choice == "s&p":'.
Unable to parse line 64 'industry_level = 0 # 0 = map to larger groups, 1 = GICS_level_1, 2 = GICS_level_2'.
Passed unknown parameter: fama_factors_currency
Passed unknown parameter: industry_level
Passed unknown parameter: sweep_mode
Passed unknown parameter: sweep_run_id
Passed unknown parameter: sweep_out_dir
  !! run US_Sweep_Behaviours_0281 FAILED: output folder /Users/cbruce1/Documents/GitHub/fund_analysis/output/SWEEP_US_Sweep_Behaviours/executed_notebooks doesn't exist.
Unable to parse line 10 'fama_factors_currency = "JPY"   # "USD" = US investor; "JPY" = Japanese investor'.
Unable to parse line 19 'start_year = 2018  # these ESG sources are aligned for `start_year==2013`'.
Unable to parse line 36 'download_gics_data = False   # re-pull GICS from WRDS (False = read cached ./data/GICS/ csv)'.
Unable to parse line 41 'if esg_choice == "refinitiv":'.
Unable to parse line 45 'if esg_choice == "msci":'.
Unable to parse line 49 'if esg_choice == "s&p":'.
Unable to parse line 64 'industry_level = 0 # 0 = map to larger groups, 1 = GICS_level_1, 2 = GICS_level_2'.
Passed unknown parameter: fama_factors_currency
Passed unknown parameter: industry_level
Passed unknown parameter: sweep_mode
Passed unknown parameter: sweep_run_id
Passed unknown parameter: sweep_out_dir
  !! run US_Sweep_Behaviours_0282 FAILED: output folder /Users/cbruce1/Documents/GitHub/fund_analysis/output/SWEEP_US_Sweep_Behaviours/executed_notebooks doesn't exist.
Unable to parse line 10 'fama_factors_currency = "JPY"   # "USD" = US investor; "JPY" = Japanese investor'.
Unable to parse line 19 'start_year = 2018  # these ESG sources are aligned for `start_year==2013`'.
Unable to parse line 36 'download_gics_data = False   # re-pull GICS from WRDS (False = read cached ./data/GICS/ csv)'.
Unable to parse line 41 'if esg_choice == "refinitiv":'.
Unable to parse line 45 'if esg_choice == "msci":'.
Unable to parse line 49 'if esg_choice == "s&p":'.
Unable to parse line 64 'industry_level = 0 # 0 = map to larger groups, 1 = GICS_level_1, 2 = GICS_level_2'.
Passed unknown parameter: fama_factors_currency
Passed unknown parameter: industry_level
Passed unknown parameter: sweep_mode
Passed unknown parameter: sweep_run_id
Passed unknown parameter: sweep_out_dir
  !! run US_Sweep_Behaviours_0283 FAILED: output folder /Users/cbruce1/Documents/GitHub/fund_analysis/output/SWEEP_US_Sweep_Behaviours/executed_notebooks doesn't exist.
Unable to parse line 10 'fama_factors_currency = "JPY"   # "USD" = US investor; "JPY" = Japanese investor'.
Unable to parse line 19 'start_year = 2018  # these ESG sources are aligned for `start_year==2013`'.
Unable to parse line 36 'download_gics_data = False   # re-pull GICS from WRDS (False = read cached ./data/GICS/ csv)'.
Unable to parse line 41 'if esg_choice == "refinitiv":'.
Unable to parse line 45 'if esg_choice == "msci":'.
Unable to parse line 49 'if esg_choice == "s&p":'.
Unable to parse line 64 'industry_level = 0 # 0 = map to larger groups, 1 = GICS_level_1, 2 = GICS_level_2'.
Passed unknown parameter: fama_factors_currency
Passed unknown parameter: industry_level
Passed unknown parameter: sweep_mode
Passed unknown parameter: sweep_run_id
Passed unknown parameter: sweep_out_dir
  !! run US_Sweep_Behaviours_0284 FAILED: output folder /Users/cbruce1/Documents/GitHub/fund_analysis/output/SWEEP_US_Sweep_Behaviours/executed_notebooks doesn't exist.
Unable to parse line 10 'fama_factors_currency = "JPY"   # "USD" = US investor; "JPY" = Japanese investor'.
Unable to parse line 19 'start_year = 2018  # these ESG sources are aligned for `start_year==2013`'.
Unable to parse line 36 'download_gics_data = False   # re-pull GICS from WRDS (False = read cached ./data/GICS/ csv)'.
Unable to parse line 41 'if esg_choice == "refinitiv":'.
Unable to parse line 45 'if esg_choice == "msci":'.
Unable to parse line 49 'if esg_choice == "s&p":'.
Unable to parse line 64 'industry_level = 0 # 0 = map to larger groups, 1 = GICS_level_1, 2 = GICS_level_2'.
Passed unknown parameter: fama_factors_currency
Passed unknown parameter: industry_level
Passed unknown parameter: sweep_mode
Passed unknown parameter: sweep_run_id
Passed unknown parameter: sweep_out_dir
  !! run US_Sweep_Behaviours_0285 FAILED: output folder /Users/cbruce1/Documents/GitHub/fund_analysis/output/SWEEP_US_Sweep_Behaviours/executed_notebooks doesn't exist.
Unable to parse line 10 'fama_factors_currency = "JPY"   # "USD" = US investor; "JPY" = Japanese investor'.
Unable to parse line 19 'start_year = 2018  # these ESG sources are aligned for `start_year==2013`'.
Unable to parse line 36 'download_gics_data = False   # re-pull GICS from WRDS (False = read cached ./data/GICS/ csv)'.
Unable to parse line 41 'if esg_choice == "refinitiv":'.
Unable to parse line 45 'if esg_choice == "msci":'.
Unable to parse line 49 'if esg_choice == "s&p":'.
Unable to parse line 64 'industry_level = 0 # 0 = map to larger groups, 1 = GICS_level_1, 2 = GICS_level_2'.
Passed unknown parameter: fama_factors_currency
Passed unknown parameter: industry_level
Passed unknown parameter: sweep_mode
Passed unknown parameter: sweep_run_id
Passed unknown parameter: sweep_out_dir
  !! run US_Sweep_Behaviours_0286 FAILED: output folder /Users/cbruce1/Documents/GitHub/fund_analysis/output/SWEEP_US_Sweep_Behaviours/executed_notebooks doesn't exist.
Unable to parse line 10 'fama_factors_currency = "JPY"   # "USD" = US investor; "JPY" = Japanese investor'.
Unable to parse line 19 'start_year = 2018  # these ESG sources are aligned for `start_year==2013`'.
Unable to parse line 36 'download_gics_data = False   # re-pull GICS from WRDS (False = read cached ./data/GICS/ csv)'.
Unable to parse line 41 'if esg_choice == "refinitiv":'.
Unable to parse line 45 'if esg_choice == "msci":'.
Unable to parse line 49 'if esg_choice == "s&p":'.
Unable to parse line 64 'industry_level = 0 # 0 = map to larger groups, 1 = GICS_level_1, 2 = GICS_level_2'.
Passed unknown parameter: fama_factors_currency
Passed unknown parameter: industry_level
Passed unknown parameter: sweep_mode
Passed unknown parameter: sweep_run_id
Passed unknown parameter: sweep_out_dir
  !! run US_Sweep_Behaviours_0287 FAILED: output folder /Users/cbruce1/Documents/GitHub/fund_analysis/output/SWEEP_US_Sweep_Behaviours/executed_notebooks doesn't exist.
Unable to parse line 10 'fama_factors_currency = "JPY"   # "USD" = US investor; "JPY" = Japanese investor'.
Unable to parse line 19 'start_year = 2018  # these ESG sources are aligned for `start_year==2013`'.
Unable to parse line 36 'download_gics_data = False   # re-pull GICS from WRDS (False = read cached ./data/GICS/ csv)'.
Unable to parse line 41 'if esg_choice == "refinitiv":'.
Unable to parse line 45 'if esg_choice == "msci":'.
Unable to parse line 49 'if esg_choice == "s&p":'.
Unable to parse line 64 'industry_level = 0 # 0 = map to larger groups, 1 = GICS_level_1, 2 = GICS_level_2'.
Passed unknown parameter: fama_factors_currency
Passed unknown parameter: industry_level
Passed unknown parameter: sweep_mode
Passed unknown parameter: sweep_run_id
Passed unknown parameter: sweep_out_dir
  !! run US_Sweep_Behaviours_0288 FAILED: output folder /Users/cbruce1/Documents/GitHub/fund_analysis/output/SWEEP_US_Sweep_Behaviours/executed_notebooks doesn't exist.
Unable to parse line 10 'fama_factors_currency = "JPY"   # "USD" = US investor; "JPY" = Japanese investor'.
Unable to parse line 19 'start_year = 2018  # these ESG sources are aligned for `start_year==2013`'.
Unable to parse line 36 'download_gics_data = False   # re-pull GICS from WRDS (False = read cached ./data/GICS/ csv)'.
Unable to parse line 41 'if esg_choice == "refinitiv":'.
Unable to parse line 45 'if esg_choice == "msci":'.
Unable to parse line 49 'if esg_choice == "s&p":'.
Unable to parse line 64 'industry_level = 0 # 0 = map to larger groups, 1 = GICS_level_1, 2 = GICS_level_2'.
Passed unknown parameter: fama_factors_currency
Passed unknown parameter: industry_level
Passed unknown parameter: sweep_mode
Passed unknown parameter: sweep_run_id
Passed unknown parameter: sweep_out_dir
  !! run US_Sweep_Behaviours_0289 FAILED: output folder /Users/cbruce1/Documents/GitHub/fund_analysis/output/SWEEP_US_Sweep_Behaviours/executed_notebooks doesn't exist.
Unable to parse line 10 'fama_factors_currency = "JPY"   # "USD" = US investor; "JPY" = Japanese investor'.
Unable to parse line 19 'start_year = 2018  # these ESG sources are aligned for `start_year==2013`'.
Unable to parse line 36 'download_gics_data = False   # re-pull GICS from WRDS (False = read cached ./data/GICS/ csv)'.
Unable to parse line 41 'if esg_choice == "refinitiv":'.
Unable to parse line 45 'if esg_choice == "msci":'.
Unable to parse line 49 'if esg_choice == "s&p":'.
Unable to parse line 64 'industry_level = 0 # 0 = map to larger groups, 1 = GICS_level_1, 2 = GICS_level_2'.
Passed unknown parameter: fama_factors_currency
Passed unknown parameter: industry_level
Passed unknown parameter: sweep_mode
Passed unknown parameter: sweep_run_id
Passed unknown parameter: sweep_out_dir
  !! run US_Sweep_Behaviours_0290 FAILED: output folder /Users/cbruce1/Documents/GitHub/fund_analysis/output/SWEEP_US_Sweep_Behaviours/executed_notebooks doesn't exist.
Unable to parse line 10 'fama_factors_currency = "JPY"   # "USD" = US investor; "JPY" = Japanese investor'.
Unable to parse line 19 'start_year = 2018  # these ESG sources are aligned for `start_year==2013`'.
Unable to parse line 36 'download_gics_data = False   # re-pull GICS from WRDS (False = read cached ./data/GICS/ csv)'.
Unable to parse line 41 'if esg_choice == "refinitiv":'.
Unable to parse line 45 'if esg_choice == "msci":'.
Unable to parse line 49 'if esg_choice == "s&p":'.
Unable to parse line 64 'industry_level = 0 # 0 = map to larger groups, 1 = GICS_level_1, 2 = GICS_level_2'.
Passed unknown parameter: fama_factors_currency
Passed unknown parameter: industry_level
Passed unknown parameter: sweep_mode
Passed unknown parameter: sweep_run_id
Passed unknown parameter: sweep_out_dir
  !! run US_Sweep_Behaviours_0291 FAILED: output folder /Users/cbruce1/Documents/GitHub/fund_analysis/output/SWEEP_US_Sweep_Behaviours/executed_notebooks doesn't exist.
Unable to parse line 10 'fama_factors_currency = "JPY"   # "USD" = US investor; "JPY" = Japanese investor'.
Unable to parse line 19 'start_year = 2018  # these ESG sources are aligned for `start_year==2013`'.
Unable to parse line 36 'download_gics_data = False   # re-pull GICS from WRDS (False = read cached ./data/GICS/ csv)'.
Unable to parse line 41 'if esg_choice == "refinitiv":'.
Unable to parse line 45 'if esg_choice == "msci":'.
Unable to parse line 49 'if esg_choice == "s&p":'.
Unable to parse line 64 'industry_level = 0 # 0 = map to larger groups, 1 = GICS_level_1, 2 = GICS_level_2'.
Passed unknown parameter: fama_factors_currency
Passed unknown parameter: industry_level
Passed unknown parameter: sweep_mode
Passed unknown parameter: sweep_run_id
Passed unknown parameter: sweep_out_dir
  !! run US_Sweep_Behaviours_0292 FAILED: output folder /Users/cbruce1/Documents/GitHub/fund_analysis/output/SWEEP_US_Sweep_Behaviours/executed_notebooks doesn't exist.
Unable to parse line 10 'fama_factors_currency = "JPY"   # "USD" = US investor; "JPY" = Japanese investor'.
Unable to parse line 19 'start_year = 2018  # these ESG sources are aligned for `start_year==2013`'.
Unable to parse line 36 'download_gics_data = False   # re-pull GICS from WRDS (False = read cached ./data/GICS/ csv)'.
Unable to parse line 41 'if esg_choice == "refinitiv":'.
Unable to parse line 45 'if esg_choice == "msci":'.
Unable to parse line 49 'if esg_choice == "s&p":'.
Unable to parse line 64 'industry_level = 0 # 0 = map to larger groups, 1 = GICS_level_1, 2 = GICS_level_2'.
Passed unknown parameter: fama_factors_currency
Passed unknown parameter: industry_level
Passed unknown parameter: sweep_mode
Passed unknown parameter: sweep_run_id
Passed unknown parameter: sweep_out_dir
  !! run US_Sweep_Behaviours_0293 FAILED: output folder /Users/cbruce1/Documents/GitHub/fund_analysis/output/SWEEP_US_Sweep_Behaviours/executed_notebooks doesn't exist.
Unable to parse line 10 'fama_factors_currency = "JPY"   # "USD" = US investor; "JPY" = Japanese investor'.
Unable to parse line 19 'start_year = 2018  # these ESG sources are aligned for `start_year==2013`'.
Unable to parse line 36 'download_gics_data = False   # re-pull GICS from WRDS (False = read cached ./data/GICS/ csv)'.
Unable to parse line 41 'if esg_choice == "refinitiv":'.
Unable to parse line 45 'if esg_choice == "msci":'.
Unable to parse line 49 'if esg_choice == "s&p":'.
Unable to parse line 64 'industry_level = 0 # 0 = map to larger groups, 1 = GICS_level_1, 2 = GICS_level_2'.
Passed unknown parameter: fama_factors_currency
Passed unknown parameter: industry_level
Passed unknown parameter: sweep_mode
Passed unknown parameter: sweep_run_id
Passed unknown parameter: sweep_out_dir
  !! run US_Sweep_Behaviours_0294 FAILED: output folder /Users/cbruce1/Documents/GitHub/fund_analysis/output/SWEEP_US_Sweep_Behaviours/executed_notebooks doesn't exist.
Unable to parse line 10 'fama_factors_currency = "JPY"   # "USD" = US investor; "JPY" = Japanese investor'.
Unable to parse line 19 'start_year = 2018  # these ESG sources are aligned for `start_year==2013`'.
Unable to parse line 36 'download_gics_data = False   # re-pull GICS from WRDS (False = read cached ./data/GICS/ csv)'.
Unable to parse line 41 'if esg_choice == "refinitiv":'.
Unable to parse line 45 'if esg_choice == "msci":'.
Unable to parse line 49 'if esg_choice == "s&p":'.
Unable to parse line 64 'industry_level = 0 # 0 = map to larger groups, 1 = GICS_level_1, 2 = GICS_level_2'.
Passed unknown parameter: fama_factors_currency
Passed unknown parameter: industry_level
Passed unknown parameter: sweep_mode
Passed unknown parameter: sweep_run_id
Passed unknown parameter: sweep_out_dir
  !! run US_Sweep_Behaviours_0295 FAILED: output folder /Users/cbruce1/Documents/GitHub/fund_analysis/output/SWEEP_US_Sweep_Behaviours/executed_notebooks doesn't exist.
Unable to parse line 10 'fama_factors_currency = "JPY"   # "USD" = US investor; "JPY" = Japanese investor'.
Unable to parse line 19 'start_year = 2018  # these ESG sources are aligned for `start_year==2013`'.
Unable to parse line 36 'download_gics_data = False   # re-pull GICS from WRDS (False = read cached ./data/GICS/ csv)'.
Unable to parse line 41 'if esg_choice == "refinitiv":'.
Unable to parse line 45 'if esg_choice == "msci":'.
Unable to parse line 49 'if esg_choice == "s&p":'.
Unable to parse line 64 'industry_level = 0 # 0 = map to larger groups, 1 = GICS_level_1, 2 = GICS_level_2'.
Passed unknown parameter: fama_factors_currency
Passed unknown parameter: industry_level
Passed unknown parameter: sweep_mode
Passed unknown parameter: sweep_run_id
Passed unknown parameter: sweep_out_dir
  !! run US_Sweep_Behaviours_0296 FAILED: output folder /Users/cbruce1/Documents/GitHub/fund_analysis/output/SWEEP_US_Sweep_Behaviours/executed_notebooks doesn't exist.
Unable to parse line 10 'fama_factors_currency = "JPY"   # "USD" = US investor; "JPY" = Japanese investor'.
Unable to parse line 19 'start_year = 2018  # these ESG sources are aligned for `start_year==2013`'.
Unable to parse line 36 'download_gics_data = False   # re-pull GICS from WRDS (False = read cached ./data/GICS/ csv)'.
Unable to parse line 41 'if esg_choice == "refinitiv":'.
Unable to parse line 45 'if esg_choice == "msci":'.
Unable to parse line 49 'if esg_choice == "s&p":'.
Unable to parse line 64 'industry_level = 0 # 0 = map to larger groups, 1 = GICS_level_1, 2 = GICS_level_2'.
Passed unknown parameter: fama_factors_currency
Passed unknown parameter: industry_level
Passed unknown parameter: sweep_mode
Passed unknown parameter: sweep_run_id
Passed unknown parameter: sweep_out_dir
  !! run US_Sweep_Behaviours_0297 FAILED: output folder /Users/cbruce1/Documents/GitHub/fund_analysis/output/SWEEP_US_Sweep_Behaviours/executed_notebooks doesn't exist.
Unable to parse line 10 'fama_factors_currency = "JPY"   # "USD" = US investor; "JPY" = Japanese investor'.
Unable to parse line 19 'start_year = 2018  # these ESG sources are aligned for `start_year==2013`'.
Unable to parse line 36 'download_gics_data = False   # re-pull GICS from WRDS (False = read cached ./data/GICS/ csv)'.
Unable to parse line 41 'if esg_choice == "refinitiv":'.
Unable to parse line 45 'if esg_choice == "msci":'.
Unable to parse line 49 'if esg_choice == "s&p":'.
Unable to parse line 64 'industry_level = 0 # 0 = map to larger groups, 1 = GICS_level_1, 2 = GICS_level_2'.
Passed unknown parameter: fama_factors_currency
Passed unknown parameter: industry_level
Passed unknown parameter: sweep_mode
Passed unknown parameter: sweep_run_id
Passed unknown parameter: sweep_out_dir
  !! run US_Sweep_Behaviours_0298 FAILED: output folder /Users/cbruce1/Documents/GitHub/fund_analysis/output/SWEEP_US_Sweep_Behaviours/executed_notebooks doesn't exist.
Unable to parse line 10 'fama_factors_currency = "JPY"   # "USD" = US investor; "JPY" = Japanese investor'.
Unable to parse line 19 'start_year = 2018  # these ESG sources are aligned for `start_year==2013`'.
Unable to parse line 36 'download_gics_data = False   # re-pull GICS from WRDS (False = read cached ./data/GICS/ csv)'.
Unable to parse line 41 'if esg_choice == "refinitiv":'.
Unable to parse line 45 'if esg_choice == "msci":'.
Unable to parse line 49 'if esg_choice == "s&p":'.
Unable to parse line 64 'industry_level = 0 # 0 = map to larger groups, 1 = GICS_level_1, 2 = GICS_level_2'.
Passed unknown parameter: fama_factors_currency
Passed unknown parameter: industry_level
Passed unknown parameter: sweep_mode
Passed unknown parameter: sweep_run_id
Passed unknown parameter: sweep_out_dir
  !! run US_Sweep_Behaviours_0299 FAILED: output folder /Users/cbruce1/Documents/GitHub/fund_analysis/output/SWEEP_US_Sweep_Behaviours/executed_notebooks doesn't exist.
Unable to parse line 10 'fama_factors_currency = "JPY"   # "USD" = US investor; "JPY" = Japanese investor'.
Unable to parse line 19 'start_year = 2018  # these ESG sources are aligned for `start_year==2013`'.
Unable to parse line 36 'download_gics_data = False   # re-pull GICS from WRDS (False = read cached ./data/GICS/ csv)'.
Unable to parse line 41 'if esg_choice == "refinitiv":'.
Unable to parse line 45 'if esg_choice == "msci":'.
Unable to parse line 49 'if esg_choice == "s&p":'.
Unable to parse line 64 'industry_level = 0 # 0 = map to larger groups, 1 = GICS_level_1, 2 = GICS_level_2'.
Passed unknown parameter: fama_factors_currency
Passed unknown parameter: industry_level
Passed unknown parameter: sweep_mode
Passed unknown parameter: sweep_run_id
Passed unknown parameter: sweep_out_dir
  !! run US_Sweep_Behaviours_0300 FAILED: output folder /Users/cbruce1/Documents/GitHub/fund_analysis/output/SWEEP_US_Sweep_Behaviours/executed_notebooks doesn't exist.
Unable to parse line 10 'fama_factors_currency = "JPY"   # "USD" = US investor; "JPY" = Japanese investor'.
Unable to parse line 19 'start_year = 2018  # these ESG sources are aligned for `start_year==2013`'.
Unable to parse line 36 'download_gics_data = False   # re-pull GICS from WRDS (False = read cached ./data/GICS/ csv)'.
Unable to parse line 41 'if esg_choice == "refinitiv":'.
Unable to parse line 45 'if esg_choice == "msci":'.
Unable to parse line 49 'if esg_choice == "s&p":'.
Unable to parse line 64 'industry_level = 0 # 0 = map to larger groups, 1 = GICS_level_1, 2 = GICS_level_2'.
Passed unknown parameter: fama_factors_currency
Passed unknown parameter: industry_level
Passed unknown parameter: sweep_mode
Passed unknown parameter: sweep_run_id
Passed unknown parameter: sweep_out_dir
  !! run US_Sweep_Behaviours_0301 FAILED: output folder /Users/cbruce1/Documents/GitHub/fund_analysis/output/SWEEP_US_Sweep_Behaviours/executed_notebooks doesn't exist.
Unable to parse line 10 'fama_factors_currency = "JPY"   # "USD" = US investor; "JPY" = Japanese investor'.
Unable to parse line 19 'start_year = 2018  # these ESG sources are aligned for `start_year==2013`'.
Unable to parse line 36 'download_gics_data = False   # re-pull GICS from WRDS (False = read cached ./data/GICS/ csv)'.
Unable to parse line 41 'if esg_choice == "refinitiv":'.
Unable to parse line 45 'if esg_choice == "msci":'.
Unable to parse line 49 'if esg_choice == "s&p":'.
Unable to parse line 64 'industry_level = 0 # 0 = map to larger groups, 1 = GICS_level_1, 2 = GICS_level_2'.
Passed unknown parameter: fama_factors_currency
Passed unknown parameter: industry_level
Passed unknown parameter: sweep_mode
Passed unknown parameter: sweep_run_id
Passed unknown parameter: sweep_out_dir
  !! run US_Sweep_Behaviours_0302 FAILED: output folder /Users/cbruce1/Documents/GitHub/fund_analysis/output/SWEEP_US_Sweep_Behaviours/executed_notebooks doesn't exist.
Unable to parse line 10 'fama_factors_currency = "JPY"   # "USD" = US investor; "JPY" = Japanese investor'.
Unable to parse line 19 'start_year = 2018  # these ESG sources are aligned for `start_year==2013`'.
Unable to parse line 36 'download_gics_data = False   # re-pull GICS from WRDS (False = read cached ./data/GICS/ csv)'.
Unable to parse line 41 'if esg_choice == "refinitiv":'.
Unable to parse line 45 'if esg_choice == "msci":'.
Unable to parse line 49 'if esg_choice == "s&p":'.
Unable to parse line 64 'industry_level = 0 # 0 = map to larger groups, 1 = GICS_level_1, 2 = GICS_level_2'.
Passed unknown parameter: fama_factors_currency
Passed unknown parameter: industry_level
Passed unknown parameter: sweep_mode
Passed unknown parameter: sweep_run_id
Passed unknown parameter: sweep_out_dir
  !! run US_Sweep_Behaviours_0303 FAILED: output folder /Users/cbruce1/Documents/GitHub/fund_analysis/output/SWEEP_US_Sweep_Behaviours/executed_notebooks doesn't exist.
Unable to parse line 10 'fama_factors_currency = "JPY"   # "USD" = US investor; "JPY" = Japanese investor'.
Unable to parse line 19 'start_year = 2018  # these ESG sources are aligned for `start_year==2013`'.
Unable to parse line 36 'download_gics_data = False   # re-pull GICS from WRDS (False = read cached ./data/GICS/ csv)'.
Unable to parse line 41 'if esg_choice == "refinitiv":'.
Unable to parse line 45 'if esg_choice == "msci":'.
Unable to parse line 49 'if esg_choice == "s&p":'.
Unable to parse line 64 'industry_level = 0 # 0 = map to larger groups, 1 = GICS_level_1, 2 = GICS_level_2'.
Passed unknown parameter: fama_factors_currency
Passed unknown parameter: industry_level
Passed unknown parameter: sweep_mode
Passed unknown parameter: sweep_run_id
Passed unknown parameter: sweep_out_dir
  !! run US_Sweep_Behaviours_0304 FAILED: output folder /Users/cbruce1/Documents/GitHub/fund_analysis/output/SWEEP_US_Sweep_Behaviours/executed_notebooks doesn't exist.
Unable to parse line 10 'fama_factors_currency = "JPY"   # "USD" = US investor; "JPY" = Japanese investor'.
Unable to parse line 19 'start_year = 2018  # these ESG sources are aligned for `start_year==2013`'.
Unable to parse line 36 'download_gics_data = False   # re-pull GICS from WRDS (False = read cached ./data/GICS/ csv)'.
Unable to parse line 41 'if esg_choice == "refinitiv":'.
Unable to parse line 45 'if esg_choice == "msci":'.
Unable to parse line 49 'if esg_choice == "s&p":'.
Unable to parse line 64 'industry_level = 0 # 0 = map to larger groups, 1 = GICS_level_1, 2 = GICS_level_2'.
Passed unknown parameter: fama_factors_currency
Passed unknown parameter: industry_level
Passed unknown parameter: sweep_mode
Passed unknown parameter: sweep_run_id
Passed unknown parameter: sweep_out_dir
  !! run US_Sweep_Behaviours_0305 FAILED: output folder /Users/cbruce1/Documents/GitHub/fund_analysis/output/SWEEP_US_Sweep_Behaviours/executed_notebooks doesn't exist.
Unable to parse line 10 'fama_factors_currency = "JPY"   # "USD" = US investor; "JPY" = Japanese investor'.
Unable to parse line 19 'start_year = 2018  # these ESG sources are aligned for `start_year==2013`'.
Unable to parse line 36 'download_gics_data = False   # re-pull GICS from WRDS (False = read cached ./data/GICS/ csv)'.
Unable to parse line 41 'if esg_choice == "refinitiv":'.
Unable to parse line 45 'if esg_choice == "msci":'.
Unable to parse line 49 'if esg_choice == "s&p":'.
Unable to parse line 64 'industry_level = 0 # 0 = map to larger groups, 1 = GICS_level_1, 2 = GICS_level_2'.
Passed unknown parameter: fama_factors_currency
Passed unknown parameter: industry_level
Passed unknown parameter: sweep_mode
Passed unknown parameter: sweep_run_id
Passed unknown parameter: sweep_out_dir
  !! run US_Sweep_Behaviours_0306 FAILED: output folder /Users/cbruce1/Documents/GitHub/fund_analysis/output/SWEEP_US_Sweep_Behaviours/executed_notebooks doesn't exist.
Unable to parse line 10 'fama_factors_currency = "JPY"   # "USD" = US investor; "JPY" = Japanese investor'.
Unable to parse line 19 'start_year = 2018  # these ESG sources are aligned for `start_year==2013`'.
Unable to parse line 36 'download_gics_data = False   # re-pull GICS from WRDS (False = read cached ./data/GICS/ csv)'.
Unable to parse line 41 'if esg_choice == "refinitiv":'.
Unable to parse line 45 'if esg_choice == "msci":'.
Unable to parse line 49 'if esg_choice == "s&p":'.
Unable to parse line 64 'industry_level = 0 # 0 = map to larger groups, 1 = GICS_level_1, 2 = GICS_level_2'.
Passed unknown parameter: fama_factors_currency
Passed unknown parameter: industry_level
Passed unknown parameter: sweep_mode
Passed unknown parameter: sweep_run_id
Passed unknown parameter: sweep_out_dir
  !! run US_Sweep_Behaviours_0307 FAILED: output folder /Users/cbruce1/Documents/GitHub/fund_analysis/output/SWEEP_US_Sweep_Behaviours/executed_notebooks doesn't exist.
Unable to parse line 10 'fama_factors_currency = "JPY"   # "USD" = US investor; "JPY" = Japanese investor'.
Unable to parse line 19 'start_year = 2018  # these ESG sources are aligned for `start_year==2013`'.
Unable to parse line 36 'download_gics_data = False   # re-pull GICS from WRDS (False = read cached ./data/GICS/ csv)'.
Unable to parse line 41 'if esg_choice == "refinitiv":'.
Unable to parse line 45 'if esg_choice == "msci":'.
Unable to parse line 49 'if esg_choice == "s&p":'.
Unable to parse line 64 'industry_level = 0 # 0 = map to larger groups, 1 = GICS_level_1, 2 = GICS_level_2'.
Passed unknown parameter: fama_factors_currency
Passed unknown parameter: industry_level
Passed unknown parameter: sweep_mode
Passed unknown parameter: sweep_run_id
Passed unknown parameter: sweep_out_dir
  !! run US_Sweep_Behaviours_0308 FAILED: output folder /Users/cbruce1/Documents/GitHub/fund_analysis/output/SWEEP_US_Sweep_Behaviours/executed_notebooks doesn't exist.
Unable to parse line 10 'fama_factors_currency = "JPY"   # "USD" = US investor; "JPY" = Japanese investor'.
Unable to parse line 19 'start_year = 2018  # these ESG sources are aligned for `start_year==2013`'.
Unable to parse line 36 'download_gics_data = False   # re-pull GICS from WRDS (False = read cached ./data/GICS/ csv)'.
Unable to parse line 41 'if esg_choice == "refinitiv":'.
Unable to parse line 45 'if esg_choice == "msci":'.
Unable to parse line 49 'if esg_choice == "s&p":'.
Unable to parse line 64 'industry_level = 0 # 0 = map to larger groups, 1 = GICS_level_1, 2 = GICS_level_2'.
Passed unknown parameter: fama_factors_currency
Passed unknown parameter: industry_level
Passed unknown parameter: sweep_mode
Passed unknown parameter: sweep_run_id
Passed unknown parameter: sweep_out_dir
  !! run US_Sweep_Behaviours_0309 FAILED: output folder /Users/cbruce1/Documents/GitHub/fund_analysis/output/SWEEP_US_Sweep_Behaviours/executed_notebooks doesn't exist.
Unable to parse line 10 'fama_factors_currency = "JPY"   # "USD" = US investor; "JPY" = Japanese investor'.
Unable to parse line 19 'start_year = 2018  # these ESG sources are aligned for `start_year==2013`'.
Unable to parse line 36 'download_gics_data = False   # re-pull GICS from WRDS (False = read cached ./data/GICS/ csv)'.
Unable to parse line 41 'if esg_choice == "refinitiv":'.
Unable to parse line 45 'if esg_choice == "msci":'.
Unable to parse line 49 'if esg_choice == "s&p":'.
Unable to parse line 64 'industry_level = 0 # 0 = map to larger groups, 1 = GICS_level_1, 2 = GICS_level_2'.
Passed unknown parameter: fama_factors_currency
Passed unknown parameter: industry_level
Passed unknown parameter: sweep_mode
Passed unknown parameter: sweep_run_id
Passed unknown parameter: sweep_out_dir
  !! run US_Sweep_Behaviours_0310 FAILED: output folder /Users/cbruce1/Documents/GitHub/fund_analysis/output/SWEEP_US_Sweep_Behaviours/executed_notebooks doesn't exist.
Unable to parse line 10 'fama_factors_currency = "JPY"   # "USD" = US investor; "JPY" = Japanese investor'.
Unable to parse line 19 'start_year = 2018  # these ESG sources are aligned for `start_year==2013`'.
Unable to parse line 36 'download_gics_data = False   # re-pull GICS from WRDS (False = read cached ./data/GICS/ csv)'.
Unable to parse line 41 'if esg_choice == "refinitiv":'.
Unable to parse line 45 'if esg_choice == "msci":'.
Unable to parse line 49 'if esg_choice == "s&p":'.
Unable to parse line 64 'industry_level = 0 # 0 = map to larger groups, 1 = GICS_level_1, 2 = GICS_level_2'.
Passed unknown parameter: fama_factors_currency
Passed unknown parameter: industry_level
Passed unknown parameter: sweep_mode
Passed unknown parameter: sweep_run_id
Passed unknown parameter: sweep_out_dir
  !! run US_Sweep_Behaviours_0311 FAILED: output folder /Users/cbruce1/Documents/GitHub/fund_analysis/output/SWEEP_US_Sweep_Behaviours/executed_notebooks doesn't exist.
Unable to parse line 10 'fama_factors_currency = "JPY"   # "USD" = US investor; "JPY" = Japanese investor'.
Unable to parse line 19 'start_year = 2018  # these ESG sources are aligned for `start_year==2013`'.
Unable to parse line 36 'download_gics_data = False   # re-pull GICS from WRDS (False = read cached ./data/GICS/ csv)'.
Unable to parse line 41 'if esg_choice == "refinitiv":'.
Unable to parse line 45 'if esg_choice == "msci":'.
Unable to parse line 49 'if esg_choice == "s&p":'.
Unable to parse line 64 'industry_level = 0 # 0 = map to larger groups, 1 = GICS_level_1, 2 = GICS_level_2'.
Passed unknown parameter: fama_factors_currency
Passed unknown parameter: industry_level
Passed unknown parameter: sweep_mode
Passed unknown parameter: sweep_run_id
Passed unknown parameter: sweep_out_dir
  !! run US_Sweep_Behaviours_0312 FAILED: output folder /Users/cbruce1/Documents/GitHub/fund_analysis/output/SWEEP_US_Sweep_Behaviours/executed_notebooks doesn't exist.
Unable to parse line 10 'fama_factors_currency = "JPY"   # "USD" = US investor; "JPY" = Japanese investor'.
Unable to parse line 19 'start_year = 2018  # these ESG sources are aligned for `start_year==2013`'.
Unable to parse line 36 'download_gics_data = False   # re-pull GICS from WRDS (False = read cached ./data/GICS/ csv)'.
Unable to parse line 41 'if esg_choice == "refinitiv":'.
Unable to parse line 45 'if esg_choice == "msci":'.
Unable to parse line 49 'if esg_choice == "s&p":'.
Unable to parse line 64 'industry_level = 0 # 0 = map to larger groups, 1 = GICS_level_1, 2 = GICS_level_2'.
Passed unknown parameter: fama_factors_currency
Passed unknown parameter: industry_level
Passed unknown parameter: sweep_mode
Passed unknown parameter: sweep_run_id
Passed unknown parameter: sweep_out_dir
  !! run US_Sweep_Behaviours_0313 FAILED: output folder /Users/cbruce1/Documents/GitHub/fund_analysis/output/SWEEP_US_Sweep_Behaviours/executed_notebooks doesn't exist.
Unable to parse line 10 'fama_factors_currency = "JPY"   # "USD" = US investor; "JPY" = Japanese investor'.
Unable to parse line 19 'start_year = 2018  # these ESG sources are aligned for `start_year==2013`'.
Unable to parse line 36 'download_gics_data = False   # re-pull GICS from WRDS (False = read cached ./data/GICS/ csv)'.
Unable to parse line 41 'if esg_choice == "refinitiv":'.
Unable to parse line 45 'if esg_choice == "msci":'.
Unable to parse line 49 'if esg_choice == "s&p":'.
Unable to parse line 64 'industry_level = 0 # 0 = map to larger groups, 1 = GICS_level_1, 2 = GICS_level_2'.
Passed unknown parameter: fama_factors_currency
Passed unknown parameter: industry_level
Passed unknown parameter: sweep_mode
Passed unknown parameter: sweep_run_id
Passed unknown parameter: sweep_out_dir
  !! run US_Sweep_Behaviours_0314 FAILED: output folder /Users/cbruce1/Documents/GitHub/fund_analysis/output/SWEEP_US_Sweep_Behaviours/executed_notebooks doesn't exist.
Unable to parse line 10 'fama_factors_currency = "JPY"   # "USD" = US investor; "JPY" = Japanese investor'.
Unable to parse line 19 'start_year = 2018  # these ESG sources are aligned for `start_year==2013`'.
Unable to parse line 36 'download_gics_data = False   # re-pull GICS from WRDS (False = read cached ./data/GICS/ csv)'.
Unable to parse line 41 'if esg_choice == "refinitiv":'.
Unable to parse line 45 'if esg_choice == "msci":'.
Unable to parse line 49 'if esg_choice == "s&p":'.
Unable to parse line 64 'industry_level = 0 # 0 = map to larger groups, 1 = GICS_level_1, 2 = GICS_level_2'.
Passed unknown parameter: fama_factors_currency
Passed unknown parameter: industry_level
Passed unknown parameter: sweep_mode
Passed unknown parameter: sweep_run_id
Passed unknown parameter: sweep_out_dir
  !! run US_Sweep_Behaviours_0315 FAILED: output folder /Users/cbruce1/Documents/GitHub/fund_analysis/output/SWEEP_US_Sweep_Behaviours/executed_notebooks doesn't exist.
Unable to parse line 10 'fama_factors_currency = "JPY"   # "USD" = US investor; "JPY" = Japanese investor'.
Unable to parse line 19 'start_year = 2018  # these ESG sources are aligned for `start_year==2013`'.
Unable to parse line 36 'download_gics_data = False   # re-pull GICS from WRDS (False = read cached ./data/GICS/ csv)'.
Unable to parse line 41 'if esg_choice == "refinitiv":'.
Unable to parse line 45 'if esg_choice == "msci":'.
Unable to parse line 49 'if esg_choice == "s&p":'.
Unable to parse line 64 'industry_level = 0 # 0 = map to larger groups, 1 = GICS_level_1, 2 = GICS_level_2'.
Passed unknown parameter: fama_factors_currency
Passed unknown parameter: industry_level
Passed unknown parameter: sweep_mode
Passed unknown parameter: sweep_run_id
Passed unknown parameter: sweep_out_dir
  !! run US_Sweep_Behaviours_0316 FAILED: output folder /Users/cbruce1/Documents/GitHub/fund_analysis/output/SWEEP_US_Sweep_Behaviours/executed_notebooks doesn't exist.
Unable to parse line 10 'fama_factors_currency = "JPY"   # "USD" = US investor; "JPY" = Japanese investor'.
Unable to parse line 19 'start_year = 2018  # these ESG sources are aligned for `start_year==2013`'.
Unable to parse line 36 'download_gics_data = False   # re-pull GICS from WRDS (False = read cached ./data/GICS/ csv)'.
Unable to parse line 41 'if esg_choice == "refinitiv":'.
Unable to parse line 45 'if esg_choice == "msci":'.
Unable to parse line 49 'if esg_choice == "s&p":'.
Unable to parse line 64 'industry_level = 0 # 0 = map to larger groups, 1 = GICS_level_1, 2 = GICS_level_2'.
Passed unknown parameter: fama_factors_currency
Passed unknown parameter: industry_level
Passed unknown parameter: sweep_mode
Passed unknown parameter: sweep_run_id
Passed unknown parameter: sweep_out_dir
  !! run US_Sweep_Behaviours_0317 FAILED: output folder /Users/cbruce1/Documents/GitHub/fund_analysis/output/SWEEP_US_Sweep_Behaviours/executed_notebooks doesn't exist.
Unable to parse line 10 'fama_factors_currency = "JPY"   # "USD" = US investor; "JPY" = Japanese investor'.
Unable to parse line 19 'start_year = 2018  # these ESG sources are aligned for `start_year==2013`'.
Unable to parse line 36 'download_gics_data = False   # re-pull GICS from WRDS (False = read cached ./data/GICS/ csv)'.
Unable to parse line 41 'if esg_choice == "refinitiv":'.
Unable to parse line 45 'if esg_choice == "msci":'.
Unable to parse line 49 'if esg_choice == "s&p":'.
Unable to parse line 64 'industry_level = 0 # 0 = map to larger groups, 1 = GICS_level_1, 2 = GICS_level_2'.
Passed unknown parameter: fama_factors_currency
Passed unknown parameter: industry_level
Passed unknown parameter: sweep_mode
Passed unknown parameter: sweep_run_id
Passed unknown parameter: sweep_out_dir
  !! run US_Sweep_Behaviours_0318 FAILED: output folder /Users/cbruce1/Documents/GitHub/fund_analysis/output/SWEEP_US_Sweep_Behaviours/executed_notebooks doesn't exist.
Unable to parse line 10 'fama_factors_currency = "JPY"   # "USD" = US investor; "JPY" = Japanese investor'.
Unable to parse line 19 'start_year = 2018  # these ESG sources are aligned for `start_year==2013`'.
Unable to parse line 36 'download_gics_data = False   # re-pull GICS from WRDS (False = read cached ./data/GICS/ csv)'.
Unable to parse line 41 'if esg_choice == "refinitiv":'.
Unable to parse line 45 'if esg_choice == "msci":'.
Unable to parse line 49 'if esg_choice == "s&p":'.
Unable to parse line 64 'industry_level = 0 # 0 = map to larger groups, 1 = GICS_level_1, 2 = GICS_level_2'.
Passed unknown parameter: fama_factors_currency
Passed unknown parameter: industry_level
Passed unknown parameter: sweep_mode
Passed unknown parameter: sweep_run_id
Passed unknown parameter: sweep_out_dir
  !! run US_Sweep_Behaviours_0319 FAILED: output folder /Users/cbruce1/Documents/GitHub/fund_analysis/output/SWEEP_US_Sweep_Behaviours/executed_notebooks doesn't exist.
Unable to parse line 10 'fama_factors_currency = "JPY"   # "USD" = US investor; "JPY" = Japanese investor'.
Unable to parse line 19 'start_year = 2018  # these ESG sources are aligned for `start_year==2013`'.
Unable to parse line 36 'download_gics_data = False   # re-pull GICS from WRDS (False = read cached ./data/GICS/ csv)'.
Unable to parse line 41 'if esg_choice == "refinitiv":'.
Unable to parse line 45 'if esg_choice == "msci":'.
Unable to parse line 49 'if esg_choice == "s&p":'.
Unable to parse line 64 'industry_level = 0 # 0 = map to larger groups, 1 = GICS_level_1, 2 = GICS_level_2'.
Passed unknown parameter: fama_factors_currency
Passed unknown parameter: industry_level
Passed unknown parameter: sweep_mode
Passed unknown parameter: sweep_run_id
Passed unknown parameter: sweep_out_dir
  !! run US_Sweep_Behaviours_0320 FAILED: output folder /Users/cbruce1/Documents/GitHub/fund_analysis/output/SWEEP_US_Sweep_Behaviours/executed_notebooks doesn't exist.
Unable to parse line 10 'fama_factors_currency = "JPY"   # "USD" = US investor; "JPY" = Japanese investor'.
Unable to parse line 19 'start_year = 2018  # these ESG sources are aligned for `start_year==2013`'.
Unable to parse line 36 'download_gics_data = False   # re-pull GICS from WRDS (False = read cached ./data/GICS/ csv)'.
Unable to parse line 41 'if esg_choice == "refinitiv":'.
Unable to parse line 45 'if esg_choice == "msci":'.
Unable to parse line 49 'if esg_choice == "s&p":'.
Unable to parse line 64 'industry_level = 0 # 0 = map to larger groups, 1 = GICS_level_1, 2 = GICS_level_2'.
Passed unknown parameter: fama_factors_currency
Passed unknown parameter: industry_level
Passed unknown parameter: sweep_mode
Passed unknown parameter: sweep_run_id
Passed unknown parameter: sweep_out_dir
  !! run US_Sweep_Behaviours_0321 FAILED: output folder /Users/cbruce1/Documents/GitHub/fund_analysis/output/SWEEP_US_Sweep_Behaviours/executed_notebooks doesn't exist.
Unable to parse line 10 'fama_factors_currency = "JPY"   # "USD" = US investor; "JPY" = Japanese investor'.
Unable to parse line 19 'start_year = 2018  # these ESG sources are aligned for `start_year==2013`'.
Unable to parse line 36 'download_gics_data = False   # re-pull GICS from WRDS (False = read cached ./data/GICS/ csv)'.
Unable to parse line 41 'if esg_choice == "refinitiv":'.
Unable to parse line 45 'if esg_choice == "msci":'.
Unable to parse line 49 'if esg_choice == "s&p":'.
Unable to parse line 64 'industry_level = 0 # 0 = map to larger groups, 1 = GICS_level_1, 2 = GICS_level_2'.
Passed unknown parameter: fama_factors_currency
Passed unknown parameter: industry_level
Passed unknown parameter: sweep_mode
Passed unknown parameter: sweep_run_id
Passed unknown parameter: sweep_out_dir
  !! run US_Sweep_Behaviours_0322 FAILED: output folder /Users/cbruce1/Documents/GitHub/fund_analysis/output/SWEEP_US_Sweep_Behaviours/executed_notebooks doesn't exist.
Unable to parse line 10 'fama_factors_currency = "JPY"   # "USD" = US investor; "JPY" = Japanese investor'.
Unable to parse line 19 'start_year = 2018  # these ESG sources are aligned for `start_year==2013`'.
Unable to parse line 36 'download_gics_data = False   # re-pull GICS from WRDS (False = read cached ./data/GICS/ csv)'.
Unable to parse line 41 'if esg_choice == "refinitiv":'.
Unable to parse line 45 'if esg_choice == "msci":'.
Unable to parse line 49 'if esg_choice == "s&p":'.
Unable to parse line 64 'industry_level = 0 # 0 = map to larger groups, 1 = GICS_level_1, 2 = GICS_level_2'.
Passed unknown parameter: fama_factors_currency
Passed unknown parameter: industry_level
Passed unknown parameter: sweep_mode
Passed unknown parameter: sweep_run_id
Passed unknown parameter: sweep_out_dir
  !! run US_Sweep_Behaviours_0323 FAILED: output folder /Users/cbruce1/Documents/GitHub/fund_analysis/output/SWEEP_US_Sweep_Behaviours/executed_notebooks doesn't exist.
Unable to parse line 10 'fama_factors_currency = "JPY"   # "USD" = US investor; "JPY" = Japanese investor'.
Unable to parse line 19 'start_year = 2018  # these ESG sources are aligned for `start_year==2013`'.
Unable to parse line 36 'download_gics_data = False   # re-pull GICS from WRDS (False = read cached ./data/GICS/ csv)'.
Unable to parse line 41 'if esg_choice == "refinitiv":'.
Unable to parse line 45 'if esg_choice == "msci":'.
Unable to parse line 49 'if esg_choice == "s&p":'.
Unable to parse line 64 'industry_level = 0 # 0 = map to larger groups, 1 = GICS_level_1, 2 = GICS_level_2'.
Passed unknown parameter: fama_factors_currency
Passed unknown parameter: industry_level
Passed unknown parameter: sweep_mode
Passed unknown parameter: sweep_run_id
Passed unknown parameter: sweep_out_dir
  !! run US_Sweep_Behaviours_0324 FAILED: output folder /Users/cbruce1/Documents/GitHub/fund_analysis/output/SWEEP_US_Sweep_Behaviours/executed_notebooks doesn't exist.
Unable to parse line 10 'fama_factors_currency = "JPY"   # "USD" = US investor; "JPY" = Japanese investor'.
Unable to parse line 19 'start_year = 2018  # these ESG sources are aligned for `start_year==2013`'.
Unable to parse line 36 'download_gics_data = False   # re-pull GICS from WRDS (False = read cached ./data/GICS/ csv)'.
Unable to parse line 41 'if esg_choice == "refinitiv":'.
Unable to parse line 45 'if esg_choice == "msci":'.
Unable to parse line 49 'if esg_choice == "s&p":'.
Unable to parse line 64 'industry_level = 0 # 0 = map to larger groups, 1 = GICS_level_1, 2 = GICS_level_2'.
Passed unknown parameter: fama_factors_currency
Passed unknown parameter: industry_level
Passed unknown parameter: sweep_mode
Passed unknown parameter: sweep_run_id
Passed unknown parameter: sweep_out_dir
  !! run US_Sweep_Behaviours_0325 FAILED: output folder /Users/cbruce1/Documents/GitHub/fund_analysis/output/SWEEP_US_Sweep_Behaviours/executed_notebooks doesn't exist.
Unable to parse line 10 'fama_factors_currency = "JPY"   # "USD" = US investor; "JPY" = Japanese investor'.
Unable to parse line 19 'start_year = 2018  # these ESG sources are aligned for `start_year==2013`'.
Unable to parse line 36 'download_gics_data = False   # re-pull GICS from WRDS (False = read cached ./data/GICS/ csv)'.
Unable to parse line 41 'if esg_choice == "refinitiv":'.
Unable to parse line 45 'if esg_choice == "msci":'.
Unable to parse line 49 'if esg_choice == "s&p":'.
Unable to parse line 64 'industry_level = 0 # 0 = map to larger groups, 1 = GICS_level_1, 2 = GICS_level_2'.
Passed unknown parameter: fama_factors_currency
Passed unknown parameter: industry_level
Passed unknown parameter: sweep_mode
Passed unknown parameter: sweep_run_id
Passed unknown parameter: sweep_out_dir
  !! run US_Sweep_Behaviours_0326 FAILED: output folder /Users/cbruce1/Documents/GitHub/fund_analysis/output/SWEEP_US_Sweep_Behaviours/executed_notebooks doesn't exist.
Unable to parse line 10 'fama_factors_currency = "JPY"   # "USD" = US investor; "JPY" = Japanese investor'.
Unable to parse line 19 'start_year = 2018  # these ESG sources are aligned for `start_year==2013`'.
Unable to parse line 36 'download_gics_data = False   # re-pull GICS from WRDS (False = read cached ./data/GICS/ csv)'.
Unable to parse line 41 'if esg_choice == "refinitiv":'.
Unable to parse line 45 'if esg_choice == "msci":'.
Unable to parse line 49 'if esg_choice == "s&p":'.
Unable to parse line 64 'industry_level = 0 # 0 = map to larger groups, 1 = GICS_level_1, 2 = GICS_level_2'.
Passed unknown parameter: fama_factors_currency
Passed unknown parameter: industry_level
Passed unknown parameter: sweep_mode
Passed unknown parameter: sweep_run_id
Passed unknown parameter: sweep_out_dir
  !! run US_Sweep_Behaviours_0327 FAILED: output folder /Users/cbruce1/Documents/GitHub/fund_analysis/output/SWEEP_US_Sweep_Behaviours/executed_notebooks doesn't exist.
Unable to parse line 10 'fama_factors_currency = "JPY"   # "USD" = US investor; "JPY" = Japanese investor'.
Unable to parse line 19 'start_year = 2018  # these ESG sources are aligned for `start_year==2013`'.
Unable to parse line 36 'download_gics_data = False   # re-pull GICS from WRDS (False = read cached ./data/GICS/ csv)'.
Unable to parse line 41 'if esg_choice == "refinitiv":'.
Unable to parse line 45 'if esg_choice == "msci":'.
Unable to parse line 49 'if esg_choice == "s&p":'.
Unable to parse line 64 'industry_level = 0 # 0 = map to larger groups, 1 = GICS_level_1, 2 = GICS_level_2'.
Passed unknown parameter: fama_factors_currency
Passed unknown parameter: industry_level
Passed unknown parameter: sweep_mode
Passed unknown parameter: sweep_run_id
Passed unknown parameter: sweep_out_dir
  !! run US_Sweep_Behaviours_0328 FAILED: output folder /Users/cbruce1/Documents/GitHub/fund_analysis/output/SWEEP_US_Sweep_Behaviours/executed_notebooks doesn't exist.
Unable to parse line 10 'fama_factors_currency = "JPY"   # "USD" = US investor; "JPY" = Japanese investor'.
Unable to parse line 19 'start_year = 2018  # these ESG sources are aligned for `start_year==2013`'.
Unable to parse line 36 'download_gics_data = False   # re-pull GICS from WRDS (False = read cached ./data/GICS/ csv)'.
Unable to parse line 41 'if esg_choice == "refinitiv":'.
Unable to parse line 45 'if esg_choice == "msci":'.
Unable to parse line 49 'if esg_choice == "s&p":'.
Unable to parse line 64 'industry_level = 0 # 0 = map to larger groups, 1 = GICS_level_1, 2 = GICS_level_2'.
Passed unknown parameter: fama_factors_currency
Passed unknown parameter: industry_level
Passed unknown parameter: sweep_mode
Passed unknown parameter: sweep_run_id
Passed unknown parameter: sweep_out_dir
  !! run US_Sweep_Behaviours_0329 FAILED: output folder /Users/cbruce1/Documents/GitHub/fund_analysis/output/SWEEP_US_Sweep_Behaviours/executed_notebooks doesn't exist.
Unable to parse line 10 'fama_factors_currency = "JPY"   # "USD" = US investor; "JPY" = Japanese investor'.
Unable to parse line 19 'start_year = 2018  # these ESG sources are aligned for `start_year==2013`'.
Unable to parse line 36 'download_gics_data = False   # re-pull GICS from WRDS (False = read cached ./data/GICS/ csv)'.
Unable to parse line 41 'if esg_choice == "refinitiv":'.
Unable to parse line 45 'if esg_choice == "msci":'.
Unable to parse line 49 'if esg_choice == "s&p":'.
Unable to parse line 64 'industry_level = 0 # 0 = map to larger groups, 1 = GICS_level_1, 2 = GICS_level_2'.
Passed unknown parameter: fama_factors_currency
Passed unknown parameter: industry_level
Passed unknown parameter: sweep_mode
Passed unknown parameter: sweep_run_id
Passed unknown parameter: sweep_out_dir
  !! run US_Sweep_Behaviours_0330 FAILED: output folder /Users/cbruce1/Documents/GitHub/fund_analysis/output/SWEEP_US_Sweep_Behaviours/executed_notebooks doesn't exist.
Unable to parse line 10 'fama_factors_currency = "JPY"   # "USD" = US investor; "JPY" = Japanese investor'.
Unable to parse line 19 'start_year = 2018  # these ESG sources are aligned for `start_year==2013`'.
Unable to parse line 36 'download_gics_data = False   # re-pull GICS from WRDS (False = read cached ./data/GICS/ csv)'.
Unable to parse line 41 'if esg_choice == "refinitiv":'.
Unable to parse line 45 'if esg_choice == "msci":'.
Unable to parse line 49 'if esg_choice == "s&p":'.
Unable to parse line 64 'industry_level = 0 # 0 = map to larger groups, 1 = GICS_level_1, 2 = GICS_level_2'.
Passed unknown parameter: fama_factors_currency
Passed unknown parameter: industry_level
Passed unknown parameter: sweep_mode
Passed unknown parameter: sweep_run_id
Passed unknown parameter: sweep_out_dir
  !! run US_Sweep_Behaviours_0331 FAILED: output folder /Users/cbruce1/Documents/GitHub/fund_analysis/output/SWEEP_US_Sweep_Behaviours/executed_notebooks doesn't exist.
Unable to parse line 10 'fama_factors_currency = "JPY"   # "USD" = US investor; "JPY" = Japanese investor'.
Unable to parse line 19 'start_year = 2018  # these ESG sources are aligned for `start_year==2013`'.
Unable to parse line 36 'download_gics_data = False   # re-pull GICS from WRDS (False = read cached ./data/GICS/ csv)'.
Unable to parse line 41 'if esg_choice == "refinitiv":'.
Unable to parse line 45 'if esg_choice == "msci":'.
Unable to parse line 49 'if esg_choice == "s&p":'.
Unable to parse line 64 'industry_level = 0 # 0 = map to larger groups, 1 = GICS_level_1, 2 = GICS_level_2'.
Passed unknown parameter: fama_factors_currency
Passed unknown parameter: industry_level
Passed unknown parameter: sweep_mode
Passed unknown parameter: sweep_run_id
Passed unknown parameter: sweep_out_dir
  !! run US_Sweep_Behaviours_0332 FAILED: output folder /Users/cbruce1/Documents/GitHub/fund_analysis/output/SWEEP_US_Sweep_Behaviours/executed_notebooks doesn't exist.
Unable to parse line 10 'fama_factors_currency = "JPY"   # "USD" = US investor; "JPY" = Japanese investor'.
Unable to parse line 19 'start_year = 2018  # these ESG sources are aligned for `start_year==2013`'.
Unable to parse line 36 'download_gics_data = False   # re-pull GICS from WRDS (False = read cached ./data/GICS/ csv)'.
Unable to parse line 41 'if esg_choice == "refinitiv":'.
Unable to parse line 45 'if esg_choice == "msci":'.
Unable to parse line 49 'if esg_choice == "s&p":'.
Unable to parse line 64 'industry_level = 0 # 0 = map to larger groups, 1 = GICS_level_1, 2 = GICS_level_2'.
Passed unknown parameter: fama_factors_currency
Passed unknown parameter: industry_level
Passed unknown parameter: sweep_mode
Passed unknown parameter: sweep_run_id
Passed unknown parameter: sweep_out_dir
  !! run US_Sweep_Behaviours_0333 FAILED: output folder /Users/cbruce1/Documents/GitHub/fund_analysis/output/SWEEP_US_Sweep_Behaviours/executed_notebooks doesn't exist.
Unable to parse line 10 'fama_factors_currency = "JPY"   # "USD" = US investor; "JPY" = Japanese investor'.
Unable to parse line 19 'start_year = 2018  # these ESG sources are aligned for `start_year==2013`'.
Unable to parse line 36 'download_gics_data = False   # re-pull GICS from WRDS (False = read cached ./data/GICS/ csv)'.
Unable to parse line 41 'if esg_choice == "refinitiv":'.
Unable to parse line 45 'if esg_choice == "msci":'.
Unable to parse line 49 'if esg_choice == "s&p":'.
Unable to parse line 64 'industry_level = 0 # 0 = map to larger groups, 1 = GICS_level_1, 2 = GICS_level_2'.
Passed unknown parameter: fama_factors_currency
Passed unknown parameter: industry_level
Passed unknown parameter: sweep_mode
Passed unknown parameter: sweep_run_id
Passed unknown parameter: sweep_out_dir
  !! run US_Sweep_Behaviours_0334 FAILED: output folder /Users/cbruce1/Documents/GitHub/fund_analysis/output/SWEEP_US_Sweep_Behaviours/executed_notebooks doesn't exist.
Unable to parse line 10 'fama_factors_currency = "JPY"   # "USD" = US investor; "JPY" = Japanese investor'.
Unable to parse line 19 'start_year = 2018  # these ESG sources are aligned for `start_year==2013`'.
Unable to parse line 36 'download_gics_data = False   # re-pull GICS from WRDS (False = read cached ./data/GICS/ csv)'.
Unable to parse line 41 'if esg_choice == "refinitiv":'.
Unable to parse line 45 'if esg_choice == "msci":'.
Unable to parse line 49 'if esg_choice == "s&p":'.
Unable to parse line 64 'industry_level = 0 # 0 = map to larger groups, 1 = GICS_level_1, 2 = GICS_level_2'.
Passed unknown parameter: fama_factors_currency
Passed unknown parameter: industry_level
Passed unknown parameter: sweep_mode
Passed unknown parameter: sweep_run_id
Passed unknown parameter: sweep_out_dir
  !! run US_Sweep_Behaviours_0335 FAILED: output folder /Users/cbruce1/Documents/GitHub/fund_analysis/output/SWEEP_US_Sweep_Behaviours/executed_notebooks doesn't exist.
Unable to parse line 10 'fama_factors_currency = "JPY"   # "USD" = US investor; "JPY" = Japanese investor'.
Unable to parse line 19 'start_year = 2018  # these ESG sources are aligned for `start_year==2013`'.
Unable to parse line 36 'download_gics_data = False   # re-pull GICS from WRDS (False = read cached ./data/GICS/ csv)'.
Unable to parse line 41 'if esg_choice == "refinitiv":'.
Unable to parse line 45 'if esg_choice == "msci":'.
Unable to parse line 49 'if esg_choice == "s&p":'.
Unable to parse line 64 'industry_level = 0 # 0 = map to larger groups, 1 = GICS_level_1, 2 = GICS_level_2'.
Passed unknown parameter: fama_factors_currency
Passed unknown parameter: industry_level
Passed unknown parameter: sweep_mode
Passed unknown parameter: sweep_run_id
Passed unknown parameter: sweep_out_dir
  !! run US_Sweep_Behaviours_0336 FAILED: output folder /Users/cbruce1/Documents/GitHub/fund_analysis/output/SWEEP_US_Sweep_Behaviours/executed_notebooks doesn't exist.
Unable to parse line 10 'fama_factors_currency = "JPY"   # "USD" = US investor; "JPY" = Japanese investor'.
Unable to parse line 19 'start_year = 2018  # these ESG sources are aligned for `start_year==2013`'.
Unable to parse line 36 'download_gics_data = False   # re-pull GICS from WRDS (False = read cached ./data/GICS/ csv)'.
Unable to parse line 41 'if esg_choice == "refinitiv":'.
Unable to parse line 45 'if esg_choice == "msci":'.
Unable to parse line 49 'if esg_choice == "s&p":'.
Unable to parse line 64 'industry_level = 0 # 0 = map to larger groups, 1 = GICS_level_1, 2 = GICS_level_2'.
Passed unknown parameter: fama_factors_currency
Passed unknown parameter: industry_level
Passed unknown parameter: sweep_mode
Passed unknown parameter: sweep_run_id
Passed unknown parameter: sweep_out_dir
  !! run US_Sweep_Behaviours_0337 FAILED: output folder /Users/cbruce1/Documents/GitHub/fund_analysis/output/SWEEP_US_Sweep_Behaviours/executed_notebooks doesn't exist.
Unable to parse line 10 'fama_factors_currency = "JPY"   # "USD" = US investor; "JPY" = Japanese investor'.
Unable to parse line 19 'start_year = 2018  # these ESG sources are aligned for `start_year==2013`'.
Unable to parse line 36 'download_gics_data = False   # re-pull GICS from WRDS (False = read cached ./data/GICS/ csv)'.
Unable to parse line 41 'if esg_choice == "refinitiv":'.
Unable to parse line 45 'if esg_choice == "msci":'.
Unable to parse line 49 'if esg_choice == "s&p":'.
Unable to parse line 64 'industry_level = 0 # 0 = map to larger groups, 1 = GICS_level_1, 2 = GICS_level_2'.
Passed unknown parameter: fama_factors_currency
Passed unknown parameter: industry_level
Passed unknown parameter: sweep_mode
Passed unknown parameter: sweep_run_id
Passed unknown parameter: sweep_out_dir
  !! run US_Sweep_Behaviours_0338 FAILED: output folder /Users/cbruce1/Documents/GitHub/fund_analysis/output/SWEEP_US_Sweep_Behaviours/executed_notebooks doesn't exist.
Unable to parse line 10 'fama_factors_currency = "JPY"   # "USD" = US investor; "JPY" = Japanese investor'.
Unable to parse line 19 'start_year = 2018  # these ESG sources are aligned for `start_year==2013`'.
Unable to parse line 36 'download_gics_data = False   # re-pull GICS from WRDS (False = read cached ./data/GICS/ csv)'.
Unable to parse line 41 'if esg_choice == "refinitiv":'.
Unable to parse line 45 'if esg_choice == "msci":'.
Unable to parse line 49 'if esg_choice == "s&p":'.
Unable to parse line 64 'industry_level = 0 # 0 = map to larger groups, 1 = GICS_level_1, 2 = GICS_level_2'.
Passed unknown parameter: fama_factors_currency
Passed unknown parameter: industry_level
Passed unknown parameter: sweep_mode
Passed unknown parameter: sweep_run_id
Passed unknown parameter: sweep_out_dir
  !! run US_Sweep_Behaviours_0339 FAILED: output folder /Users/cbruce1/Documents/GitHub/fund_analysis/output/SWEEP_US_Sweep_Behaviours/executed_notebooks doesn't exist.
Unable to parse line 10 'fama_factors_currency = "JPY"   # "USD" = US investor; "JPY" = Japanese investor'.
Unable to parse line 19 'start_year = 2018  # these ESG sources are aligned for `start_year==2013`'.
Unable to parse line 36 'download_gics_data = False   # re-pull GICS from WRDS (False = read cached ./data/GICS/ csv)'.
Unable to parse line 41 'if esg_choice == "refinitiv":'.
Unable to parse line 45 'if esg_choice == "msci":'.
Unable to parse line 49 'if esg_choice == "s&p":'.
Unable to parse line 64 'industry_level = 0 # 0 = map to larger groups, 1 = GICS_level_1, 2 = GICS_level_2'.
Passed unknown parameter: fama_factors_currency
Passed unknown parameter: industry_level
Passed unknown parameter: sweep_mode
Passed unknown parameter: sweep_run_id
Passed unknown parameter: sweep_out_dir
  !! run US_Sweep_Behaviours_0340 FAILED: output folder /Users/cbruce1/Documents/GitHub/fund_analysis/output/SWEEP_US_Sweep_Behaviours/executed_notebooks doesn't exist.
Unable to parse line 10 'fama_factors_currency = "JPY"   # "USD" = US investor; "JPY" = Japanese investor'.
Unable to parse line 19 'start_year = 2018  # these ESG sources are aligned for `start_year==2013`'.
Unable to parse line 36 'download_gics_data = False   # re-pull GICS from WRDS (False = read cached ./data/GICS/ csv)'.
Unable to parse line 41 'if esg_choice == "refinitiv":'.
Unable to parse line 45 'if esg_choice == "msci":'.
Unable to parse line 49 'if esg_choice == "s&p":'.
Unable to parse line 64 'industry_level = 0 # 0 = map to larger groups, 1 = GICS_level_1, 2 = GICS_level_2'.
Passed unknown parameter: fama_factors_currency
Passed unknown parameter: industry_level
Passed unknown parameter: sweep_mode
Passed unknown parameter: sweep_run_id
Passed unknown parameter: sweep_out_dir
  !! run US_Sweep_Behaviours_0341 FAILED: output folder /Users/cbruce1/Documents/GitHub/fund_analysis/output/SWEEP_US_Sweep_Behaviours/executed_notebooks doesn't exist.
Unable to parse line 10 'fama_factors_currency = "JPY"   # "USD" = US investor; "JPY" = Japanese investor'.
Unable to parse line 19 'start_year = 2018  # these ESG sources are aligned for `start_year==2013`'.
Unable to parse line 36 'download_gics_data = False   # re-pull GICS from WRDS (False = read cached ./data/GICS/ csv)'.
Unable to parse line 41 'if esg_choice == "refinitiv":'.
Unable to parse line 45 'if esg_choice == "msci":'.
Unable to parse line 49 'if esg_choice == "s&p":'.
Unable to parse line 64 'industry_level = 0 # 0 = map to larger groups, 1 = GICS_level_1, 2 = GICS_level_2'.
Passed unknown parameter: fama_factors_currency
Passed unknown parameter: industry_level
Passed unknown parameter: sweep_mode
Passed unknown parameter: sweep_run_id
Passed unknown parameter: sweep_out_dir
  !! run US_Sweep_Behaviours_0342 FAILED: output folder /Users/cbruce1/Documents/GitHub/fund_analysis/output/SWEEP_US_Sweep_Behaviours/executed_notebooks doesn't exist.
Unable to parse line 10 'fama_factors_currency = "JPY"   # "USD" = US investor; "JPY" = Japanese investor'.
Unable to parse line 19 'start_year = 2018  # these ESG sources are aligned for `start_year==2013`'.
Unable to parse line 36 'download_gics_data = False   # re-pull GICS from WRDS (False = read cached ./data/GICS/ csv)'.
Unable to parse line 41 'if esg_choice == "refinitiv":'.
Unable to parse line 45 'if esg_choice == "msci":'.
Unable to parse line 49 'if esg_choice == "s&p":'.
Unable to parse line 64 'industry_level = 0 # 0 = map to larger groups, 1 = GICS_level_1, 2 = GICS_level_2'.
Passed unknown parameter: fama_factors_currency
Passed unknown parameter: industry_level
Passed unknown parameter: sweep_mode
Passed unknown parameter: sweep_run_id
Passed unknown parameter: sweep_out_dir
  !! run US_Sweep_Behaviours_0343 FAILED: output folder /Users/cbruce1/Documents/GitHub/fund_analysis/output/SWEEP_US_Sweep_Behaviours/executed_notebooks doesn't exist.
Unable to parse line 10 'fama_factors_currency = "JPY"   # "USD" = US investor; "JPY" = Japanese investor'.
Unable to parse line 19 'start_year = 2018  # these ESG sources are aligned for `start_year==2013`'.
Unable to parse line 36 'download_gics_data = False   # re-pull GICS from WRDS (False = read cached ./data/GICS/ csv)'.
Unable to parse line 41 'if esg_choice == "refinitiv":'.
Unable to parse line 45 'if esg_choice == "msci":'.
Unable to parse line 49 'if esg_choice == "s&p":'.
Unable to parse line 64 'industry_level = 0 # 0 = map to larger groups, 1 = GICS_level_1, 2 = GICS_level_2'.
Passed unknown parameter: fama_factors_currency
Passed unknown parameter: industry_level
Passed unknown parameter: sweep_mode
Passed unknown parameter: sweep_run_id
Passed unknown parameter: sweep_out_dir
  !! run US_Sweep_Behaviours_0344 FAILED: output folder /Users/cbruce1/Documents/GitHub/fund_analysis/output/SWEEP_US_Sweep_Behaviours/executed_notebooks doesn't exist.
Unable to parse line 10 'fama_factors_currency = "JPY"   # "USD" = US investor; "JPY" = Japanese investor'.
Unable to parse line 19 'start_year = 2018  # these ESG sources are aligned for `start_year==2013`'.
Unable to parse line 36 'download_gics_data = False   # re-pull GICS from WRDS (False = read cached ./data/GICS/ csv)'.
Unable to parse line 41 'if esg_choice == "refinitiv":'.
Unable to parse line 45 'if esg_choice == "msci":'.
Unable to parse line 49 'if esg_choice == "s&p":'.
Unable to parse line 64 'industry_level = 0 # 0 = map to larger groups, 1 = GICS_level_1, 2 = GICS_level_2'.
Passed unknown parameter: fama_factors_currency
Passed unknown parameter: industry_level
Passed unknown parameter: sweep_mode
Passed unknown parameter: sweep_run_id
Passed unknown parameter: sweep_out_dir
  !! run US_Sweep_Behaviours_0345 FAILED: output folder /Users/cbruce1/Documents/GitHub/fund_analysis/output/SWEEP_US_Sweep_Behaviours/executed_notebooks doesn't exist.
Unable to parse line 10 'fama_factors_currency = "JPY"   # "USD" = US investor; "JPY" = Japanese investor'.
Unable to parse line 19 'start_year = 2018  # these ESG sources are aligned for `start_year==2013`'.
Unable to parse line 36 'download_gics_data = False   # re-pull GICS from WRDS (False = read cached ./data/GICS/ csv)'.
Unable to parse line 41 'if esg_choice == "refinitiv":'.
Unable to parse line 45 'if esg_choice == "msci":'.
Unable to parse line 49 'if esg_choice == "s&p":'.
Unable to parse line 64 'industry_level = 0 # 0 = map to larger groups, 1 = GICS_level_1, 2 = GICS_level_2'.
Passed unknown parameter: fama_factors_currency
Passed unknown parameter: industry_level
Passed unknown parameter: sweep_mode
Passed unknown parameter: sweep_run_id
Passed unknown parameter: sweep_out_dir
  !! run US_Sweep_Behaviours_0346 FAILED: output folder /Users/cbruce1/Documents/GitHub/fund_analysis/output/SWEEP_US_Sweep_Behaviours/executed_notebooks doesn't exist.
Unable to parse line 10 'fama_factors_currency = "JPY"   # "USD" = US investor; "JPY" = Japanese investor'.
Unable to parse line 19 'start_year = 2018  # these ESG sources are aligned for `start_year==2013`'.
Unable to parse line 36 'download_gics_data = False   # re-pull GICS from WRDS (False = read cached ./data/GICS/ csv)'.
Unable to parse line 41 'if esg_choice == "refinitiv":'.
Unable to parse line 45 'if esg_choice == "msci":'.
Unable to parse line 49 'if esg_choice == "s&p":'.
Unable to parse line 64 'industry_level = 0 # 0 = map to larger groups, 1 = GICS_level_1, 2 = GICS_level_2'.
Passed unknown parameter: fama_factors_currency
Passed unknown parameter: industry_level
Passed unknown parameter: sweep_mode
Passed unknown parameter: sweep_run_id
Passed unknown parameter: sweep_out_dir
  !! run US_Sweep_Behaviours_0347 FAILED: output folder /Users/cbruce1/Documents/GitHub/fund_analysis/output/SWEEP_US_Sweep_Behaviours/executed_notebooks doesn't exist.
Unable to parse line 10 'fama_factors_currency = "JPY"   # "USD" = US investor; "JPY" = Japanese investor'.
Unable to parse line 19 'start_year = 2018  # these ESG sources are aligned for `start_year==2013`'.
Unable to parse line 36 'download_gics_data = False   # re-pull GICS from WRDS (False = read cached ./data/GICS/ csv)'.
Unable to parse line 41 'if esg_choice == "refinitiv":'.
Unable to parse line 45 'if esg_choice == "msci":'.
Unable to parse line 49 'if esg_choice == "s&p":'.
Unable to parse line 64 'industry_level = 0 # 0 = map to larger groups, 1 = GICS_level_1, 2 = GICS_level_2'.
Passed unknown parameter: fama_factors_currency
Passed unknown parameter: industry_level
Passed unknown parameter: sweep_mode
Passed unknown parameter: sweep_run_id
Passed unknown parameter: sweep_out_dir
  !! run US_Sweep_Behaviours_0348 FAILED: output folder /Users/cbruce1/Documents/GitHub/fund_analysis/output/SWEEP_US_Sweep_Behaviours/executed_notebooks doesn't exist.
Unable to parse line 10 'fama_factors_currency = "JPY"   # "USD" = US investor; "JPY" = Japanese investor'.
Unable to parse line 19 'start_year = 2018  # these ESG sources are aligned for `start_year==2013`'.
Unable to parse line 36 'download_gics_data = False   # re-pull GICS from WRDS (False = read cached ./data/GICS/ csv)'.
Unable to parse line 41 'if esg_choice == "refinitiv":'.
Unable to parse line 45 'if esg_choice == "msci":'.
Unable to parse line 49 'if esg_choice == "s&p":'.
Unable to parse line 64 'industry_level = 0 # 0 = map to larger groups, 1 = GICS_level_1, 2 = GICS_level_2'.
Passed unknown parameter: fama_factors_currency
Passed unknown parameter: industry_level
Passed unknown parameter: sweep_mode
Passed unknown parameter: sweep_run_id
Passed unknown parameter: sweep_out_dir
  !! run US_Sweep_Behaviours_0349 FAILED: output folder /Users/cbruce1/Documents/GitHub/fund_analysis/output/SWEEP_US_Sweep_Behaviours/executed_notebooks doesn't exist.
Unable to parse line 10 'fama_factors_currency = "JPY"   # "USD" = US investor; "JPY" = Japanese investor'.
Unable to parse line 19 'start_year = 2018  # these ESG sources are aligned for `start_year==2013`'.
Unable to parse line 36 'download_gics_data = False   # re-pull GICS from WRDS (False = read cached ./data/GICS/ csv)'.
Unable to parse line 41 'if esg_choice == "refinitiv":'.
Unable to parse line 45 'if esg_choice == "msci":'.
Unable to parse line 49 'if esg_choice == "s&p":'.
Unable to parse line 64 'industry_level = 0 # 0 = map to larger groups, 1 = GICS_level_1, 2 = GICS_level_2'.
Passed unknown parameter: fama_factors_currency
Passed unknown parameter: industry_level
Passed unknown parameter: sweep_mode
Passed unknown parameter: sweep_run_id
Passed unknown parameter: sweep_out_dir
  !! run US_Sweep_Behaviours_0350 FAILED: output folder /Users/cbruce1/Documents/GitHub/fund_analysis/output/SWEEP_US_Sweep_Behaviours/executed_notebooks doesn't exist.
Unable to parse line 10 'fama_factors_currency = "JPY"   # "USD" = US investor; "JPY" = Japanese investor'.
Unable to parse line 19 'start_year = 2018  # these ESG sources are aligned for `start_year==2013`'.
Unable to parse line 36 'download_gics_data = False   # re-pull GICS from WRDS (False = read cached ./data/GICS/ csv)'.
Unable to parse line 41 'if esg_choice == "refinitiv":'.
Unable to parse line 45 'if esg_choice == "msci":'.
Unable to parse line 49 'if esg_choice == "s&p":'.
Unable to parse line 64 'industry_level = 0 # 0 = map to larger groups, 1 = GICS_level_1, 2 = GICS_level_2'.
Passed unknown parameter: fama_factors_currency
Passed unknown parameter: industry_level
Passed unknown parameter: sweep_mode
Passed unknown parameter: sweep_run_id
Passed unknown parameter: sweep_out_dir
  !! run US_Sweep_Behaviours_0351 FAILED: output folder /Users/cbruce1/Documents/GitHub/fund_analysis/output/SWEEP_US_Sweep_Behaviours/executed_notebooks doesn't exist.
Unable to parse line 10 'fama_factors_currency = "JPY"   # "USD" = US investor; "JPY" = Japanese investor'.
Unable to parse line 19 'start_year = 2018  # these ESG sources are aligned for `start_year==2013`'.
Unable to parse line 36 'download_gics_data = False   # re-pull GICS from WRDS (False = read cached ./data/GICS/ csv)'.
Unable to parse line 41 'if esg_choice == "refinitiv":'.
Unable to parse line 45 'if esg_choice == "msci":'.
Unable to parse line 49 'if esg_choice == "s&p":'.
Unable to parse line 64 'industry_level = 0 # 0 = map to larger groups, 1 = GICS_level_1, 2 = GICS_level_2'.
Passed unknown parameter: fama_factors_currency
Passed unknown parameter: industry_level
Passed unknown parameter: sweep_mode
Passed unknown parameter: sweep_run_id
Passed unknown parameter: sweep_out_dir
  !! run US_Sweep_Behaviours_0352 FAILED: output folder /Users/cbruce1/Documents/GitHub/fund_analysis/output/SWEEP_US_Sweep_Behaviours/executed_notebooks doesn't exist.
Unable to parse line 10 'fama_factors_currency = "JPY"   # "USD" = US investor; "JPY" = Japanese investor'.
Unable to parse line 19 'start_year = 2018  # these ESG sources are aligned for `start_year==2013`'.
Unable to parse line 36 'download_gics_data = False   # re-pull GICS from WRDS (False = read cached ./data/GICS/ csv)'.
Unable to parse line 41 'if esg_choice == "refinitiv":'.
Unable to parse line 45 'if esg_choice == "msci":'.
Unable to parse line 49 'if esg_choice == "s&p":'.
Unable to parse line 64 'industry_level = 0 # 0 = map to larger groups, 1 = GICS_level_1, 2 = GICS_level_2'.
Passed unknown parameter: fama_factors_currency
Passed unknown parameter: industry_level
Passed unknown parameter: sweep_mode
Passed unknown parameter: sweep_run_id
Passed unknown parameter: sweep_out_dir
  !! run US_Sweep_Behaviours_0353 FAILED: output folder /Users/cbruce1/Documents/GitHub/fund_analysis/output/SWEEP_US_Sweep_Behaviours/executed_notebooks doesn't exist.
Unable to parse line 10 'fama_factors_currency = "JPY"   # "USD" = US investor; "JPY" = Japanese investor'.
Unable to parse line 19 'start_year = 2018  # these ESG sources are aligned for `start_year==2013`'.
Unable to parse line 36 'download_gics_data = False   # re-pull GICS from WRDS (False = read cached ./data/GICS/ csv)'.
Unable to parse line 41 'if esg_choice == "refinitiv":'.
Unable to parse line 45 'if esg_choice == "msci":'.
Unable to parse line 49 'if esg_choice == "s&p":'.
Unable to parse line 64 'industry_level = 0 # 0 = map to larger groups, 1 = GICS_level_1, 2 = GICS_level_2'.
Passed unknown parameter: fama_factors_currency
Passed unknown parameter: industry_level
Passed unknown parameter: sweep_mode
Passed unknown parameter: sweep_run_id
Passed unknown parameter: sweep_out_dir
  !! run US_Sweep_Behaviours_0354 FAILED: output folder /Users/cbruce1/Documents/GitHub/fund_analysis/output/SWEEP_US_Sweep_Behaviours/executed_notebooks doesn't exist.
Unable to parse line 10 'fama_factors_currency = "JPY"   # "USD" = US investor; "JPY" = Japanese investor'.
Unable to parse line 19 'start_year = 2018  # these ESG sources are aligned for `start_year==2013`'.
Unable to parse line 36 'download_gics_data = False   # re-pull GICS from WRDS (False = read cached ./data/GICS/ csv)'.
Unable to parse line 41 'if esg_choice == "refinitiv":'.
Unable to parse line 45 'if esg_choice == "msci":'.
Unable to parse line 49 'if esg_choice == "s&p":'.
Unable to parse line 64 'industry_level = 0 # 0 = map to larger groups, 1 = GICS_level_1, 2 = GICS_level_2'.
Passed unknown parameter: fama_factors_currency
Passed unknown parameter: industry_level
Passed unknown parameter: sweep_mode
Passed unknown parameter: sweep_run_id
Passed unknown parameter: sweep_out_dir
  !! run US_Sweep_Behaviours_0355 FAILED: output folder /Users/cbruce1/Documents/GitHub/fund_analysis/output/SWEEP_US_Sweep_Behaviours/executed_notebooks doesn't exist.
Unable to parse line 10 'fama_factors_currency = "JPY"   # "USD" = US investor; "JPY" = Japanese investor'.
Unable to parse line 19 'start_year = 2018  # these ESG sources are aligned for `start_year==2013`'.
Unable to parse line 36 'download_gics_data = False   # re-pull GICS from WRDS (False = read cached ./data/GICS/ csv)'.
Unable to parse line 41 'if esg_choice == "refinitiv":'.
Unable to parse line 45 'if esg_choice == "msci":'.
Unable to parse line 49 'if esg_choice == "s&p":'.
Unable to parse line 64 'industry_level = 0 # 0 = map to larger groups, 1 = GICS_level_1, 2 = GICS_level_2'.
Passed unknown parameter: fama_factors_currency
Passed unknown parameter: industry_level
Passed unknown parameter: sweep_mode
Passed unknown parameter: sweep_run_id
Passed unknown parameter: sweep_out_dir
  !! run US_Sweep_Behaviours_0356 FAILED: output folder /Users/cbruce1/Documents/GitHub/fund_analysis/output/SWEEP_US_Sweep_Behaviours/executed_notebooks doesn't exist.
Unable to parse line 10 'fama_factors_currency = "JPY"   # "USD" = US investor; "JPY" = Japanese investor'.
Unable to parse line 19 'start_year = 2018  # these ESG sources are aligned for `start_year==2013`'.
Unable to parse line 36 'download_gics_data = False   # re-pull GICS from WRDS (False = read cached ./data/GICS/ csv)'.
Unable to parse line 41 'if esg_choice == "refinitiv":'.
Unable to parse line 45 'if esg_choice == "msci":'.
Unable to parse line 49 'if esg_choice == "s&p":'.
Unable to parse line 64 'industry_level = 0 # 0 = map to larger groups, 1 = GICS_level_1, 2 = GICS_level_2'.
Passed unknown parameter: fama_factors_currency
Passed unknown parameter: industry_level
Passed unknown parameter: sweep_mode
Passed unknown parameter: sweep_run_id
Passed unknown parameter: sweep_out_dir
  !! run US_Sweep_Behaviours_0357 FAILED: output folder /Users/cbruce1/Documents/GitHub/fund_analysis/output/SWEEP_US_Sweep_Behaviours/executed_notebooks doesn't exist.
Unable to parse line 10 'fama_factors_currency = "JPY"   # "USD" = US investor; "JPY" = Japanese investor'.
Unable to parse line 19 'start_year = 2018  # these ESG sources are aligned for `start_year==2013`'.
Unable to parse line 36 'download_gics_data = False   # re-pull GICS from WRDS (False = read cached ./data/GICS/ csv)'.
Unable to parse line 41 'if esg_choice == "refinitiv":'.
Unable to parse line 45 'if esg_choice == "msci":'.
Unable to parse line 49 'if esg_choice == "s&p":'.
Unable to parse line 64 'industry_level = 0 # 0 = map to larger groups, 1 = GICS_level_1, 2 = GICS_level_2'.
Passed unknown parameter: fama_factors_currency
Passed unknown parameter: industry_level
Passed unknown parameter: sweep_mode
Passed unknown parameter: sweep_run_id
Passed unknown parameter: sweep_out_dir
  !! run US_Sweep_Behaviours_0358 FAILED: output folder /Users/cbruce1/Documents/GitHub/fund_analysis/output/SWEEP_US_Sweep_Behaviours/executed_notebooks doesn't exist.
Unable to parse line 10 'fama_factors_currency = "JPY"   # "USD" = US investor; "JPY" = Japanese investor'.
Unable to parse line 19 'start_year = 2018  # these ESG sources are aligned for `start_year==2013`'.
Unable to parse line 36 'download_gics_data = False   # re-pull GICS from WRDS (False = read cached ./data/GICS/ csv)'.
Unable to parse line 41 'if esg_choice == "refinitiv":'.
Unable to parse line 45 'if esg_choice == "msci":'.
Unable to parse line 49 'if esg_choice == "s&p":'.
Unable to parse line 64 'industry_level = 0 # 0 = map to larger groups, 1 = GICS_level_1, 2 = GICS_level_2'.
Passed unknown parameter: fama_factors_currency
Passed unknown parameter: industry_level
Passed unknown parameter: sweep_mode
Passed unknown parameter: sweep_run_id
Passed unknown parameter: sweep_out_dir
  !! run US_Sweep_Behaviours_0359 FAILED: output folder /Users/cbruce1/Documents/GitHub/fund_analysis/output/SWEEP_US_Sweep_Behaviours/executed_notebooks doesn't exist.
Unable to parse line 10 'fama_factors_currency = "JPY"   # "USD" = US investor; "JPY" = Japanese investor'.
Unable to parse line 19 'start_year = 2018  # these ESG sources are aligned for `start_year==2013`'.
Unable to parse line 36 'download_gics_data = False   # re-pull GICS from WRDS (False = read cached ./data/GICS/ csv)'.
Unable to parse line 41 'if esg_choice == "refinitiv":'.
Unable to parse line 45 'if esg_choice == "msci":'.
Unable to parse line 49 'if esg_choice == "s&p":'.
Unable to parse line 64 'industry_level = 0 # 0 = map to larger groups, 1 = GICS_level_1, 2 = GICS_level_2'.
Passed unknown parameter: fama_factors_currency
Passed unknown parameter: industry_level
Passed unknown parameter: sweep_mode
Passed unknown parameter: sweep_run_id
Passed unknown parameter: sweep_out_dir
  !! run US_Sweep_Behaviours_0360 FAILED: output folder /Users/cbruce1/Documents/GitHub/fund_analysis/output/SWEEP_US_Sweep_Behaviours/executed_notebooks doesn't exist.
Unable to parse line 10 'fama_factors_currency = "JPY"   # "USD" = US investor; "JPY" = Japanese investor'.
Unable to parse line 19 'start_year = 2018  # these ESG sources are aligned for `start_year==2013`'.
Unable to parse line 36 'download_gics_data = False   # re-pull GICS from WRDS (False = read cached ./data/GICS/ csv)'.
Unable to parse line 41 'if esg_choice == "refinitiv":'.
Unable to parse line 45 'if esg_choice == "msci":'.
Unable to parse line 49 'if esg_choice == "s&p":'.
Unable to parse line 64 'industry_level = 0 # 0 = map to larger groups, 1 = GICS_level_1, 2 = GICS_level_2'.
Passed unknown parameter: fama_factors_currency
Passed unknown parameter: industry_level
Passed unknown parameter: sweep_mode
Passed unknown parameter: sweep_run_id
Passed unknown parameter: sweep_out_dir
  !! run US_Sweep_Behaviours_0361 FAILED: output folder /Users/cbruce1/Documents/GitHub/fund_analysis/output/SWEEP_US_Sweep_Behaviours/executed_notebooks doesn't exist.
Unable to parse line 10 'fama_factors_currency = "JPY"   # "USD" = US investor; "JPY" = Japanese investor'.
Unable to parse line 19 'start_year = 2018  # these ESG sources are aligned for `start_year==2013`'.
Unable to parse line 36 'download_gics_data = False   # re-pull GICS from WRDS (False = read cached ./data/GICS/ csv)'.
Unable to parse line 41 'if esg_choice == "refinitiv":'.
Unable to parse line 45 'if esg_choice == "msci":'.
Unable to parse line 49 'if esg_choice == "s&p":'.
Unable to parse line 64 'industry_level = 0 # 0 = map to larger groups, 1 = GICS_level_1, 2 = GICS_level_2'.
Passed unknown parameter: fama_factors_currency
Passed unknown parameter: industry_level
Passed unknown parameter: sweep_mode
Passed unknown parameter: sweep_run_id
Passed unknown parameter: sweep_out_dir
  !! run US_Sweep_Behaviours_0362 FAILED: output folder /Users/cbruce1/Documents/GitHub/fund_analysis/output/SWEEP_US_Sweep_Behaviours/executed_notebooks doesn't exist.
Unable to parse line 10 'fama_factors_currency = "JPY"   # "USD" = US investor; "JPY" = Japanese investor'.
Unable to parse line 19 'start_year = 2018  # these ESG sources are aligned for `start_year==2013`'.
Unable to parse line 36 'download_gics_data = False   # re-pull GICS from WRDS (False = read cached ./data/GICS/ csv)'.
Unable to parse line 41 'if esg_choice == "refinitiv":'.
Unable to parse line 45 'if esg_choice == "msci":'.
Unable to parse line 49 'if esg_choice == "s&p":'.
Unable to parse line 64 'industry_level = 0 # 0 = map to larger groups, 1 = GICS_level_1, 2 = GICS_level_2'.
Passed unknown parameter: fama_factors_currency
Passed unknown parameter: industry_level
Passed unknown parameter: sweep_mode
Passed unknown parameter: sweep_run_id
Passed unknown parameter: sweep_out_dir
  !! run US_Sweep_Behaviours_0363 FAILED: output folder /Users/cbruce1/Documents/GitHub/fund_analysis/output/SWEEP_US_Sweep_Behaviours/executed_notebooks doesn't exist.
Unable to parse line 10 'fama_factors_currency = "JPY"   # "USD" = US investor; "JPY" = Japanese investor'.
Unable to parse line 19 'start_year = 2018  # these ESG sources are aligned for `start_year==2013`'.
Unable to parse line 36 'download_gics_data = False   # re-pull GICS from WRDS (False = read cached ./data/GICS/ csv)'.
Unable to parse line 41 'if esg_choice == "refinitiv":'.
Unable to parse line 45 'if esg_choice == "msci":'.
Unable to parse line 49 'if esg_choice == "s&p":'.
Unable to parse line 64 'industry_level = 0 # 0 = map to larger groups, 1 = GICS_level_1, 2 = GICS_level_2'.
Passed unknown parameter: fama_factors_currency
Passed unknown parameter: industry_level
Passed unknown parameter: sweep_mode
Passed unknown parameter: sweep_run_id
Passed unknown parameter: sweep_out_dir
  !! run US_Sweep_Behaviours_0364 FAILED: output folder /Users/cbruce1/Documents/GitHub/fund_analysis/output/SWEEP_US_Sweep_Behaviours/executed_notebooks doesn't exist.
Unable to parse line 10 'fama_factors_currency = "JPY"   # "USD" = US investor; "JPY" = Japanese investor'.
Unable to parse line 19 'start_year = 2018  # these ESG sources are aligned for `start_year==2013`'.
Unable to parse line 36 'download_gics_data = False   # re-pull GICS from WRDS (False = read cached ./data/GICS/ csv)'.
Unable to parse line 41 'if esg_choice == "refinitiv":'.
Unable to parse line 45 'if esg_choice == "msci":'.
Unable to parse line 49 'if esg_choice == "s&p":'.
Unable to parse line 64 'industry_level = 0 # 0 = map to larger groups, 1 = GICS_level_1, 2 = GICS_level_2'.
Passed unknown parameter: fama_factors_currency
Passed unknown parameter: industry_level
Passed unknown parameter: sweep_mode
Passed unknown parameter: sweep_run_id
Passed unknown parameter: sweep_out_dir
  !! run US_Sweep_Behaviours_0365 FAILED: output folder /Users/cbruce1/Documents/GitHub/fund_analysis/output/SWEEP_US_Sweep_Behaviours/executed_notebooks doesn't exist.
Unable to parse line 10 'fama_factors_currency = "JPY"   # "USD" = US investor; "JPY" = Japanese investor'.
Unable to parse line 19 'start_year = 2018  # these ESG sources are aligned for `start_year==2013`'.
Unable to parse line 36 'download_gics_data = False   # re-pull GICS from WRDS (False = read cached ./data/GICS/ csv)'.
Unable to parse line 41 'if esg_choice == "refinitiv":'.
Unable to parse line 45 'if esg_choice == "msci":'.
Unable to parse line 49 'if esg_choice == "s&p":'.
Unable to parse line 64 'industry_level = 0 # 0 = map to larger groups, 1 = GICS_level_1, 2 = GICS_level_2'.
Passed unknown parameter: fama_factors_currency
Passed unknown parameter: industry_level
Passed unknown parameter: sweep_mode
Passed unknown parameter: sweep_run_id
Passed unknown parameter: sweep_out_dir
  !! run US_Sweep_Behaviours_0366 FAILED: output folder /Users/cbruce1/Documents/GitHub/fund_analysis/output/SWEEP_US_Sweep_Behaviours/executed_notebooks doesn't exist.
Unable to parse line 10 'fama_factors_currency = "JPY"   # "USD" = US investor; "JPY" = Japanese investor'.
Unable to parse line 19 'start_year = 2018  # these ESG sources are aligned for `start_year==2013`'.
Unable to parse line 36 'download_gics_data = False   # re-pull GICS from WRDS (False = read cached ./data/GICS/ csv)'.
Unable to parse line 41 'if esg_choice == "refinitiv":'.
Unable to parse line 45 'if esg_choice == "msci":'.
Unable to parse line 49 'if esg_choice == "s&p":'.
Unable to parse line 64 'industry_level = 0 # 0 = map to larger groups, 1 = GICS_level_1, 2 = GICS_level_2'.
Passed unknown parameter: fama_factors_currency
Passed unknown parameter: industry_level
Passed unknown parameter: sweep_mode
Passed unknown parameter: sweep_run_id
Passed unknown parameter: sweep_out_dir
  !! run US_Sweep_Behaviours_0367 FAILED: output folder /Users/cbruce1/Documents/GitHub/fund_analysis/output/SWEEP_US_Sweep_Behaviours/executed_notebooks doesn't exist.
Unable to parse line 10 'fama_factors_currency = "JPY"   # "USD" = US investor; "JPY" = Japanese investor'.
Unable to parse line 19 'start_year = 2018  # these ESG sources are aligned for `start_year==2013`'.
Unable to parse line 36 'download_gics_data = False   # re-pull GICS from WRDS (False = read cached ./data/GICS/ csv)'.
Unable to parse line 41 'if esg_choice == "refinitiv":'.
Unable to parse line 45 'if esg_choice == "msci":'.
Unable to parse line 49 'if esg_choice == "s&p":'.
Unable to parse line 64 'industry_level = 0 # 0 = map to larger groups, 1 = GICS_level_1, 2 = GICS_level_2'.
Passed unknown parameter: fama_factors_currency
Passed unknown parameter: industry_level
Passed unknown parameter: sweep_mode
Passed unknown parameter: sweep_run_id
Passed unknown parameter: sweep_out_dir
  !! run US_Sweep_Behaviours_0368 FAILED: output folder /Users/cbruce1/Documents/GitHub/fund_analysis/output/SWEEP_US_Sweep_Behaviours/executed_notebooks doesn't exist.
Unable to parse line 10 'fama_factors_currency = "JPY"   # "USD" = US investor; "JPY" = Japanese investor'.
Unable to parse line 19 'start_year = 2018  # these ESG sources are aligned for `start_year==2013`'.
Unable to parse line 36 'download_gics_data = False   # re-pull GICS from WRDS (False = read cached ./data/GICS/ csv)'.
Unable to parse line 41 'if esg_choice == "refinitiv":'.
Unable to parse line 45 'if esg_choice == "msci":'.
Unable to parse line 49 'if esg_choice == "s&p":'.
Unable to parse line 64 'industry_level = 0 # 0 = map to larger groups, 1 = GICS_level_1, 2 = GICS_level_2'.
Passed unknown parameter: fama_factors_currency
Passed unknown parameter: industry_level
Passed unknown parameter: sweep_mode
Passed unknown parameter: sweep_run_id
Passed unknown parameter: sweep_out_dir
  !! run US_Sweep_Behaviours_0369 FAILED: output folder /Users/cbruce1/Documents/GitHub/fund_analysis/output/SWEEP_US_Sweep_Behaviours/executed_notebooks doesn't exist.
Unable to parse line 10 'fama_factors_currency = "JPY"   # "USD" = US investor; "JPY" = Japanese investor'.
Unable to parse line 19 'start_year = 2018  # these ESG sources are aligned for `start_year==2013`'.
Unable to parse line 36 'download_gics_data = False   # re-pull GICS from WRDS (False = read cached ./data/GICS/ csv)'.
Unable to parse line 41 'if esg_choice == "refinitiv":'.
Unable to parse line 45 'if esg_choice == "msci":'.
Unable to parse line 49 'if esg_choice == "s&p":'.
Unable to parse line 64 'industry_level = 0 # 0 = map to larger groups, 1 = GICS_level_1, 2 = GICS_level_2'.
Passed unknown parameter: fama_factors_currency
Passed unknown parameter: industry_level
Passed unknown parameter: sweep_mode
Passed unknown parameter: sweep_run_id
Passed unknown parameter: sweep_out_dir
  !! run US_Sweep_Behaviours_0370 FAILED: output folder /Users/cbruce1/Documents/GitHub/fund_analysis/output/SWEEP_US_Sweep_Behaviours/executed_notebooks doesn't exist.
Unable to parse line 10 'fama_factors_currency = "JPY"   # "USD" = US investor; "JPY" = Japanese investor'.
Unable to parse line 19 'start_year = 2018  # these ESG sources are aligned for `start_year==2013`'.
Unable to parse line 36 'download_gics_data = False   # re-pull GICS from WRDS (False = read cached ./data/GICS/ csv)'.
Unable to parse line 41 'if esg_choice == "refinitiv":'.
Unable to parse line 45 'if esg_choice == "msci":'.
Unable to parse line 49 'if esg_choice == "s&p":'.
Unable to parse line 64 'industry_level = 0 # 0 = map to larger groups, 1 = GICS_level_1, 2 = GICS_level_2'.
Passed unknown parameter: fama_factors_currency
Passed unknown parameter: industry_level
Passed unknown parameter: sweep_mode
Passed unknown parameter: sweep_run_id
Passed unknown parameter: sweep_out_dir
  !! run US_Sweep_Behaviours_0371 FAILED: output folder /Users/cbruce1/Documents/GitHub/fund_analysis/output/SWEEP_US_Sweep_Behaviours/executed_notebooks doesn't exist.
Unable to parse line 10 'fama_factors_currency = "JPY"   # "USD" = US investor; "JPY" = Japanese investor'.
Unable to parse line 19 'start_year = 2018  # these ESG sources are aligned for `start_year==2013`'.
Unable to parse line 36 'download_gics_data = False   # re-pull GICS from WRDS (False = read cached ./data/GICS/ csv)'.
Unable to parse line 41 'if esg_choice == "refinitiv":'.
Unable to parse line 45 'if esg_choice == "msci":'.
Unable to parse line 49 'if esg_choice == "s&p":'.
Unable to parse line 64 'industry_level = 0 # 0 = map to larger groups, 1 = GICS_level_1, 2 = GICS_level_2'.
Passed unknown parameter: fama_factors_currency
Passed unknown parameter: industry_level
Passed unknown parameter: sweep_mode
Passed unknown parameter: sweep_run_id
Passed unknown parameter: sweep_out_dir
  !! run US_Sweep_Behaviours_0372 FAILED: output folder /Users/cbruce1/Documents/GitHub/fund_analysis/output/SWEEP_US_Sweep_Behaviours/executed_notebooks doesn't exist.
Unable to parse line 10 'fama_factors_currency = "JPY"   # "USD" = US investor; "JPY" = Japanese investor'.
Unable to parse line 19 'start_year = 2018  # these ESG sources are aligned for `start_year==2013`'.
Unable to parse line 36 'download_gics_data = False   # re-pull GICS from WRDS (False = read cached ./data/GICS/ csv)'.
Unable to parse line 41 'if esg_choice == "refinitiv":'.
Unable to parse line 45 'if esg_choice == "msci":'.
Unable to parse line 49 'if esg_choice == "s&p":'.
Unable to parse line 64 'industry_level = 0 # 0 = map to larger groups, 1 = GICS_level_1, 2 = GICS_level_2'.
Passed unknown parameter: fama_factors_currency
Passed unknown parameter: industry_level
Passed unknown parameter: sweep_mode
Passed unknown parameter: sweep_run_id
Passed unknown parameter: sweep_out_dir
  !! run US_Sweep_Behaviours_0373 FAILED: output folder /Users/cbruce1/Documents/GitHub/fund_analysis/output/SWEEP_US_Sweep_Behaviours/executed_notebooks doesn't exist.
Unable to parse line 10 'fama_factors_currency = "JPY"   # "USD" = US investor; "JPY" = Japanese investor'.
Unable to parse line 19 'start_year = 2018  # these ESG sources are aligned for `start_year==2013`'.
Unable to parse line 36 'download_gics_data = False   # re-pull GICS from WRDS (False = read cached ./data/GICS/ csv)'.
Unable to parse line 41 'if esg_choice == "refinitiv":'.
Unable to parse line 45 'if esg_choice == "msci":'.
Unable to parse line 49 'if esg_choice == "s&p":'.
Unable to parse line 64 'industry_level = 0 # 0 = map to larger groups, 1 = GICS_level_1, 2 = GICS_level_2'.
Passed unknown parameter: fama_factors_currency
Passed unknown parameter: industry_level
Passed unknown parameter: sweep_mode
Passed unknown parameter: sweep_run_id
Passed unknown parameter: sweep_out_dir
  !! run US_Sweep_Behaviours_0374 FAILED: output folder /Users/cbruce1/Documents/GitHub/fund_analysis/output/SWEEP_US_Sweep_Behaviours/executed_notebooks doesn't exist.
Unable to parse line 10 'fama_factors_currency = "JPY"   # "USD" = US investor; "JPY" = Japanese investor'.
Unable to parse line 19 'start_year = 2018  # these ESG sources are aligned for `start_year==2013`'.
Unable to parse line 36 'download_gics_data = False   # re-pull GICS from WRDS (False = read cached ./data/GICS/ csv)'.
Unable to parse line 41 'if esg_choice == "refinitiv":'.
Unable to parse line 45 'if esg_choice == "msci":'.
Unable to parse line 49 'if esg_choice == "s&p":'.
Unable to parse line 64 'industry_level = 0 # 0 = map to larger groups, 1 = GICS_level_1, 2 = GICS_level_2'.
Passed unknown parameter: fama_factors_currency
Passed unknown parameter: industry_level
Passed unknown parameter: sweep_mode
Passed unknown parameter: sweep_run_id
Passed unknown parameter: sweep_out_dir
  !! run US_Sweep_Behaviours_0375 FAILED: output folder /Users/cbruce1/Documents/GitHub/fund_analysis/output/SWEEP_US_Sweep_Behaviours/executed_notebooks doesn't exist.
Unable to parse line 10 'fama_factors_currency = "JPY"   # "USD" = US investor; "JPY" = Japanese investor'.
Unable to parse line 19 'start_year = 2018  # these ESG sources are aligned for `start_year==2013`'.
Unable to parse line 36 'download_gics_data = False   # re-pull GICS from WRDS (False = read cached ./data/GICS/ csv)'.
Unable to parse line 41 'if esg_choice == "refinitiv":'.
Unable to parse line 45 'if esg_choice == "msci":'.
Unable to parse line 49 'if esg_choice == "s&p":'.
Unable to parse line 64 'industry_level = 0 # 0 = map to larger groups, 1 = GICS_level_1, 2 = GICS_level_2'.
Passed unknown parameter: fama_factors_currency
Passed unknown parameter: industry_level
Passed unknown parameter: sweep_mode
Passed unknown parameter: sweep_run_id
Passed unknown parameter: sweep_out_dir
  !! run US_Sweep_Behaviours_0376 FAILED: output folder /Users/cbruce1/Documents/GitHub/fund_analysis/output/SWEEP_US_Sweep_Behaviours/executed_notebooks doesn't exist.
Unable to parse line 10 'fama_factors_currency = "JPY"   # "USD" = US investor; "JPY" = Japanese investor'.
Unable to parse line 19 'start_year = 2018  # these ESG sources are aligned for `start_year==2013`'.
Unable to parse line 36 'download_gics_data = False   # re-pull GICS from WRDS (False = read cached ./data/GICS/ csv)'.
Unable to parse line 41 'if esg_choice == "refinitiv":'.
Unable to parse line 45 'if esg_choice == "msci":'.
Unable to parse line 49 'if esg_choice == "s&p":'.
Unable to parse line 64 'industry_level = 0 # 0 = map to larger groups, 1 = GICS_level_1, 2 = GICS_level_2'.
Passed unknown parameter: fama_factors_currency
Passed unknown parameter: industry_level
Passed unknown parameter: sweep_mode
Passed unknown parameter: sweep_run_id
Passed unknown parameter: sweep_out_dir
  !! run US_Sweep_Behaviours_0377 FAILED: output folder /Users/cbruce1/Documents/GitHub/fund_analysis/output/SWEEP_US_Sweep_Behaviours/executed_notebooks doesn't exist.
Unable to parse line 10 'fama_factors_currency = "JPY"   # "USD" = US investor; "JPY" = Japanese investor'.
Unable to parse line 19 'start_year = 2018  # these ESG sources are aligned for `start_year==2013`'.
Unable to parse line 36 'download_gics_data = False   # re-pull GICS from WRDS (False = read cached ./data/GICS/ csv)'.
Unable to parse line 41 'if esg_choice == "refinitiv":'.
Unable to parse line 45 'if esg_choice == "msci":'.
Unable to parse line 49 'if esg_choice == "s&p":'.
Unable to parse line 64 'industry_level = 0 # 0 = map to larger groups, 1 = GICS_level_1, 2 = GICS_level_2'.
Passed unknown parameter: fama_factors_currency
Passed unknown parameter: industry_level
Passed unknown parameter: sweep_mode
Passed unknown parameter: sweep_run_id
Passed unknown parameter: sweep_out_dir
  !! run US_Sweep_Behaviours_0378 FAILED: output folder /Users/cbruce1/Documents/GitHub/fund_analysis/output/SWEEP_US_Sweep_Behaviours/executed_notebooks doesn't exist.
Unable to parse line 10 'fama_factors_currency = "JPY"   # "USD" = US investor; "JPY" = Japanese investor'.
Unable to parse line 19 'start_year = 2018  # these ESG sources are aligned for `start_year==2013`'.
Unable to parse line 36 'download_gics_data = False   # re-pull GICS from WRDS (False = read cached ./data/GICS/ csv)'.
Unable to parse line 41 'if esg_choice == "refinitiv":'.
Unable to parse line 45 'if esg_choice == "msci":'.
Unable to parse line 49 'if esg_choice == "s&p":'.
Unable to parse line 64 'industry_level = 0 # 0 = map to larger groups, 1 = GICS_level_1, 2 = GICS_level_2'.
Passed unknown parameter: fama_factors_currency
Passed unknown parameter: industry_level
Passed unknown parameter: sweep_mode
Passed unknown parameter: sweep_run_id
Passed unknown parameter: sweep_out_dir
  !! run US_Sweep_Behaviours_0379 FAILED: output folder /Users/cbruce1/Documents/GitHub/fund_analysis/output/SWEEP_US_Sweep_Behaviours/executed_notebooks doesn't exist.
Unable to parse line 10 'fama_factors_currency = "JPY"   # "USD" = US investor; "JPY" = Japanese investor'.
Unable to parse line 19 'start_year = 2018  # these ESG sources are aligned for `start_year==2013`'.
Unable to parse line 36 'download_gics_data = False   # re-pull GICS from WRDS (False = read cached ./data/GICS/ csv)'.
Unable to parse line 41 'if esg_choice == "refinitiv":'.
Unable to parse line 45 'if esg_choice == "msci":'.
Unable to parse line 49 'if esg_choice == "s&p":'.
Unable to parse line 64 'industry_level = 0 # 0 = map to larger groups, 1 = GICS_level_1, 2 = GICS_level_2'.
Passed unknown parameter: fama_factors_currency
Passed unknown parameter: industry_level
Passed unknown parameter: sweep_mode
Passed unknown parameter: sweep_run_id
Passed unknown parameter: sweep_out_dir
  !! run US_Sweep_Behaviours_0380 FAILED: output folder /Users/cbruce1/Documents/GitHub/fund_analysis/output/SWEEP_US_Sweep_Behaviours/executed_notebooks doesn't exist.
Unable to parse line 10 'fama_factors_currency = "JPY"   # "USD" = US investor; "JPY" = Japanese investor'.
Unable to parse line 19 'start_year = 2018  # these ESG sources are aligned for `start_year==2013`'.
Unable to parse line 36 'download_gics_data = False   # re-pull GICS from WRDS (False = read cached ./data/GICS/ csv)'.
Unable to parse line 41 'if esg_choice == "refinitiv":'.
Unable to parse line 45 'if esg_choice == "msci":'.
Unable to parse line 49 'if esg_choice == "s&p":'.
Unable to parse line 64 'industry_level = 0 # 0 = map to larger groups, 1 = GICS_level_1, 2 = GICS_level_2'.
Passed unknown parameter: fama_factors_currency
Passed unknown parameter: industry_level
Passed unknown parameter: sweep_mode
Passed unknown parameter: sweep_run_id
Passed unknown parameter: sweep_out_dir
  !! run US_Sweep_Behaviours_0381 FAILED: output folder /Users/cbruce1/Documents/GitHub/fund_analysis/output/SWEEP_US_Sweep_Behaviours/executed_notebooks doesn't exist.
Unable to parse line 10 'fama_factors_currency = "JPY"   # "USD" = US investor; "JPY" = Japanese investor'.
Unable to parse line 19 'start_year = 2018  # these ESG sources are aligned for `start_year==2013`'.
Unable to parse line 36 'download_gics_data = False   # re-pull GICS from WRDS (False = read cached ./data/GICS/ csv)'.
Unable to parse line 41 'if esg_choice == "refinitiv":'.
Unable to parse line 45 'if esg_choice == "msci":'.
Unable to parse line 49 'if esg_choice == "s&p":'.
Unable to parse line 64 'industry_level = 0 # 0 = map to larger groups, 1 = GICS_level_1, 2 = GICS_level_2'.
Passed unknown parameter: fama_factors_currency
Passed unknown parameter: industry_level
Passed unknown parameter: sweep_mode
Passed unknown parameter: sweep_run_id
Passed unknown parameter: sweep_out_dir
  !! run US_Sweep_Behaviours_0382 FAILED: output folder /Users/cbruce1/Documents/GitHub/fund_analysis/output/SWEEP_US_Sweep_Behaviours/executed_notebooks doesn't exist.
Unable to parse line 10 'fama_factors_currency = "JPY"   # "USD" = US investor; "JPY" = Japanese investor'.
Unable to parse line 19 'start_year = 2018  # these ESG sources are aligned for `start_year==2013`'.
Unable to parse line 36 'download_gics_data = False   # re-pull GICS from WRDS (False = read cached ./data/GICS/ csv)'.
Unable to parse line 41 'if esg_choice == "refinitiv":'.
Unable to parse line 45 'if esg_choice == "msci":'.
Unable to parse line 49 'if esg_choice == "s&p":'.
Unable to parse line 64 'industry_level = 0 # 0 = map to larger groups, 1 = GICS_level_1, 2 = GICS_level_2'.
Passed unknown parameter: fama_factors_currency
Passed unknown parameter: industry_level
Passed unknown parameter: sweep_mode
Passed unknown parameter: sweep_run_id
Passed unknown parameter: sweep_out_dir
  !! run US_Sweep_Behaviours_0383 FAILED: output folder /Users/cbruce1/Documents/GitHub/fund_analysis/output/SWEEP_US_Sweep_Behaviours/executed_notebooks doesn't exist.
No successful runs; nothing to write.
384 valid combo(s) to run.
[1/384] run US_Sweep_Behaviours_0000: esg_choice=none, start_year=2012, no_simple_quantiles=6, mktcap_covered=0.9, alpha_bound=0.05, min_initatives_annual_reports=5, signal_denominator=Sum_All_Initiatives, execute_3_filters=True
[2/384] run US_Sweep_Behaviours_0001: esg_choice=none, start_year=2012, no_simple_quantiles=6, mktcap_covered=0.9, alpha_bound=0.05, min_initatives_annual_reports=5, signal_denominator=Sum_All_Initiatives, execute_3_filters=False
[3/384] run US_Sweep_Behaviours_0002: esg_choice=none, start_year=2012, no_simple_quantiles=6, mktcap_covered=0.9, alpha_bound=0.05, min_initatives_annual_reports=5, signal_denominator=Sum_All_Signals, execute_3_filters=True
[4/384] run US_Sweep_Behaviours_0003: esg_choice=none, start_year=2012, no_simple_quantiles=6, mktcap_covered=0.9, alpha_bound=0.05, min_initatives_annual_reports=5, signal_denominator=Sum_All_Signals, execute_3_filters=False
[5/384] run US_Sweep_Behaviours_0004: esg_choice=none, start_year=2012, no_simple_quantiles=6, mktcap_covered=0.9, alpha_bound=0.05, min_initatives_annual_reports=50, signal_denominator=Sum_All_Initiatives, execute_3_filters=True
[6/384] run US_Sweep_Behaviours_0005: esg_choice=none, start_year=2012, no_simple_quantiles=6, mktcap_covered=0.9, alpha_bound=0.05, min_initatives_annual_reports=50, signal_denominator=Sum_All_Initiatives, execute_3_filters=False
[7/384] run US_Sweep_Behaviours_0006: esg_choice=none, start_year=2012, no_simple_quantiles=6, mktcap_covered=0.9, alpha_bound=0.05, min_initatives_annual_reports=50, signal_denominator=Sum_All_Signals, execute_3_filters=True
[8/384] run US_Sweep_Behaviours_0007: esg_choice=none, start_year=2012, no_simple_quantiles=6, mktcap_covered=0.9, alpha_bound=0.05, min_initatives_annual_reports=50, signal_denominator=Sum_All_Signals, execute_3_filters=False
[9/384] run US_Sweep_Behaviours_0008: esg_choice=none, start_year=2012, no_simple_quantiles=6, mktcap_covered=0.9, alpha_bound=0.1, min_initatives_annual_reports=5, signal_denominator=Sum_All_Initiatives, execute_3_filters=True
[10/384] run US_Sweep_Behaviours_0009: esg_choice=none, start_year=2012, no_simple_quantiles=6, mktcap_covered=0.9, alpha_bound=0.1, min_initatives_annual_reports=5, signal_denominator=Sum_All_Initiatives, execute_3_filters=False
[11/384] run US_Sweep_Behaviours_0010: esg_choice=none, start_year=2012, no_simple_quantiles=6, mktcap_covered=0.9, alpha_bound=0.1, min_initatives_annual_reports=5, signal_denominator=Sum_All_Signals, execute_3_filters=True
[12/384] run US_Sweep_Behaviours_0011: esg_choice=none, start_year=2012, no_simple_quantiles=6, mktcap_covered=0.9, alpha_bound=0.1, min_initatives_annual_reports=5, signal_denominator=Sum_All_Signals, execute_3_filters=False
[13/384] run US_Sweep_Behaviours_0012: esg_choice=none, start_year=2012, no_simple_quantiles=6, mktcap_covered=0.9, alpha_bound=0.1, min_initatives_annual_reports=50, signal_denominator=Sum_All_Initiatives, execute_3_filters=True
[14/384] run US_Sweep_Behaviours_0013: esg_choice=none, start_year=2012, no_simple_quantiles=6, mktcap_covered=0.9, alpha_bound=0.1, min_initatives_annual_reports=50, signal_denominator=Sum_All_Initiatives, execute_3_filters=False
[15/384] run US_Sweep_Behaviours_0014: esg_choice=none, start_year=2012, no_simple_quantiles=6, mktcap_covered=0.9, alpha_bound=0.1, min_initatives_annual_reports=50, signal_denominator=Sum_All_Signals, execute_3_filters=True
[16/384] run US_Sweep_Behaviours_0015: esg_choice=none, start_year=2012, no_simple_quantiles=6, mktcap_covered=0.9, alpha_bound=0.1, min_initatives_annual_reports=50, signal_denominator=Sum_All_Signals, execute_3_filters=False
[17/384] run US_Sweep_Behaviours_0016: esg_choice=none, start_year=2012, no_simple_quantiles=6, mktcap_covered=0.95, alpha_bound=0.05, min_initatives_annual_reports=5, signal_denominator=Sum_All_Initiatives, execute_3_filters=True
[18/384] run US_Sweep_Behaviours_0017: esg_choice=none, start_year=2012, no_simple_quantiles=6, mktcap_covered=0.95, alpha_bound=0.05, min_initatives_annual_reports=5, signal_denominator=Sum_All_Initiatives, execute_3_filters=False
[19/384] run US_Sweep_Behaviours_0018: esg_choice=none, start_year=2012, no_simple_quantiles=6, mktcap_covered=0.95, alpha_bound=0.05, min_initatives_annual_reports=5, signal_denominator=Sum_All_Signals, execute_3_filters=True
[20/384] run US_Sweep_Behaviours_0019: esg_choice=none, start_year=2012, no_simple_quantiles=6, mktcap_covered=0.95, alpha_bound=0.05, min_initatives_annual_reports=5, signal_denominator=Sum_All_Signals, execute_3_filters=False
[21/384] run US_Sweep_Behaviours_0020: esg_choice=none, start_year=2012, no_simple_quantiles=6, mktcap_covered=0.95, alpha_bound=0.05, min_initatives_annual_reports=50, signal_denominator=Sum_All_Initiatives, execute_3_filters=True
[22/384] run US_Sweep_Behaviours_0021: esg_choice=none, start_year=2012, no_simple_quantiles=6, mktcap_covered=0.95, alpha_bound=0.05, min_initatives_annual_reports=50, signal_denominator=Sum_All_Initiatives, execute_3_filters=False
[23/384] run US_Sweep_Behaviours_0022: esg_choice=none, start_year=2012, no_simple_quantiles=6, mktcap_covered=0.95, alpha_bound=0.05, min_initatives_annual_reports=50, signal_denominator=Sum_All_Signals, execute_3_filters=True
[24/384] run US_Sweep_Behaviours_0023: esg_choice=none, start_year=2012, no_simple_quantiles=6, mktcap_covered=0.95, alpha_bound=0.05, min_initatives_annual_reports=50, signal_denominator=Sum_All_Signals, execute_3_filters=False
[25/384] run US_Sweep_Behaviours_0024: esg_choice=none, start_year=2012, no_simple_quantiles=6, mktcap_covered=0.95, alpha_bound=0.1, min_initatives_annual_reports=5, signal_denominator=Sum_All_Initiatives, execute_3_filters=True
[26/384] run US_Sweep_Behaviours_0025: esg_choice=none, start_year=2012, no_simple_quantiles=6, mktcap_covered=0.95, alpha_bound=0.1, min_initatives_annual_reports=5, signal_denominator=Sum_All_Initiatives, execute_3_filters=False
[27/384] run US_Sweep_Behaviours_0026: esg_choice=none, start_year=2012, no_simple_quantiles=6, mktcap_covered=0.95, alpha_bound=0.1, min_initatives_annual_reports=5, signal_denominator=Sum_All_Signals, execute_3_filters=True
[28/384] run US_Sweep_Behaviours_0027: esg_choice=none, start_year=2012, no_simple_quantiles=6, mktcap_covered=0.95, alpha_bound=0.1, min_initatives_annual_reports=5, signal_denominator=Sum_All_Signals, execute_3_filters=False
[29/384] run US_Sweep_Behaviours_0028: esg_choice=none, start_year=2012, no_simple_quantiles=6, mktcap_covered=0.95, alpha_bound=0.1, min_initatives_annual_reports=50, signal_denominator=Sum_All_Initiatives, execute_3_filters=True
[30/384] run US_Sweep_Behaviours_0029: esg_choice=none, start_year=2012, no_simple_quantiles=6, mktcap_covered=0.95, alpha_bound=0.1, min_initatives_annual_reports=50, signal_denominator=Sum_All_Initiatives, execute_3_filters=False
[31/384] run US_Sweep_Behaviours_0030: esg_choice=none, start_year=2012, no_simple_quantiles=6, mktcap_covered=0.95, alpha_bound=0.1, min_initatives_annual_reports=50, signal_denominator=Sum_All_Signals, execute_3_filters=True
[32/384] run US_Sweep_Behaviours_0031: esg_choice=none, start_year=2012, no_simple_quantiles=6, mktcap_covered=0.95, alpha_bound=0.1, min_initatives_annual_reports=50, signal_denominator=Sum_All_Signals, execute_3_filters=False
[33/384] run US_Sweep_Behaviours_0032: esg_choice=none, start_year=2012, no_simple_quantiles=7, mktcap_covered=0.9, alpha_bound=0.05, min_initatives_annual_reports=5, signal_denominator=Sum_All_Initiatives, execute_3_filters=True
[34/384] run US_Sweep_Behaviours_0033: esg_choice=none, start_year=2012, no_simple_quantiles=7, mktcap_covered=0.9, alpha_bound=0.05, min_initatives_annual_reports=5, signal_denominator=Sum_All_Initiatives, execute_3_filters=False
[35/384] run US_Sweep_Behaviours_0034: esg_choice=none, start_year=2012, no_simple_quantiles=7, mktcap_covered=0.9, alpha_bound=0.05, min_initatives_annual_reports=5, signal_denominator=Sum_All_Signals, execute_3_filters=True
[36/384] run US_Sweep_Behaviours_0035: esg_choice=none, start_year=2012, no_simple_quantiles=7, mktcap_covered=0.9, alpha_bound=0.05, min_initatives_annual_reports=5, signal_denominator=Sum_All_Signals, execute_3_filters=False
[37/384] run US_Sweep_Behaviours_0036: esg_choice=none, start_year=2012, no_simple_quantiles=7, mktcap_covered=0.9, alpha_bound=0.05, min_initatives_annual_reports=50, signal_denominator=Sum_All_Initiatives, execute_3_filters=True
[38/384] run US_Sweep_Behaviours_0037: esg_choice=none, start_year=2012, no_simple_quantiles=7, mktcap_covered=0.9, alpha_bound=0.05, min_initatives_annual_reports=50, signal_denominator=Sum_All_Initiatives, execute_3_filters=False
[39/384] run US_Sweep_Behaviours_0038: esg_choice=none, start_year=2012, no_simple_quantiles=7, mktcap_covered=0.9, alpha_bound=0.05, min_initatives_annual_reports=50, signal_denominator=Sum_All_Signals, execute_3_filters=True
[40/384] run US_Sweep_Behaviours_0039: esg_choice=none, start_year=2012, no_simple_quantiles=7, mktcap_covered=0.9, alpha_bound=0.05, min_initatives_annual_reports=50, signal_denominator=Sum_All_Signals, execute_3_filters=False
[41/384] run US_Sweep_Behaviours_0040: esg_choice=none, start_year=2012, no_simple_quantiles=7, mktcap_covered=0.9, alpha_bound=0.1, min_initatives_annual_reports=5, signal_denominator=Sum_All_Initiatives, execute_3_filters=True
[42/384] run US_Sweep_Behaviours_0041: esg_choice=none, start_year=2012, no_simple_quantiles=7, mktcap_covered=0.9, alpha_bound=0.1, min_initatives_annual_reports=5, signal_denominator=Sum_All_Initiatives, execute_3_filters=False
[43/384] run US_Sweep_Behaviours_0042: esg_choice=none, start_year=2012, no_simple_quantiles=7, mktcap_covered=0.9, alpha_bound=0.1, min_initatives_annual_reports=5, signal_denominator=Sum_All_Signals, execute_3_filters=True
[44/384] run US_Sweep_Behaviours_0043: esg_choice=none, start_year=2012, no_simple_quantiles=7, mktcap_covered=0.9, alpha_bound=0.1, min_initatives_annual_reports=5, signal_denominator=Sum_All_Signals, execute_3_filters=False
[45/384] run US_Sweep_Behaviours_0044: esg_choice=none, start_year=2012, no_simple_quantiles=7, mktcap_covered=0.9, alpha_bound=0.1, min_initatives_annual_reports=50, signal_denominator=Sum_All_Initiatives, execute_3_filters=True
[46/384] run US_Sweep_Behaviours_0045: esg_choice=none, start_year=2012, no_simple_quantiles=7, mktcap_covered=0.9, alpha_bound=0.1, min_initatives_annual_reports=50, signal_denominator=Sum_All_Initiatives, execute_3_filters=False
[47/384] run US_Sweep_Behaviours_0046: esg_choice=none, start_year=2012, no_simple_quantiles=7, mktcap_covered=0.9, alpha_bound=0.1, min_initatives_annual_reports=50, signal_denominator=Sum_All_Signals, execute_3_filters=True
[48/384] run US_Sweep_Behaviours_0047: esg_choice=none, start_year=2012, no_simple_quantiles=7, mktcap_covered=0.9, alpha_bound=0.1, min_initatives_annual_reports=50, signal_denominator=Sum_All_Signals, execute_3_filters=False
[49/384] run US_Sweep_Behaviours_0048: esg_choice=none, start_year=2012, no_simple_quantiles=7, mktcap_covered=0.95, alpha_bound=0.05, min_initatives_annual_reports=5, signal_denominator=Sum_All_Initiatives, execute_3_filters=True
[50/384] run US_Sweep_Behaviours_0049: esg_choice=none, start_year=2012, no_simple_quantiles=7, mktcap_covered=0.95, alpha_bound=0.05, min_initatives_annual_reports=5, signal_denominator=Sum_All_Initiatives, execute_3_filters=False
[51/384] run US_Sweep_Behaviours_0050: esg_choice=none, start_year=2012, no_simple_quantiles=7, mktcap_covered=0.95, alpha_bound=0.05, min_initatives_annual_reports=5, signal_denominator=Sum_All_Signals, execute_3_filters=True
[52/384] run US_Sweep_Behaviours_0051: esg_choice=none, start_year=2012, no_simple_quantiles=7, mktcap_covered=0.95, alpha_bound=0.05, min_initatives_annual_reports=5, signal_denominator=Sum_All_Signals, execute_3_filters=False
[53/384] run US_Sweep_Behaviours_0052: esg_choice=none, start_year=2012, no_simple_quantiles=7, mktcap_covered=0.95, alpha_bound=0.05, min_initatives_annual_reports=50, signal_denominator=Sum_All_Initiatives, execute_3_filters=True
[54/384] run US_Sweep_Behaviours_0053: esg_choice=none, start_year=2012, no_simple_quantiles=7, mktcap_covered=0.95, alpha_bound=0.05, min_initatives_annual_reports=50, signal_denominator=Sum_All_Initiatives, execute_3_filters=False
[55/384] run US_Sweep_Behaviours_0054: esg_choice=none, start_year=2012, no_simple_quantiles=7, mktcap_covered=0.95, alpha_bound=0.05, min_initatives_annual_reports=50, signal_denominator=Sum_All_Signals, execute_3_filters=True
[56/384] run US_Sweep_Behaviours_0055: esg_choice=none, start_year=2012, no_simple_quantiles=7, mktcap_covered=0.95, alpha_bound=0.05, min_initatives_annual_reports=50, signal_denominator=Sum_All_Signals, execute_3_filters=False
[57/384] run US_Sweep_Behaviours_0056: esg_choice=none, start_year=2012, no_simple_quantiles=7, mktcap_covered=0.95, alpha_bound=0.1, min_initatives_annual_reports=5, signal_denominator=Sum_All_Initiatives, execute_3_filters=True
[58/384] run US_Sweep_Behaviours_0057: esg_choice=none, start_year=2012, no_simple_quantiles=7, mktcap_covered=0.95, alpha_bound=0.1, min_initatives_annual_reports=5, signal_denominator=Sum_All_Initiatives, execute_3_filters=False
[59/384] run US_Sweep_Behaviours_0058: esg_choice=none, start_year=2012, no_simple_quantiles=7, mktcap_covered=0.95, alpha_bound=0.1, min_initatives_annual_reports=5, signal_denominator=Sum_All_Signals, execute_3_filters=True
[60/384] run US_Sweep_Behaviours_0059: esg_choice=none, start_year=2012, no_simple_quantiles=7, mktcap_covered=0.95, alpha_bound=0.1, min_initatives_annual_reports=5, signal_denominator=Sum_All_Signals, execute_3_filters=False
[61/384] run US_Sweep_Behaviours_0060: esg_choice=none, start_year=2012, no_simple_quantiles=7, mktcap_covered=0.95, alpha_bound=0.1, min_initatives_annual_reports=50, signal_denominator=Sum_All_Initiatives, execute_3_filters=True
[62/384] run US_Sweep_Behaviours_0061: esg_choice=none, start_year=2012, no_simple_quantiles=7, mktcap_covered=0.95, alpha_bound=0.1, min_initatives_annual_reports=50, signal_denominator=Sum_All_Initiatives, execute_3_filters=False
[63/384] run US_Sweep_Behaviours_0062: esg_choice=none, start_year=2012, no_simple_quantiles=7, mktcap_covered=0.95, alpha_bound=0.1, min_initatives_annual_reports=50, signal_denominator=Sum_All_Signals, execute_3_filters=True
[64/384] run US_Sweep_Behaviours_0063: esg_choice=none, start_year=2012, no_simple_quantiles=7, mktcap_covered=0.95, alpha_bound=0.1, min_initatives_annual_reports=50, signal_denominator=Sum_All_Signals, execute_3_filters=False
[65/384] run US_Sweep_Behaviours_0064: esg_choice=none, start_year=2012, no_simple_quantiles=10, mktcap_covered=0.9, alpha_bound=0.05, min_initatives_annual_reports=5, signal_denominator=Sum_All_Initiatives, execute_3_filters=True
[66/384] run US_Sweep_Behaviours_0065: esg_choice=none, start_year=2012, no_simple_quantiles=10, mktcap_covered=0.9, alpha_bound=0.05, min_initatives_annual_reports=5, signal_denominator=Sum_All_Initiatives, execute_3_filters=False
[67/384] run US_Sweep_Behaviours_0066: esg_choice=none, start_year=2012, no_simple_quantiles=10, mktcap_covered=0.9, alpha_bound=0.05, min_initatives_annual_reports=5, signal_denominator=Sum_All_Signals, execute_3_filters=True
[68/384] run US_Sweep_Behaviours_0067: esg_choice=none, start_year=2012, no_simple_quantiles=10, mktcap_covered=0.9, alpha_bound=0.05, min_initatives_annual_reports=5, signal_denominator=Sum_All_Signals, execute_3_filters=False
[69/384] run US_Sweep_Behaviours_0068: esg_choice=none, start_year=2012, no_simple_quantiles=10, mktcap_covered=0.9, alpha_bound=0.05, min_initatives_annual_reports=50, signal_denominator=Sum_All_Initiatives, execute_3_filters=True
[70/384] run US_Sweep_Behaviours_0069: esg_choice=none, start_year=2012, no_simple_quantiles=10, mktcap_covered=0.9, alpha_bound=0.05, min_initatives_annual_reports=50, signal_denominator=Sum_All_Initiatives, execute_3_filters=False
[71/384] run US_Sweep_Behaviours_0070: esg_choice=none, start_year=2012, no_simple_quantiles=10, mktcap_covered=0.9, alpha_bound=0.05, min_initatives_annual_reports=50, signal_denominator=Sum_All_Signals, execute_3_filters=True
[72/384] run US_Sweep_Behaviours_0071: esg_choice=none, start_year=2012, no_simple_quantiles=10, mktcap_covered=0.9, alpha_bound=0.05, min_initatives_annual_reports=50, signal_denominator=Sum_All_Signals, execute_3_filters=False
[73/384] run US_Sweep_Behaviours_0072: esg_choice=none, start_year=2012, no_simple_quantiles=10, mktcap_covered=0.9, alpha_bound=0.1, min_initatives_annual_reports=5, signal_denominator=Sum_All_Initiatives, execute_3_filters=True
[74/384] run US_Sweep_Behaviours_0073: esg_choice=none, start_year=2012, no_simple_quantiles=10, mktcap_covered=0.9, alpha_bound=0.1, min_initatives_annual_reports=5, signal_denominator=Sum_All_Initiatives, execute_3_filters=False
[75/384] run US_Sweep_Behaviours_0074: esg_choice=none, start_year=2012, no_simple_quantiles=10, mktcap_covered=0.9, alpha_bound=0.1, min_initatives_annual_reports=5, signal_denominator=Sum_All_Signals, execute_3_filters=True
[76/384] run US_Sweep_Behaviours_0075: esg_choice=none, start_year=2012, no_simple_quantiles=10, mktcap_covered=0.9, alpha_bound=0.1, min_initatives_annual_reports=5, signal_denominator=Sum_All_Signals, execute_3_filters=False
[77/384] run US_Sweep_Behaviours_0076: esg_choice=none, start_year=2012, no_simple_quantiles=10, mktcap_covered=0.9, alpha_bound=0.1, min_initatives_annual_reports=50, signal_denominator=Sum_All_Initiatives, execute_3_filters=True
[78/384] run US_Sweep_Behaviours_0077: esg_choice=none, start_year=2012, no_simple_quantiles=10, mktcap_covered=0.9, alpha_bound=0.1, min_initatives_annual_reports=50, signal_denominator=Sum_All_Initiatives, execute_3_filters=False
[79/384] run US_Sweep_Behaviours_0078: esg_choice=none, start_year=2012, no_simple_quantiles=10, mktcap_covered=0.9, alpha_bound=0.1, min_initatives_annual_reports=50, signal_denominator=Sum_All_Signals, execute_3_filters=True
[80/384] run US_Sweep_Behaviours_0079: esg_choice=none, start_year=2012, no_simple_quantiles=10, mktcap_covered=0.9, alpha_bound=0.1, min_initatives_annual_reports=50, signal_denominator=Sum_All_Signals, execute_3_filters=False
[81/384] run US_Sweep_Behaviours_0080: esg_choice=none, start_year=2012, no_simple_quantiles=10, mktcap_covered=0.95, alpha_bound=0.05, min_initatives_annual_reports=5, signal_denominator=Sum_All_Initiatives, execute_3_filters=True
[82/384] run US_Sweep_Behaviours_0081: esg_choice=none, start_year=2012, no_simple_quantiles=10, mktcap_covered=0.95, alpha_bound=0.05, min_initatives_annual_reports=5, signal_denominator=Sum_All_Initiatives, execute_3_filters=False
[83/384] run US_Sweep_Behaviours_0082: esg_choice=none, start_year=2012, no_simple_quantiles=10, mktcap_covered=0.95, alpha_bound=0.05, min_initatives_annual_reports=5, signal_denominator=Sum_All_Signals, execute_3_filters=True
[84/384] run US_Sweep_Behaviours_0083: esg_choice=none, start_year=2012, no_simple_quantiles=10, mktcap_covered=0.95, alpha_bound=0.05, min_initatives_annual_reports=5, signal_denominator=Sum_All_Signals, execute_3_filters=False
[85/384] run US_Sweep_Behaviours_0084: esg_choice=none, start_year=2012, no_simple_quantiles=10, mktcap_covered=0.95, alpha_bound=0.05, min_initatives_annual_reports=50, signal_denominator=Sum_All_Initiatives, execute_3_filters=True
[86/384] run US_Sweep_Behaviours_0085: esg_choice=none, start_year=2012, no_simple_quantiles=10, mktcap_covered=0.95, alpha_bound=0.05, min_initatives_annual_reports=50, signal_denominator=Sum_All_Initiatives, execute_3_filters=False
[87/384] run US_Sweep_Behaviours_0086: esg_choice=none, start_year=2012, no_simple_quantiles=10, mktcap_covered=0.95, alpha_bound=0.05, min_initatives_annual_reports=50, signal_denominator=Sum_All_Signals, execute_3_filters=True
[88/384] run US_Sweep_Behaviours_0087: esg_choice=none, start_year=2012, no_simple_quantiles=10, mktcap_covered=0.95, alpha_bound=0.05, min_initatives_annual_reports=50, signal_denominator=Sum_All_Signals, execute_3_filters=False
[89/384] run US_Sweep_Behaviours_0088: esg_choice=none, start_year=2012, no_simple_quantiles=10, mktcap_covered=0.95, alpha_bound=0.1, min_initatives_annual_reports=5, signal_denominator=Sum_All_Initiatives, execute_3_filters=True
[90/384] run US_Sweep_Behaviours_0089: esg_choice=none, start_year=2012, no_simple_quantiles=10, mktcap_covered=0.95, alpha_bound=0.1, min_initatives_annual_reports=5, signal_denominator=Sum_All_Initiatives, execute_3_filters=False
[91/384] run US_Sweep_Behaviours_0090: esg_choice=none, start_year=2012, no_simple_quantiles=10, mktcap_covered=0.95, alpha_bound=0.1, min_initatives_annual_reports=5, signal_denominator=Sum_All_Signals, execute_3_filters=True
[92/384] run US_Sweep_Behaviours_0091: esg_choice=none, start_year=2012, no_simple_quantiles=10, mktcap_covered=0.95, alpha_bound=0.1, min_initatives_annual_reports=5, signal_denominator=Sum_All_Signals, execute_3_filters=False
[93/384] run US_Sweep_Behaviours_0092: esg_choice=none, start_year=2012, no_simple_quantiles=10, mktcap_covered=0.95, alpha_bound=0.1, min_initatives_annual_reports=50, signal_denominator=Sum_All_Initiatives, execute_3_filters=True
[94/384] run US_Sweep_Behaviours_0093: esg_choice=none, start_year=2012, no_simple_quantiles=10, mktcap_covered=0.95, alpha_bound=0.1, min_initatives_annual_reports=50, signal_denominator=Sum_All_Initiatives, execute_3_filters=False
[95/384] run US_Sweep_Behaviours_0094: esg_choice=none, start_year=2012, no_simple_quantiles=10, mktcap_covered=0.95, alpha_bound=0.1, min_initatives_annual_reports=50, signal_denominator=Sum_All_Signals, execute_3_filters=True
[96/384] run US_Sweep_Behaviours_0095: esg_choice=none, start_year=2012, no_simple_quantiles=10, mktcap_covered=0.95, alpha_bound=0.1, min_initatives_annual_reports=50, signal_denominator=Sum_All_Signals, execute_3_filters=False
[97/384] run US_Sweep_Behaviours_0096: esg_choice=none, start_year=2015, no_simple_quantiles=6, mktcap_covered=0.9, alpha_bound=0.05, min_initatives_annual_reports=5, signal_denominator=Sum_All_Initiatives, execute_3_filters=True
[98/384] run US_Sweep_Behaviours_0097: esg_choice=none, start_year=2015, no_simple_quantiles=6, mktcap_covered=0.9, alpha_bound=0.05, min_initatives_annual_reports=5, signal_denominator=Sum_All_Initiatives, execute_3_filters=False
[99/384] run US_Sweep_Behaviours_0098: esg_choice=none, start_year=2015, no_simple_quantiles=6, mktcap_covered=0.9, alpha_bound=0.05, min_initatives_annual_reports=5, signal_denominator=Sum_All_Signals, execute_3_filters=True
[100/384] run US_Sweep_Behaviours_0099: esg_choice=none, start_year=2015, no_simple_quantiles=6, mktcap_covered=0.9, alpha_bound=0.05, min_initatives_annual_reports=5, signal_denominator=Sum_All_Signals, execute_3_filters=False
[101/384] run US_Sweep_Behaviours_0100: esg_choice=none, start_year=2015, no_simple_quantiles=6, mktcap_covered=0.9, alpha_bound=0.05, min_initatives_annual_reports=50, signal_denominator=Sum_All_Initiatives, execute_3_filters=True
[102/384] run US_Sweep_Behaviours_0101: esg_choice=none, start_year=2015, no_simple_quantiles=6, mktcap_covered=0.9, alpha_bound=0.05, min_initatives_annual_reports=50, signal_denominator=Sum_All_Initiatives, execute_3_filters=False
[103/384] run US_Sweep_Behaviours_0102: esg_choice=none, start_year=2015, no_simple_quantiles=6, mktcap_covered=0.9, alpha_bound=0.05, min_initatives_annual_reports=50, signal_denominator=Sum_All_Signals, execute_3_filters=True
[104/384] run US_Sweep_Behaviours_0103: esg_choice=none, start_year=2015, no_simple_quantiles=6, mktcap_covered=0.9, alpha_bound=0.05, min_initatives_annual_reports=50, signal_denominator=Sum_All_Signals, execute_3_filters=False
[105/384] run US_Sweep_Behaviours_0104: esg_choice=none, start_year=2015, no_simple_quantiles=6, mktcap_covered=0.9, alpha_bound=0.1, min_initatives_annual_reports=5, signal_denominator=Sum_All_Initiatives, execute_3_filters=True
[106/384] run US_Sweep_Behaviours_0105: esg_choice=none, start_year=2015, no_simple_quantiles=6, mktcap_covered=0.9, alpha_bound=0.1, min_initatives_annual_reports=5, signal_denominator=Sum_All_Initiatives, execute_3_filters=False
[107/384] run US_Sweep_Behaviours_0106: esg_choice=none, start_year=2015, no_simple_quantiles=6, mktcap_covered=0.9, alpha_bound=0.1, min_initatives_annual_reports=5, signal_denominator=Sum_All_Signals, execute_3_filters=True
[108/384] run US_Sweep_Behaviours_0107: esg_choice=none, start_year=2015, no_simple_quantiles=6, mktcap_covered=0.9, alpha_bound=0.1, min_initatives_annual_reports=5, signal_denominator=Sum_All_Signals, execute_3_filters=False
[109/384] run US_Sweep_Behaviours_0108: esg_choice=none, start_year=2015, no_simple_quantiles=6, mktcap_covered=0.9, alpha_bound=0.1, min_initatives_annual_reports=50, signal_denominator=Sum_All_Initiatives, execute_3_filters=True
[110/384] run US_Sweep_Behaviours_0109: esg_choice=none, start_year=2015, no_simple_quantiles=6, mktcap_covered=0.9, alpha_bound=0.1, min_initatives_annual_reports=50, signal_denominator=Sum_All_Initiatives, execute_3_filters=False
[111/384] run US_Sweep_Behaviours_0110: esg_choice=none, start_year=2015, no_simple_quantiles=6, mktcap_covered=0.9, alpha_bound=0.1, min_initatives_annual_reports=50, signal_denominator=Sum_All_Signals, execute_3_filters=True
[112/384] run US_Sweep_Behaviours_0111: esg_choice=none, start_year=2015, no_simple_quantiles=6, mktcap_covered=0.9, alpha_bound=0.1, min_initatives_annual_reports=50, signal_denominator=Sum_All_Signals, execute_3_filters=False
[113/384] run US_Sweep_Behaviours_0112: esg_choice=none, start_year=2015, no_simple_quantiles=6, mktcap_covered=0.95, alpha_bound=0.05, min_initatives_annual_reports=5, signal_denominator=Sum_All_Initiatives, execute_3_filters=True
[114/384] run US_Sweep_Behaviours_0113: esg_choice=none, start_year=2015, no_simple_quantiles=6, mktcap_covered=0.95, alpha_bound=0.05, min_initatives_annual_reports=5, signal_denominator=Sum_All_Initiatives, execute_3_filters=False
[115/384] run US_Sweep_Behaviours_0114: esg_choice=none, start_year=2015, no_simple_quantiles=6, mktcap_covered=0.95, alpha_bound=0.05, min_initatives_annual_reports=5, signal_denominator=Sum_All_Signals, execute_3_filters=True
[116/384] run US_Sweep_Behaviours_0115: esg_choice=none, start_year=2015, no_simple_quantiles=6, mktcap_covered=0.95, alpha_bound=0.05, min_initatives_annual_reports=5, signal_denominator=Sum_All_Signals, execute_3_filters=False
[117/384] run US_Sweep_Behaviours_0116: esg_choice=none, start_year=2015, no_simple_quantiles=6, mktcap_covered=0.95, alpha_bound=0.05, min_initatives_annual_reports=50, signal_denominator=Sum_All_Initiatives, execute_3_filters=True
[118/384] run US_Sweep_Behaviours_0117: esg_choice=none, start_year=2015, no_simple_quantiles=6, mktcap_covered=0.95, alpha_bound=0.05, min_initatives_annual_reports=50, signal_denominator=Sum_All_Initiatives, execute_3_filters=False
[119/384] run US_Sweep_Behaviours_0118: esg_choice=none, start_year=2015, no_simple_quantiles=6, mktcap_covered=0.95, alpha_bound=0.05, min_initatives_annual_reports=50, signal_denominator=Sum_All_Signals, execute_3_filters=True
[120/384] run US_Sweep_Behaviours_0119: esg_choice=none, start_year=2015, no_simple_quantiles=6, mktcap_covered=0.95, alpha_bound=0.05, min_initatives_annual_reports=50, signal_denominator=Sum_All_Signals, execute_3_filters=False
[121/384] run US_Sweep_Behaviours_0120: esg_choice=none, start_year=2015, no_simple_quantiles=6, mktcap_covered=0.95, alpha_bound=0.1, min_initatives_annual_reports=5, signal_denominator=Sum_All_Initiatives, execute_3_filters=True
[122/384] run US_Sweep_Behaviours_0121: esg_choice=none, start_year=2015, no_simple_quantiles=6, mktcap_covered=0.95, alpha_bound=0.1, min_initatives_annual_reports=5, signal_denominator=Sum_All_Initiatives, execute_3_filters=False
[123/384] run US_Sweep_Behaviours_0122: esg_choice=none, start_year=2015, no_simple_quantiles=6, mktcap_covered=0.95, alpha_bound=0.1, min_initatives_annual_reports=5, signal_denominator=Sum_All_Signals, execute_3_filters=True
[124/384] run US_Sweep_Behaviours_0123: esg_choice=none, start_year=2015, no_simple_quantiles=6, mktcap_covered=0.95, alpha_bound=0.1, min_initatives_annual_reports=5, signal_denominator=Sum_All_Signals, execute_3_filters=False
[125/384] run US_Sweep_Behaviours_0124: esg_choice=none, start_year=2015, no_simple_quantiles=6, mktcap_covered=0.95, alpha_bound=0.1, min_initatives_annual_reports=50, signal_denominator=Sum_All_Initiatives, execute_3_filters=True
[126/384] run US_Sweep_Behaviours_0125: esg_choice=none, start_year=2015, no_simple_quantiles=6, mktcap_covered=0.95, alpha_bound=0.1, min_initatives_annual_reports=50, signal_denominator=Sum_All_Initiatives, execute_3_filters=False
[127/384] run US_Sweep_Behaviours_0126: esg_choice=none, start_year=2015, no_simple_quantiles=6, mktcap_covered=0.95, alpha_bound=0.1, min_initatives_annual_reports=50, signal_denominator=Sum_All_Signals, execute_3_filters=True
[128/384] run US_Sweep_Behaviours_0127: esg_choice=none, start_year=2015, no_simple_quantiles=6, mktcap_covered=0.95, alpha_bound=0.1, min_initatives_annual_reports=50, signal_denominator=Sum_All_Signals, execute_3_filters=False
[129/384] run US_Sweep_Behaviours_0128: esg_choice=none, start_year=2015, no_simple_quantiles=7, mktcap_covered=0.9, alpha_bound=0.05, min_initatives_annual_reports=5, signal_denominator=Sum_All_Initiatives, execute_3_filters=True
[130/384] run US_Sweep_Behaviours_0129: esg_choice=none, start_year=2015, no_simple_quantiles=7, mktcap_covered=0.9, alpha_bound=0.05, min_initatives_annual_reports=5, signal_denominator=Sum_All_Initiatives, execute_3_filters=False
[131/384] run US_Sweep_Behaviours_0130: esg_choice=none, start_year=2015, no_simple_quantiles=7, mktcap_covered=0.9, alpha_bound=0.05, min_initatives_annual_reports=5, signal_denominator=Sum_All_Signals, execute_3_filters=True
[132/384] run US_Sweep_Behaviours_0131: esg_choice=none, start_year=2015, no_simple_quantiles=7, mktcap_covered=0.9, alpha_bound=0.05, min_initatives_annual_reports=5, signal_denominator=Sum_All_Signals, execute_3_filters=False
[133/384] run US_Sweep_Behaviours_0132: esg_choice=none, start_year=2015, no_simple_quantiles=7, mktcap_covered=0.9, alpha_bound=0.05, min_initatives_annual_reports=50, signal_denominator=Sum_All_Initiatives, execute_3_filters=True
[134/384] run US_Sweep_Behaviours_0133: esg_choice=none, start_year=2015, no_simple_quantiles=7, mktcap_covered=0.9, alpha_bound=0.05, min_initatives_annual_reports=50, signal_denominator=Sum_All_Initiatives, execute_3_filters=False
[135/384] run US_Sweep_Behaviours_0134: esg_choice=none, start_year=2015, no_simple_quantiles=7, mktcap_covered=0.9, alpha_bound=0.05, min_initatives_annual_reports=50, signal_denominator=Sum_All_Signals, execute_3_filters=True
[136/384] run US_Sweep_Behaviours_0135: esg_choice=none, start_year=2015, no_simple_quantiles=7, mktcap_covered=0.9, alpha_bound=0.05, min_initatives_annual_reports=50, signal_denominator=Sum_All_Signals, execute_3_filters=False
[137/384] run US_Sweep_Behaviours_0136: esg_choice=none, start_year=2015, no_simple_quantiles=7, mktcap_covered=0.9, alpha_bound=0.1, min_initatives_annual_reports=5, signal_denominator=Sum_All_Initiatives, execute_3_filters=True
[138/384] run US_Sweep_Behaviours_0137: esg_choice=none, start_year=2015, no_simple_quantiles=7, mktcap_covered=0.9, alpha_bound=0.1, min_initatives_annual_reports=5, signal_denominator=Sum_All_Initiatives, execute_3_filters=False
[139/384] run US_Sweep_Behaviours_0138: esg_choice=none, start_year=2015, no_simple_quantiles=7, mktcap_covered=0.9, alpha_bound=0.1, min_initatives_annual_reports=5, signal_denominator=Sum_All_Signals, execute_3_filters=True
[140/384] run US_Sweep_Behaviours_0139: esg_choice=none, start_year=2015, no_simple_quantiles=7, mktcap_covered=0.9, alpha_bound=0.1, min_initatives_annual_reports=5, signal_denominator=Sum_All_Signals, execute_3_filters=False
[141/384] run US_Sweep_Behaviours_0140: esg_choice=none, start_year=2015, no_simple_quantiles=7, mktcap_covered=0.9, alpha_bound=0.1, min_initatives_annual_reports=50, signal_denominator=Sum_All_Initiatives, execute_3_filters=True
[142/384] run US_Sweep_Behaviours_0141: esg_choice=none, start_year=2015, no_simple_quantiles=7, mktcap_covered=0.9, alpha_bound=0.1, min_initatives_annual_reports=50, signal_denominator=Sum_All_Initiatives, execute_3_filters=False
[143/384] run US_Sweep_Behaviours_0142: esg_choice=none, start_year=2015, no_simple_quantiles=7, mktcap_covered=0.9, alpha_bound=0.1, min_initatives_annual_reports=50, signal_denominator=Sum_All_Signals, execute_3_filters=True
[144/384] run US_Sweep_Behaviours_0143: esg_choice=none, start_year=2015, no_simple_quantiles=7, mktcap_covered=0.9, alpha_bound=0.1, min_initatives_annual_reports=50, signal_denominator=Sum_All_Signals, execute_3_filters=False
[145/384] run US_Sweep_Behaviours_0144: esg_choice=none, start_year=2015, no_simple_quantiles=7, mktcap_covered=0.95, alpha_bound=0.05, min_initatives_annual_reports=5, signal_denominator=Sum_All_Initiatives, execute_3_filters=True
[146/384] run US_Sweep_Behaviours_0145: esg_choice=none, start_year=2015, no_simple_quantiles=7, mktcap_covered=0.95, alpha_bound=0.05, min_initatives_annual_reports=5, signal_denominator=Sum_All_Initiatives, execute_3_filters=False
[147/384] run US_Sweep_Behaviours_0146: esg_choice=none, start_year=2015, no_simple_quantiles=7, mktcap_covered=0.95, alpha_bound=0.05, min_initatives_annual_reports=5, signal_denominator=Sum_All_Signals, execute_3_filters=True
[148/384] run US_Sweep_Behaviours_0147: esg_choice=none, start_year=2015, no_simple_quantiles=7, mktcap_covered=0.95, alpha_bound=0.05, min_initatives_annual_reports=5, signal_denominator=Sum_All_Signals, execute_3_filters=False
[149/384] run US_Sweep_Behaviours_0148: esg_choice=none, start_year=2015, no_simple_quantiles=7, mktcap_covered=0.95, alpha_bound=0.05, min_initatives_annual_reports=50, signal_denominator=Sum_All_Initiatives, execute_3_filters=True
[150/384] run US_Sweep_Behaviours_0149: esg_choice=none, start_year=2015, no_simple_quantiles=7, mktcap_covered=0.95, alpha_bound=0.05, min_initatives_annual_reports=50, signal_denominator=Sum_All_Initiatives, execute_3_filters=False
[151/384] run US_Sweep_Behaviours_0150: esg_choice=none, start_year=2015, no_simple_quantiles=7, mktcap_covered=0.95, alpha_bound=0.05, min_initatives_annual_reports=50, signal_denominator=Sum_All_Signals, execute_3_filters=True
[152/384] run US_Sweep_Behaviours_0151: esg_choice=none, start_year=2015, no_simple_quantiles=7, mktcap_covered=0.95, alpha_bound=0.05, min_initatives_annual_reports=50, signal_denominator=Sum_All_Signals, execute_3_filters=False
[153/384] run US_Sweep_Behaviours_0152: esg_choice=none, start_year=2015, no_simple_quantiles=7, mktcap_covered=0.95, alpha_bound=0.1, min_initatives_annual_reports=5, signal_denominator=Sum_All_Initiatives, execute_3_filters=True
[154/384] run US_Sweep_Behaviours_0153: esg_choice=none, start_year=2015, no_simple_quantiles=7, mktcap_covered=0.95, alpha_bound=0.1, min_initatives_annual_reports=5, signal_denominator=Sum_All_Initiatives, execute_3_filters=False
[155/384] run US_Sweep_Behaviours_0154: esg_choice=none, start_year=2015, no_simple_quantiles=7, mktcap_covered=0.95, alpha_bound=0.1, min_initatives_annual_reports=5, signal_denominator=Sum_All_Signals, execute_3_filters=True
[156/384] run US_Sweep_Behaviours_0155: esg_choice=none, start_year=2015, no_simple_quantiles=7, mktcap_covered=0.95, alpha_bound=0.1, min_initatives_annual_reports=5, signal_denominator=Sum_All_Signals, execute_3_filters=False
[157/384] run US_Sweep_Behaviours_0156: esg_choice=none, start_year=2015, no_simple_quantiles=7, mktcap_covered=0.95, alpha_bound=0.1, min_initatives_annual_reports=50, signal_denominator=Sum_All_Initiatives, execute_3_filters=True
[158/384] run US_Sweep_Behaviours_0157: esg_choice=none, start_year=2015, no_simple_quantiles=7, mktcap_covered=0.95, alpha_bound=0.1, min_initatives_annual_reports=50, signal_denominator=Sum_All_Initiatives, execute_3_filters=False
[159/384] run US_Sweep_Behaviours_0158: esg_choice=none, start_year=2015, no_simple_quantiles=7, mktcap_covered=0.95, alpha_bound=0.1, min_initatives_annual_reports=50, signal_denominator=Sum_All_Signals, execute_3_filters=True
[160/384] run US_Sweep_Behaviours_0159: esg_choice=none, start_year=2015, no_simple_quantiles=7, mktcap_covered=0.95, alpha_bound=0.1, min_initatives_annual_reports=50, signal_denominator=Sum_All_Signals, execute_3_filters=False
[161/384] run US_Sweep_Behaviours_0160: esg_choice=none, start_year=2015, no_simple_quantiles=10, mktcap_covered=0.9, alpha_bound=0.05, min_initatives_annual_reports=5, signal_denominator=Sum_All_Initiatives, execute_3_filters=True
[162/384] run US_Sweep_Behaviours_0161: esg_choice=none, start_year=2015, no_simple_quantiles=10, mktcap_covered=0.9, alpha_bound=0.05, min_initatives_annual_reports=5, signal_denominator=Sum_All_Initiatives, execute_3_filters=False
[163/384] run US_Sweep_Behaviours_0162: esg_choice=none, start_year=2015, no_simple_quantiles=10, mktcap_covered=0.9, alpha_bound=0.05, min_initatives_annual_reports=5, signal_denominator=Sum_All_Signals, execute_3_filters=True
[164/384] run US_Sweep_Behaviours_0163: esg_choice=none, start_year=2015, no_simple_quantiles=10, mktcap_covered=0.9, alpha_bound=0.05, min_initatives_annual_reports=5, signal_denominator=Sum_All_Signals, execute_3_filters=False
[165/384] run US_Sweep_Behaviours_0164: esg_choice=none, start_year=2015, no_simple_quantiles=10, mktcap_covered=0.9, alpha_bound=0.05, min_initatives_annual_reports=50, signal_denominator=Sum_All_Initiatives, execute_3_filters=True
[166/384] run US_Sweep_Behaviours_0165: esg_choice=none, start_year=2015, no_simple_quantiles=10, mktcap_covered=0.9, alpha_bound=0.05, min_initatives_annual_reports=50, signal_denominator=Sum_All_Initiatives, execute_3_filters=False
[167/384] run US_Sweep_Behaviours_0166: esg_choice=none, start_year=2015, no_simple_quantiles=10, mktcap_covered=0.9, alpha_bound=0.05, min_initatives_annual_reports=50, signal_denominator=Sum_All_Signals, execute_3_filters=True
[168/384] run US_Sweep_Behaviours_0167: esg_choice=none, start_year=2015, no_simple_quantiles=10, mktcap_covered=0.9, alpha_bound=0.05, min_initatives_annual_reports=50, signal_denominator=Sum_All_Signals, execute_3_filters=False
[169/384] run US_Sweep_Behaviours_0168: esg_choice=none, start_year=2015, no_simple_quantiles=10, mktcap_covered=0.9, alpha_bound=0.1, min_initatives_annual_reports=5, signal_denominator=Sum_All_Initiatives, execute_3_filters=True
[170/384] run US_Sweep_Behaviours_0169: esg_choice=none, start_year=2015, no_simple_quantiles=10, mktcap_covered=0.9, alpha_bound=0.1, min_initatives_annual_reports=5, signal_denominator=Sum_All_Initiatives, execute_3_filters=False
[171/384] run US_Sweep_Behaviours_0170: esg_choice=none, start_year=2015, no_simple_quantiles=10, mktcap_covered=0.9, alpha_bound=0.1, min_initatives_annual_reports=5, signal_denominator=Sum_All_Signals, execute_3_filters=True
[172/384] run US_Sweep_Behaviours_0171: esg_choice=none, start_year=2015, no_simple_quantiles=10, mktcap_covered=0.9, alpha_bound=0.1, min_initatives_annual_reports=5, signal_denominator=Sum_All_Signals, execute_3_filters=False
[173/384] run US_Sweep_Behaviours_0172: esg_choice=none, start_year=2015, no_simple_quantiles=10, mktcap_covered=0.9, alpha_bound=0.1, min_initatives_annual_reports=50, signal_denominator=Sum_All_Initiatives, execute_3_filters=True
[174/384] run US_Sweep_Behaviours_0173: esg_choice=none, start_year=2015, no_simple_quantiles=10, mktcap_covered=0.9, alpha_bound=0.1, min_initatives_annual_reports=50, signal_denominator=Sum_All_Initiatives, execute_3_filters=False
[175/384] run US_Sweep_Behaviours_0174: esg_choice=none, start_year=2015, no_simple_quantiles=10, mktcap_covered=0.9, alpha_bound=0.1, min_initatives_annual_reports=50, signal_denominator=Sum_All_Signals, execute_3_filters=True
[176/384] run US_Sweep_Behaviours_0175: esg_choice=none, start_year=2015, no_simple_quantiles=10, mktcap_covered=0.9, alpha_bound=0.1, min_initatives_annual_reports=50, signal_denominator=Sum_All_Signals, execute_3_filters=False
[177/384] run US_Sweep_Behaviours_0176: esg_choice=none, start_year=2015, no_simple_quantiles=10, mktcap_covered=0.95, alpha_bound=0.05, min_initatives_annual_reports=5, signal_denominator=Sum_All_Initiatives, execute_3_filters=True
[178/384] run US_Sweep_Behaviours_0177: esg_choice=none, start_year=2015, no_simple_quantiles=10, mktcap_covered=0.95, alpha_bound=0.05, min_initatives_annual_reports=5, signal_denominator=Sum_All_Initiatives, execute_3_filters=False
[179/384] run US_Sweep_Behaviours_0178: esg_choice=none, start_year=2015, no_simple_quantiles=10, mktcap_covered=0.95, alpha_bound=0.05, min_initatives_annual_reports=5, signal_denominator=Sum_All_Signals, execute_3_filters=True
[180/384] run US_Sweep_Behaviours_0179: esg_choice=none, start_year=2015, no_simple_quantiles=10, mktcap_covered=0.95, alpha_bound=0.05, min_initatives_annual_reports=5, signal_denominator=Sum_All_Signals, execute_3_filters=False
[181/384] run US_Sweep_Behaviours_0180: esg_choice=none, start_year=2015, no_simple_quantiles=10, mktcap_covered=0.95, alpha_bound=0.05, min_initatives_annual_reports=50, signal_denominator=Sum_All_Initiatives, execute_3_filters=True
[182/384] run US_Sweep_Behaviours_0181: esg_choice=none, start_year=2015, no_simple_quantiles=10, mktcap_covered=0.95, alpha_bound=0.05, min_initatives_annual_reports=50, signal_denominator=Sum_All_Initiatives, execute_3_filters=False
[183/384] run US_Sweep_Behaviours_0182: esg_choice=none, start_year=2015, no_simple_quantiles=10, mktcap_covered=0.95, alpha_bound=0.05, min_initatives_annual_reports=50, signal_denominator=Sum_All_Signals, execute_3_filters=True
[184/384] run US_Sweep_Behaviours_0183: esg_choice=none, start_year=2015, no_simple_quantiles=10, mktcap_covered=0.95, alpha_bound=0.05, min_initatives_annual_reports=50, signal_denominator=Sum_All_Signals, execute_3_filters=False
[185/384] run US_Sweep_Behaviours_0184: esg_choice=none, start_year=2015, no_simple_quantiles=10, mktcap_covered=0.95, alpha_bound=0.1, min_initatives_annual_reports=5, signal_denominator=Sum_All_Initiatives, execute_3_filters=True
[186/384] run US_Sweep_Behaviours_0185: esg_choice=none, start_year=2015, no_simple_quantiles=10, mktcap_covered=0.95, alpha_bound=0.1, min_initatives_annual_reports=5, signal_denominator=Sum_All_Initiatives, execute_3_filters=False
[187/384] run US_Sweep_Behaviours_0186: esg_choice=none, start_year=2015, no_simple_quantiles=10, mktcap_covered=0.95, alpha_bound=0.1, min_initatives_annual_reports=5, signal_denominator=Sum_All_Signals, execute_3_filters=True
[188/384] run US_Sweep_Behaviours_0187: esg_choice=none, start_year=2015, no_simple_quantiles=10, mktcap_covered=0.95, alpha_bound=0.1, min_initatives_annual_reports=5, signal_denominator=Sum_All_Signals, execute_3_filters=False
[189/384] run US_Sweep_Behaviours_0188: esg_choice=none, start_year=2015, no_simple_quantiles=10, mktcap_covered=0.95, alpha_bound=0.1, min_initatives_annual_reports=50, signal_denominator=Sum_All_Initiatives, execute_3_filters=True
[190/384] run US_Sweep_Behaviours_0189: esg_choice=none, start_year=2015, no_simple_quantiles=10, mktcap_covered=0.95, alpha_bound=0.1, min_initatives_annual_reports=50, signal_denominator=Sum_All_Initiatives, execute_3_filters=False
[191/384] run US_Sweep_Behaviours_0190: esg_choice=none, start_year=2015, no_simple_quantiles=10, mktcap_covered=0.95, alpha_bound=0.1, min_initatives_annual_reports=50, signal_denominator=Sum_All_Signals, execute_3_filters=True
[192/384] run US_Sweep_Behaviours_0191: esg_choice=none, start_year=2015, no_simple_quantiles=10, mktcap_covered=0.95, alpha_bound=0.1, min_initatives_annual_reports=50, signal_denominator=Sum_All_Signals, execute_3_filters=False
[193/384] run US_Sweep_Behaviours_0192: esg_choice=none, start_year=2018, no_simple_quantiles=6, mktcap_covered=0.9, alpha_bound=0.05, min_initatives_annual_reports=5, signal_denominator=Sum_All_Initiatives, execute_3_filters=True
[194/384] run US_Sweep_Behaviours_0193: esg_choice=none, start_year=2018, no_simple_quantiles=6, mktcap_covered=0.9, alpha_bound=0.05, min_initatives_annual_reports=5, signal_denominator=Sum_All_Initiatives, execute_3_filters=False
[195/384] run US_Sweep_Behaviours_0194: esg_choice=none, start_year=2018, no_simple_quantiles=6, mktcap_covered=0.9, alpha_bound=0.05, min_initatives_annual_reports=5, signal_denominator=Sum_All_Signals, execute_3_filters=True
[196/384] run US_Sweep_Behaviours_0195: esg_choice=none, start_year=2018, no_simple_quantiles=6, mktcap_covered=0.9, alpha_bound=0.05, min_initatives_annual_reports=5, signal_denominator=Sum_All_Signals, execute_3_filters=False
[197/384] run US_Sweep_Behaviours_0196: esg_choice=none, start_year=2018, no_simple_quantiles=6, mktcap_covered=0.9, alpha_bound=0.05, min_initatives_annual_reports=50, signal_denominator=Sum_All_Initiatives, execute_3_filters=True
[198/384] run US_Sweep_Behaviours_0197: esg_choice=none, start_year=2018, no_simple_quantiles=6, mktcap_covered=0.9, alpha_bound=0.05, min_initatives_annual_reports=50, signal_denominator=Sum_All_Initiatives, execute_3_filters=False
[199/384] run US_Sweep_Behaviours_0198: esg_choice=none, start_year=2018, no_simple_quantiles=6, mktcap_covered=0.9, alpha_bound=0.05, min_initatives_annual_reports=50, signal_denominator=Sum_All_Signals, execute_3_filters=True
[200/384] run US_Sweep_Behaviours_0199: esg_choice=none, start_year=2018, no_simple_quantiles=6, mktcap_covered=0.9, alpha_bound=0.05, min_initatives_annual_reports=50, signal_denominator=Sum_All_Signals, execute_3_filters=False
[201/384] run US_Sweep_Behaviours_0200: esg_choice=none, start_year=2018, no_simple_quantiles=6, mktcap_covered=0.9, alpha_bound=0.1, min_initatives_annual_reports=5, signal_denominator=Sum_All_Initiatives, execute_3_filters=True
[202/384] run US_Sweep_Behaviours_0201: esg_choice=none, start_year=2018, no_simple_quantiles=6, mktcap_covered=0.9, alpha_bound=0.1, min_initatives_annual_reports=5, signal_denominator=Sum_All_Initiatives, execute_3_filters=False
[203/384] run US_Sweep_Behaviours_0202: esg_choice=none, start_year=2018, no_simple_quantiles=6, mktcap_covered=0.9, alpha_bound=0.1, min_initatives_annual_reports=5, signal_denominator=Sum_All_Signals, execute_3_filters=True
[204/384] run US_Sweep_Behaviours_0203: esg_choice=none, start_year=2018, no_simple_quantiles=6, mktcap_covered=0.9, alpha_bound=0.1, min_initatives_annual_reports=5, signal_denominator=Sum_All_Signals, execute_3_filters=False
[205/384] run US_Sweep_Behaviours_0204: esg_choice=none, start_year=2018, no_simple_quantiles=6, mktcap_covered=0.9, alpha_bound=0.1, min_initatives_annual_reports=50, signal_denominator=Sum_All_Initiatives, execute_3_filters=True
[206/384] run US_Sweep_Behaviours_0205: esg_choice=none, start_year=2018, no_simple_quantiles=6, mktcap_covered=0.9, alpha_bound=0.1, min_initatives_annual_reports=50, signal_denominator=Sum_All_Initiatives, execute_3_filters=False
[207/384] run US_Sweep_Behaviours_0206: esg_choice=none, start_year=2018, no_simple_quantiles=6, mktcap_covered=0.9, alpha_bound=0.1, min_initatives_annual_reports=50, signal_denominator=Sum_All_Signals, execute_3_filters=True
[208/384] run US_Sweep_Behaviours_0207: esg_choice=none, start_year=2018, no_simple_quantiles=6, mktcap_covered=0.9, alpha_bound=0.1, min_initatives_annual_reports=50, signal_denominator=Sum_All_Signals, execute_3_filters=False
[209/384] run US_Sweep_Behaviours_0208: esg_choice=none, start_year=2018, no_simple_quantiles=6, mktcap_covered=0.95, alpha_bound=0.05, min_initatives_annual_reports=5, signal_denominator=Sum_All_Initiatives, execute_3_filters=True
[210/384] run US_Sweep_Behaviours_0209: esg_choice=none, start_year=2018, no_simple_quantiles=6, mktcap_covered=0.95, alpha_bound=0.05, min_initatives_annual_reports=5, signal_denominator=Sum_All_Initiatives, execute_3_filters=False
[211/384] run US_Sweep_Behaviours_0210: esg_choice=none, start_year=2018, no_simple_quantiles=6, mktcap_covered=0.95, alpha_bound=0.05, min_initatives_annual_reports=5, signal_denominator=Sum_All_Signals, execute_3_filters=True
[212/384] run US_Sweep_Behaviours_0211: esg_choice=none, start_year=2018, no_simple_quantiles=6, mktcap_covered=0.95, alpha_bound=0.05, min_initatives_annual_reports=5, signal_denominator=Sum_All_Signals, execute_3_filters=False
[213/384] run US_Sweep_Behaviours_0212: esg_choice=none, start_year=2018, no_simple_quantiles=6, mktcap_covered=0.95, alpha_bound=0.05, min_initatives_annual_reports=50, signal_denominator=Sum_All_Initiatives, execute_3_filters=True
[214/384] run US_Sweep_Behaviours_0213: esg_choice=none, start_year=2018, no_simple_quantiles=6, mktcap_covered=0.95, alpha_bound=0.05, min_initatives_annual_reports=50, signal_denominator=Sum_All_Initiatives, execute_3_filters=False
[215/384] run US_Sweep_Behaviours_0214: esg_choice=none, start_year=2018, no_simple_quantiles=6, mktcap_covered=0.95, alpha_bound=0.05, min_initatives_annual_reports=50, signal_denominator=Sum_All_Signals, execute_3_filters=True
[216/384] run US_Sweep_Behaviours_0215: esg_choice=none, start_year=2018, no_simple_quantiles=6, mktcap_covered=0.95, alpha_bound=0.05, min_initatives_annual_reports=50, signal_denominator=Sum_All_Signals, execute_3_filters=False
[217/384] run US_Sweep_Behaviours_0216: esg_choice=none, start_year=2018, no_simple_quantiles=6, mktcap_covered=0.95, alpha_bound=0.1, min_initatives_annual_reports=5, signal_denominator=Sum_All_Initiatives, execute_3_filters=True
[218/384] run US_Sweep_Behaviours_0217: esg_choice=none, start_year=2018, no_simple_quantiles=6, mktcap_covered=0.95, alpha_bound=0.1, min_initatives_annual_reports=5, signal_denominator=Sum_All_Initiatives, execute_3_filters=False
[219/384] run US_Sweep_Behaviours_0218: esg_choice=none, start_year=2018, no_simple_quantiles=6, mktcap_covered=0.95, alpha_bound=0.1, min_initatives_annual_reports=5, signal_denominator=Sum_All_Signals, execute_3_filters=True
[220/384] run US_Sweep_Behaviours_0219: esg_choice=none, start_year=2018, no_simple_quantiles=6, mktcap_covered=0.95, alpha_bound=0.1, min_initatives_annual_reports=5, signal_denominator=Sum_All_Signals, execute_3_filters=False
[221/384] run US_Sweep_Behaviours_0220: esg_choice=none, start_year=2018, no_simple_quantiles=6, mktcap_covered=0.95, alpha_bound=0.1, min_initatives_annual_reports=50, signal_denominator=Sum_All_Initiatives, execute_3_filters=True
[222/384] run US_Sweep_Behaviours_0221: esg_choice=none, start_year=2018, no_simple_quantiles=6, mktcap_covered=0.95, alpha_bound=0.1, min_initatives_annual_reports=50, signal_denominator=Sum_All_Initiatives, execute_3_filters=False
[223/384] run US_Sweep_Behaviours_0222: esg_choice=none, start_year=2018, no_simple_quantiles=6, mktcap_covered=0.95, alpha_bound=0.1, min_initatives_annual_reports=50, signal_denominator=Sum_All_Signals, execute_3_filters=True
[224/384] run US_Sweep_Behaviours_0223: esg_choice=none, start_year=2018, no_simple_quantiles=6, mktcap_covered=0.95, alpha_bound=0.1, min_initatives_annual_reports=50, signal_denominator=Sum_All_Signals, execute_3_filters=False
[225/384] run US_Sweep_Behaviours_0224: esg_choice=none, start_year=2018, no_simple_quantiles=7, mktcap_covered=0.9, alpha_bound=0.05, min_initatives_annual_reports=5, signal_denominator=Sum_All_Initiatives, execute_3_filters=True
[226/384] run US_Sweep_Behaviours_0225: esg_choice=none, start_year=2018, no_simple_quantiles=7, mktcap_covered=0.9, alpha_bound=0.05, min_initatives_annual_reports=5, signal_denominator=Sum_All_Initiatives, execute_3_filters=False
[227/384] run US_Sweep_Behaviours_0226: esg_choice=none, start_year=2018, no_simple_quantiles=7, mktcap_covered=0.9, alpha_bound=0.05, min_initatives_annual_reports=5, signal_denominator=Sum_All_Signals, execute_3_filters=True
[228/384] run US_Sweep_Behaviours_0227: esg_choice=none, start_year=2018, no_simple_quantiles=7, mktcap_covered=0.9, alpha_bound=0.05, min_initatives_annual_reports=5, signal_denominator=Sum_All_Signals, execute_3_filters=False
[229/384] run US_Sweep_Behaviours_0228: esg_choice=none, start_year=2018, no_simple_quantiles=7, mktcap_covered=0.9, alpha_bound=0.05, min_initatives_annual_reports=50, signal_denominator=Sum_All_Initiatives, execute_3_filters=True
[230/384] run US_Sweep_Behaviours_0229: esg_choice=none, start_year=2018, no_simple_quantiles=7, mktcap_covered=0.9, alpha_bound=0.05, min_initatives_annual_reports=50, signal_denominator=Sum_All_Initiatives, execute_3_filters=False
[231/384] run US_Sweep_Behaviours_0230: esg_choice=none, start_year=2018, no_simple_quantiles=7, mktcap_covered=0.9, alpha_bound=0.05, min_initatives_annual_reports=50, signal_denominator=Sum_All_Signals, execute_3_filters=True
[232/384] run US_Sweep_Behaviours_0231: esg_choice=none, start_year=2018, no_simple_quantiles=7, mktcap_covered=0.9, alpha_bound=0.05, min_initatives_annual_reports=50, signal_denominator=Sum_All_Signals, execute_3_filters=False
[233/384] run US_Sweep_Behaviours_0232: esg_choice=none, start_year=2018, no_simple_quantiles=7, mktcap_covered=0.9, alpha_bound=0.1, min_initatives_annual_reports=5, signal_denominator=Sum_All_Initiatives, execute_3_filters=True
[234/384] run US_Sweep_Behaviours_0233: esg_choice=none, start_year=2018, no_simple_quantiles=7, mktcap_covered=0.9, alpha_bound=0.1, min_initatives_annual_reports=5, signal_denominator=Sum_All_Initiatives, execute_3_filters=False
[235/384] run US_Sweep_Behaviours_0234: esg_choice=none, start_year=2018, no_simple_quantiles=7, mktcap_covered=0.9, alpha_bound=0.1, min_initatives_annual_reports=5, signal_denominator=Sum_All_Signals, execute_3_filters=True
[236/384] run US_Sweep_Behaviours_0235: esg_choice=none, start_year=2018, no_simple_quantiles=7, mktcap_covered=0.9, alpha_bound=0.1, min_initatives_annual_reports=5, signal_denominator=Sum_All_Signals, execute_3_filters=False
[237/384] run US_Sweep_Behaviours_0236: esg_choice=none, start_year=2018, no_simple_quantiles=7, mktcap_covered=0.9, alpha_bound=0.1, min_initatives_annual_reports=50, signal_denominator=Sum_All_Initiatives, execute_3_filters=True
[238/384] run US_Sweep_Behaviours_0237: esg_choice=none, start_year=2018, no_simple_quantiles=7, mktcap_covered=0.9, alpha_bound=0.1, min_initatives_annual_reports=50, signal_denominator=Sum_All_Initiatives, execute_3_filters=False
[239/384] run US_Sweep_Behaviours_0238: esg_choice=none, start_year=2018, no_simple_quantiles=7, mktcap_covered=0.9, alpha_bound=0.1, min_initatives_annual_reports=50, signal_denominator=Sum_All_Signals, execute_3_filters=True
[240/384] run US_Sweep_Behaviours_0239: esg_choice=none, start_year=2018, no_simple_quantiles=7, mktcap_covered=0.9, alpha_bound=0.1, min_initatives_annual_reports=50, signal_denominator=Sum_All_Signals, execute_3_filters=False
[241/384] run US_Sweep_Behaviours_0240: esg_choice=none, start_year=2018, no_simple_quantiles=7, mktcap_covered=0.95, alpha_bound=0.05, min_initatives_annual_reports=5, signal_denominator=Sum_All_Initiatives, execute_3_filters=True
[242/384] run US_Sweep_Behaviours_0241: esg_choice=none, start_year=2018, no_simple_quantiles=7, mktcap_covered=0.95, alpha_bound=0.05, min_initatives_annual_reports=5, signal_denominator=Sum_All_Initiatives, execute_3_filters=False
[243/384] run US_Sweep_Behaviours_0242: esg_choice=none, start_year=2018, no_simple_quantiles=7, mktcap_covered=0.95, alpha_bound=0.05, min_initatives_annual_reports=5, signal_denominator=Sum_All_Signals, execute_3_filters=True
[244/384] run US_Sweep_Behaviours_0243: esg_choice=none, start_year=2018, no_simple_quantiles=7, mktcap_covered=0.95, alpha_bound=0.05, min_initatives_annual_reports=5, signal_denominator=Sum_All_Signals, execute_3_filters=False
[245/384] run US_Sweep_Behaviours_0244: esg_choice=none, start_year=2018, no_simple_quantiles=7, mktcap_covered=0.95, alpha_bound=0.05, min_initatives_annual_reports=50, signal_denominator=Sum_All_Initiatives, execute_3_filters=True
[246/384] run US_Sweep_Behaviours_0245: esg_choice=none, start_year=2018, no_simple_quantiles=7, mktcap_covered=0.95, alpha_bound=0.05, min_initatives_annual_reports=50, signal_denominator=Sum_All_Initiatives, execute_3_filters=False
[247/384] run US_Sweep_Behaviours_0246: esg_choice=none, start_year=2018, no_simple_quantiles=7, mktcap_covered=0.95, alpha_bound=0.05, min_initatives_annual_reports=50, signal_denominator=Sum_All_Signals, execute_3_filters=True
[248/384] run US_Sweep_Behaviours_0247: esg_choice=none, start_year=2018, no_simple_quantiles=7, mktcap_covered=0.95, alpha_bound=0.05, min_initatives_annual_reports=50, signal_denominator=Sum_All_Signals, execute_3_filters=False
[249/384] run US_Sweep_Behaviours_0248: esg_choice=none, start_year=2018, no_simple_quantiles=7, mktcap_covered=0.95, alpha_bound=0.1, min_initatives_annual_reports=5, signal_denominator=Sum_All_Initiatives, execute_3_filters=True
[250/384] run US_Sweep_Behaviours_0249: esg_choice=none, start_year=2018, no_simple_quantiles=7, mktcap_covered=0.95, alpha_bound=0.1, min_initatives_annual_reports=5, signal_denominator=Sum_All_Initiatives, execute_3_filters=False
[251/384] run US_Sweep_Behaviours_0250: esg_choice=none, start_year=2018, no_simple_quantiles=7, mktcap_covered=0.95, alpha_bound=0.1, min_initatives_annual_reports=5, signal_denominator=Sum_All_Signals, execute_3_filters=True
[252/384] run US_Sweep_Behaviours_0251: esg_choice=none, start_year=2018, no_simple_quantiles=7, mktcap_covered=0.95, alpha_bound=0.1, min_initatives_annual_reports=5, signal_denominator=Sum_All_Signals, execute_3_filters=False
[253/384] run US_Sweep_Behaviours_0252: esg_choice=none, start_year=2018, no_simple_quantiles=7, mktcap_covered=0.95, alpha_bound=0.1, min_initatives_annual_reports=50, signal_denominator=Sum_All_Initiatives, execute_3_filters=True
[254/384] run US_Sweep_Behaviours_0253: esg_choice=none, start_year=2018, no_simple_quantiles=7, mktcap_covered=0.95, alpha_bound=0.1, min_initatives_annual_reports=50, signal_denominator=Sum_All_Initiatives, execute_3_filters=False
[255/384] run US_Sweep_Behaviours_0254: esg_choice=none, start_year=2018, no_simple_quantiles=7, mktcap_covered=0.95, alpha_bound=0.1, min_initatives_annual_reports=50, signal_denominator=Sum_All_Signals, execute_3_filters=True
[256/384] run US_Sweep_Behaviours_0255: esg_choice=none, start_year=2018, no_simple_quantiles=7, mktcap_covered=0.95, alpha_bound=0.1, min_initatives_annual_reports=50, signal_denominator=Sum_All_Signals, execute_3_filters=False
[257/384] run US_Sweep_Behaviours_0256: esg_choice=none, start_year=2018, no_simple_quantiles=10, mktcap_covered=0.9, alpha_bound=0.05, min_initatives_annual_reports=5, signal_denominator=Sum_All_Initiatives, execute_3_filters=True
[258/384] run US_Sweep_Behaviours_0257: esg_choice=none, start_year=2018, no_simple_quantiles=10, mktcap_covered=0.9, alpha_bound=0.05, min_initatives_annual_reports=5, signal_denominator=Sum_All_Initiatives, execute_3_filters=False
[259/384] run US_Sweep_Behaviours_0258: esg_choice=none, start_year=2018, no_simple_quantiles=10, mktcap_covered=0.9, alpha_bound=0.05, min_initatives_annual_reports=5, signal_denominator=Sum_All_Signals, execute_3_filters=True
[260/384] run US_Sweep_Behaviours_0259: esg_choice=none, start_year=2018, no_simple_quantiles=10, mktcap_covered=0.9, alpha_bound=0.05, min_initatives_annual_reports=5, signal_denominator=Sum_All_Signals, execute_3_filters=False
[261/384] run US_Sweep_Behaviours_0260: esg_choice=none, start_year=2018, no_simple_quantiles=10, mktcap_covered=0.9, alpha_bound=0.05, min_initatives_annual_reports=50, signal_denominator=Sum_All_Initiatives, execute_3_filters=True
[262/384] run US_Sweep_Behaviours_0261: esg_choice=none, start_year=2018, no_simple_quantiles=10, mktcap_covered=0.9, alpha_bound=0.05, min_initatives_annual_reports=50, signal_denominator=Sum_All_Initiatives, execute_3_filters=False
[263/384] run US_Sweep_Behaviours_0262: esg_choice=none, start_year=2018, no_simple_quantiles=10, mktcap_covered=0.9, alpha_bound=0.05, min_initatives_annual_reports=50, signal_denominator=Sum_All_Signals, execute_3_filters=True
[264/384] run US_Sweep_Behaviours_0263: esg_choice=none, start_year=2018, no_simple_quantiles=10, mktcap_covered=0.9, alpha_bound=0.05, min_initatives_annual_reports=50, signal_denominator=Sum_All_Signals, execute_3_filters=False
[265/384] run US_Sweep_Behaviours_0264: esg_choice=none, start_year=2018, no_simple_quantiles=10, mktcap_covered=0.9, alpha_bound=0.1, min_initatives_annual_reports=5, signal_denominator=Sum_All_Initiatives, execute_3_filters=True
[266/384] run US_Sweep_Behaviours_0265: esg_choice=none, start_year=2018, no_simple_quantiles=10, mktcap_covered=0.9, alpha_bound=0.1, min_initatives_annual_reports=5, signal_denominator=Sum_All_Initiatives, execute_3_filters=False
[267/384] run US_Sweep_Behaviours_0266: esg_choice=none, start_year=2018, no_simple_quantiles=10, mktcap_covered=0.9, alpha_bound=0.1, min_initatives_annual_reports=5, signal_denominator=Sum_All_Signals, execute_3_filters=True
[268/384] run US_Sweep_Behaviours_0267: esg_choice=none, start_year=2018, no_simple_quantiles=10, mktcap_covered=0.9, alpha_bound=0.1, min_initatives_annual_reports=5, signal_denominator=Sum_All_Signals, execute_3_filters=False
[269/384] run US_Sweep_Behaviours_0268: esg_choice=none, start_year=2018, no_simple_quantiles=10, mktcap_covered=0.9, alpha_bound=0.1, min_initatives_annual_reports=50, signal_denominator=Sum_All_Initiatives, execute_3_filters=True
[270/384] run US_Sweep_Behaviours_0269: esg_choice=none, start_year=2018, no_simple_quantiles=10, mktcap_covered=0.9, alpha_bound=0.1, min_initatives_annual_reports=50, signal_denominator=Sum_All_Initiatives, execute_3_filters=False
[271/384] run US_Sweep_Behaviours_0270: esg_choice=none, start_year=2018, no_simple_quantiles=10, mktcap_covered=0.9, alpha_bound=0.1, min_initatives_annual_reports=50, signal_denominator=Sum_All_Signals, execute_3_filters=True
[272/384] run US_Sweep_Behaviours_0271: esg_choice=none, start_year=2018, no_simple_quantiles=10, mktcap_covered=0.9, alpha_bound=0.1, min_initatives_annual_reports=50, signal_denominator=Sum_All_Signals, execute_3_filters=False
[273/384] run US_Sweep_Behaviours_0272: esg_choice=none, start_year=2018, no_simple_quantiles=10, mktcap_covered=0.95, alpha_bound=0.05, min_initatives_annual_reports=5, signal_denominator=Sum_All_Initiatives, execute_3_filters=True
[274/384] run US_Sweep_Behaviours_0273: esg_choice=none, start_year=2018, no_simple_quantiles=10, mktcap_covered=0.95, alpha_bound=0.05, min_initatives_annual_reports=5, signal_denominator=Sum_All_Initiatives, execute_3_filters=False
[275/384] run US_Sweep_Behaviours_0274: esg_choice=none, start_year=2018, no_simple_quantiles=10, mktcap_covered=0.95, alpha_bound=0.05, min_initatives_annual_reports=5, signal_denominator=Sum_All_Signals, execute_3_filters=True
[276/384] run US_Sweep_Behaviours_0275: esg_choice=none, start_year=2018, no_simple_quantiles=10, mktcap_covered=0.95, alpha_bound=0.05, min_initatives_annual_reports=5, signal_denominator=Sum_All_Signals, execute_3_filters=False
[277/384] run US_Sweep_Behaviours_0276: esg_choice=none, start_year=2018, no_simple_quantiles=10, mktcap_covered=0.95, alpha_bound=0.05, min_initatives_annual_reports=50, signal_denominator=Sum_All_Initiatives, execute_3_filters=True
[278/384] run US_Sweep_Behaviours_0277: esg_choice=none, start_year=2018, no_simple_quantiles=10, mktcap_covered=0.95, alpha_bound=0.05, min_initatives_annual_reports=50, signal_denominator=Sum_All_Initiatives, execute_3_filters=False
[279/384] run US_Sweep_Behaviours_0278: esg_choice=none, start_year=2018, no_simple_quantiles=10, mktcap_covered=0.95, alpha_bound=0.05, min_initatives_annual_reports=50, signal_denominator=Sum_All_Signals, execute_3_filters=True
[280/384] run US_Sweep_Behaviours_0279: esg_choice=none, start_year=2018, no_simple_quantiles=10, mktcap_covered=0.95, alpha_bound=0.05, min_initatives_annual_reports=50, signal_denominator=Sum_All_Signals, execute_3_filters=False
[281/384] run US_Sweep_Behaviours_0280: esg_choice=none, start_year=2018, no_simple_quantiles=10, mktcap_covered=0.95, alpha_bound=0.1, min_initatives_annual_reports=5, signal_denominator=Sum_All_Initiatives, execute_3_filters=True
[282/384] run US_Sweep_Behaviours_0281: esg_choice=none, start_year=2018, no_simple_quantiles=10, mktcap_covered=0.95, alpha_bound=0.1, min_initatives_annual_reports=5, signal_denominator=Sum_All_Initiatives, execute_3_filters=False
[283/384] run US_Sweep_Behaviours_0282: esg_choice=none, start_year=2018, no_simple_quantiles=10, mktcap_covered=0.95, alpha_bound=0.1, min_initatives_annual_reports=5, signal_denominator=Sum_All_Signals, execute_3_filters=True
[284/384] run US_Sweep_Behaviours_0283: esg_choice=none, start_year=2018, no_simple_quantiles=10, mktcap_covered=0.95, alpha_bound=0.1, min_initatives_annual_reports=5, signal_denominator=Sum_All_Signals, execute_3_filters=False
[285/384] run US_Sweep_Behaviours_0284: esg_choice=none, start_year=2018, no_simple_quantiles=10, mktcap_covered=0.95, alpha_bound=0.1, min_initatives_annual_reports=50, signal_denominator=Sum_All_Initiatives, execute_3_filters=True
[286/384] run US_Sweep_Behaviours_0285: esg_choice=none, start_year=2018, no_simple_quantiles=10, mktcap_covered=0.95, alpha_bound=0.1, min_initatives_annual_reports=50, signal_denominator=Sum_All_Initiatives, execute_3_filters=False
[287/384] run US_Sweep_Behaviours_0286: esg_choice=none, start_year=2018, no_simple_quantiles=10, mktcap_covered=0.95, alpha_bound=0.1, min_initatives_annual_reports=50, signal_denominator=Sum_All_Signals, execute_3_filters=True
[288/384] run US_Sweep_Behaviours_0287: esg_choice=none, start_year=2018, no_simple_quantiles=10, mktcap_covered=0.95, alpha_bound=0.1, min_initatives_annual_reports=50, signal_denominator=Sum_All_Signals, execute_3_filters=False
[289/384] run US_Sweep_Behaviours_0288: esg_choice=none, start_year=2020, no_simple_quantiles=6, mktcap_covered=0.9, alpha_bound=0.05, min_initatives_annual_reports=5, signal_denominator=Sum_All_Initiatives, execute_3_filters=True
[290/384] run US_Sweep_Behaviours_0289: esg_choice=none, start_year=2020, no_simple_quantiles=6, mktcap_covered=0.9, alpha_bound=0.05, min_initatives_annual_reports=5, signal_denominator=Sum_All_Initiatives, execute_3_filters=False
[291/384] run US_Sweep_Behaviours_0290: esg_choice=none, start_year=2020, no_simple_quantiles=6, mktcap_covered=0.9, alpha_bound=0.05, min_initatives_annual_reports=5, signal_denominator=Sum_All_Signals, execute_3_filters=True
[292/384] run US_Sweep_Behaviours_0291: esg_choice=none, start_year=2020, no_simple_quantiles=6, mktcap_covered=0.9, alpha_bound=0.05, min_initatives_annual_reports=5, signal_denominator=Sum_All_Signals, execute_3_filters=False
[293/384] run US_Sweep_Behaviours_0292: esg_choice=none, start_year=2020, no_simple_quantiles=6, mktcap_covered=0.9, alpha_bound=0.05, min_initatives_annual_reports=50, signal_denominator=Sum_All_Initiatives, execute_3_filters=True
[294/384] run US_Sweep_Behaviours_0293: esg_choice=none, start_year=2020, no_simple_quantiles=6, mktcap_covered=0.9, alpha_bound=0.05, min_initatives_annual_reports=50, signal_denominator=Sum_All_Initiatives, execute_3_filters=False
[295/384] run US_Sweep_Behaviours_0294: esg_choice=none, start_year=2020, no_simple_quantiles=6, mktcap_covered=0.9, alpha_bound=0.05, min_initatives_annual_reports=50, signal_denominator=Sum_All_Signals, execute_3_filters=True
[296/384] run US_Sweep_Behaviours_0295: esg_choice=none, start_year=2020, no_simple_quantiles=6, mktcap_covered=0.9, alpha_bound=0.05, min_initatives_annual_reports=50, signal_denominator=Sum_All_Signals, execute_3_filters=False
[297/384] run US_Sweep_Behaviours_0296: esg_choice=none, start_year=2020, no_simple_quantiles=6, mktcap_covered=0.9, alpha_bound=0.1, min_initatives_annual_reports=5, signal_denominator=Sum_All_Initiatives, execute_3_filters=True
[298/384] run US_Sweep_Behaviours_0297: esg_choice=none, start_year=2020, no_simple_quantiles=6, mktcap_covered=0.9, alpha_bound=0.1, min_initatives_annual_reports=5, signal_denominator=Sum_All_Initiatives, execute_3_filters=False
[299/384] run US_Sweep_Behaviours_0298: esg_choice=none, start_year=2020, no_simple_quantiles=6, mktcap_covered=0.9, alpha_bound=0.1, min_initatives_annual_reports=5, signal_denominator=Sum_All_Signals, execute_3_filters=True
[300/384] run US_Sweep_Behaviours_0299: esg_choice=none, start_year=2020, no_simple_quantiles=6, mktcap_covered=0.9, alpha_bound=0.1, min_initatives_annual_reports=5, signal_denominator=Sum_All_Signals, execute_3_filters=False
[301/384] run US_Sweep_Behaviours_0300: esg_choice=none, start_year=2020, no_simple_quantiles=6, mktcap_covered=0.9, alpha_bound=0.1, min_initatives_annual_reports=50, signal_denominator=Sum_All_Initiatives, execute_3_filters=True
[302/384] run US_Sweep_Behaviours_0301: esg_choice=none, start_year=2020, no_simple_quantiles=6, mktcap_covered=0.9, alpha_bound=0.1, min_initatives_annual_reports=50, signal_denominator=Sum_All_Initiatives, execute_3_filters=False
[303/384] run US_Sweep_Behaviours_0302: esg_choice=none, start_year=2020, no_simple_quantiles=6, mktcap_covered=0.9, alpha_bound=0.1, min_initatives_annual_reports=50, signal_denominator=Sum_All_Signals, execute_3_filters=True
[304/384] run US_Sweep_Behaviours_0303: esg_choice=none, start_year=2020, no_simple_quantiles=6, mktcap_covered=0.9, alpha_bound=0.1, min_initatives_annual_reports=50, signal_denominator=Sum_All_Signals, execute_3_filters=False
[305/384] run US_Sweep_Behaviours_0304: esg_choice=none, start_year=2020, no_simple_quantiles=6, mktcap_covered=0.95, alpha_bound=0.05, min_initatives_annual_reports=5, signal_denominator=Sum_All_Initiatives, execute_3_filters=True
[306/384] run US_Sweep_Behaviours_0305: esg_choice=none, start_year=2020, no_simple_quantiles=6, mktcap_covered=0.95, alpha_bound=0.05, min_initatives_annual_reports=5, signal_denominator=Sum_All_Initiatives, execute_3_filters=False
[307/384] run US_Sweep_Behaviours_0306: esg_choice=none, start_year=2020, no_simple_quantiles=6, mktcap_covered=0.95, alpha_bound=0.05, min_initatives_annual_reports=5, signal_denominator=Sum_All_Signals, execute_3_filters=True
[308/384] run US_Sweep_Behaviours_0307: esg_choice=none, start_year=2020, no_simple_quantiles=6, mktcap_covered=0.95, alpha_bound=0.05, min_initatives_annual_reports=5, signal_denominator=Sum_All_Signals, execute_3_filters=False
[309/384] run US_Sweep_Behaviours_0308: esg_choice=none, start_year=2020, no_simple_quantiles=6, mktcap_covered=0.95, alpha_bound=0.05, min_initatives_annual_reports=50, signal_denominator=Sum_All_Initiatives, execute_3_filters=True
[310/384] run US_Sweep_Behaviours_0309: esg_choice=none, start_year=2020, no_simple_quantiles=6, mktcap_covered=0.95, alpha_bound=0.05, min_initatives_annual_reports=50, signal_denominator=Sum_All_Initiatives, execute_3_filters=False
[311/384] run US_Sweep_Behaviours_0310: esg_choice=none, start_year=2020, no_simple_quantiles=6, mktcap_covered=0.95, alpha_bound=0.05, min_initatives_annual_reports=50, signal_denominator=Sum_All_Signals, execute_3_filters=True
[312/384] run US_Sweep_Behaviours_0311: esg_choice=none, start_year=2020, no_simple_quantiles=6, mktcap_covered=0.95, alpha_bound=0.05, min_initatives_annual_reports=50, signal_denominator=Sum_All_Signals, execute_3_filters=False
[313/384] run US_Sweep_Behaviours_0312: esg_choice=none, start_year=2020, no_simple_quantiles=6, mktcap_covered=0.95, alpha_bound=0.1, min_initatives_annual_reports=5, signal_denominator=Sum_All_Initiatives, execute_3_filters=True
[314/384] run US_Sweep_Behaviours_0313: esg_choice=none, start_year=2020, no_simple_quantiles=6, mktcap_covered=0.95, alpha_bound=0.1, min_initatives_annual_reports=5, signal_denominator=Sum_All_Initiatives, execute_3_filters=False
[315/384] run US_Sweep_Behaviours_0314: esg_choice=none, start_year=2020, no_simple_quantiles=6, mktcap_covered=0.95, alpha_bound=0.1, min_initatives_annual_reports=5, signal_denominator=Sum_All_Signals, execute_3_filters=True
[316/384] run US_Sweep_Behaviours_0315: esg_choice=none, start_year=2020, no_simple_quantiles=6, mktcap_covered=0.95, alpha_bound=0.1, min_initatives_annual_reports=5, signal_denominator=Sum_All_Signals, execute_3_filters=False
[317/384] run US_Sweep_Behaviours_0316: esg_choice=none, start_year=2020, no_simple_quantiles=6, mktcap_covered=0.95, alpha_bound=0.1, min_initatives_annual_reports=50, signal_denominator=Sum_All_Initiatives, execute_3_filters=True
[318/384] run US_Sweep_Behaviours_0317: esg_choice=none, start_year=2020, no_simple_quantiles=6, mktcap_covered=0.95, alpha_bound=0.1, min_initatives_annual_reports=50, signal_denominator=Sum_All_Initiatives, execute_3_filters=False
[319/384] run US_Sweep_Behaviours_0318: esg_choice=none, start_year=2020, no_simple_quantiles=6, mktcap_covered=0.95, alpha_bound=0.1, min_initatives_annual_reports=50, signal_denominator=Sum_All_Signals, execute_3_filters=True
[320/384] run US_Sweep_Behaviours_0319: esg_choice=none, start_year=2020, no_simple_quantiles=6, mktcap_covered=0.95, alpha_bound=0.1, min_initatives_annual_reports=50, signal_denominator=Sum_All_Signals, execute_3_filters=False
[321/384] run US_Sweep_Behaviours_0320: esg_choice=none, start_year=2020, no_simple_quantiles=7, mktcap_covered=0.9, alpha_bound=0.05, min_initatives_annual_reports=5, signal_denominator=Sum_All_Initiatives, execute_3_filters=True
[322/384] run US_Sweep_Behaviours_0321: esg_choice=none, start_year=2020, no_simple_quantiles=7, mktcap_covered=0.9, alpha_bound=0.05, min_initatives_annual_reports=5, signal_denominator=Sum_All_Initiatives, execute_3_filters=False
[323/384] run US_Sweep_Behaviours_0322: esg_choice=none, start_year=2020, no_simple_quantiles=7, mktcap_covered=0.9, alpha_bound=0.05, min_initatives_annual_reports=5, signal_denominator=Sum_All_Signals, execute_3_filters=True
[324/384] run US_Sweep_Behaviours_0323: esg_choice=none, start_year=2020, no_simple_quantiles=7, mktcap_covered=0.9, alpha_bound=0.05, min_initatives_annual_reports=5, signal_denominator=Sum_All_Signals, execute_3_filters=False
[325/384] run US_Sweep_Behaviours_0324: esg_choice=none, start_year=2020, no_simple_quantiles=7, mktcap_covered=0.9, alpha_bound=0.05, min_initatives_annual_reports=50, signal_denominator=Sum_All_Initiatives, execute_3_filters=True
[326/384] run US_Sweep_Behaviours_0325: esg_choice=none, start_year=2020, no_simple_quantiles=7, mktcap_covered=0.9, alpha_bound=0.05, min_initatives_annual_reports=50, signal_denominator=Sum_All_Initiatives, execute_3_filters=False
[327/384] run US_Sweep_Behaviours_0326: esg_choice=none, start_year=2020, no_simple_quantiles=7, mktcap_covered=0.9, alpha_bound=0.05, min_initatives_annual_reports=50, signal_denominator=Sum_All_Signals, execute_3_filters=True
[328/384] run US_Sweep_Behaviours_0327: esg_choice=none, start_year=2020, no_simple_quantiles=7, mktcap_covered=0.9, alpha_bound=0.05, min_initatives_annual_reports=50, signal_denominator=Sum_All_Signals, execute_3_filters=False
[329/384] run US_Sweep_Behaviours_0328: esg_choice=none, start_year=2020, no_simple_quantiles=7, mktcap_covered=0.9, alpha_bound=0.1, min_initatives_annual_reports=5, signal_denominator=Sum_All_Initiatives, execute_3_filters=True
[330/384] run US_Sweep_Behaviours_0329: esg_choice=none, start_year=2020, no_simple_quantiles=7, mktcap_covered=0.9, alpha_bound=0.1, min_initatives_annual_reports=5, signal_denominator=Sum_All_Initiatives, execute_3_filters=False
[331/384] run US_Sweep_Behaviours_0330: esg_choice=none, start_year=2020, no_simple_quantiles=7, mktcap_covered=0.9, alpha_bound=0.1, min_initatives_annual_reports=5, signal_denominator=Sum_All_Signals, execute_3_filters=True
[332/384] run US_Sweep_Behaviours_0331: esg_choice=none, start_year=2020, no_simple_quantiles=7, mktcap_covered=0.9, alpha_bound=0.1, min_initatives_annual_reports=5, signal_denominator=Sum_All_Signals, execute_3_filters=False
[333/384] run US_Sweep_Behaviours_0332: esg_choice=none, start_year=2020, no_simple_quantiles=7, mktcap_covered=0.9, alpha_bound=0.1, min_initatives_annual_reports=50, signal_denominator=Sum_All_Initiatives, execute_3_filters=True
[334/384] run US_Sweep_Behaviours_0333: esg_choice=none, start_year=2020, no_simple_quantiles=7, mktcap_covered=0.9, alpha_bound=0.1, min_initatives_annual_reports=50, signal_denominator=Sum_All_Initiatives, execute_3_filters=False
[335/384] run US_Sweep_Behaviours_0334: esg_choice=none, start_year=2020, no_simple_quantiles=7, mktcap_covered=0.9, alpha_bound=0.1, min_initatives_annual_reports=50, signal_denominator=Sum_All_Signals, execute_3_filters=True
[336/384] run US_Sweep_Behaviours_0335: esg_choice=none, start_year=2020, no_simple_quantiles=7, mktcap_covered=0.9, alpha_bound=0.1, min_initatives_annual_reports=50, signal_denominator=Sum_All_Signals, execute_3_filters=False
[337/384] run US_Sweep_Behaviours_0336: esg_choice=none, start_year=2020, no_simple_quantiles=7, mktcap_covered=0.95, alpha_bound=0.05, min_initatives_annual_reports=5, signal_denominator=Sum_All_Initiatives, execute_3_filters=True
[338/384] run US_Sweep_Behaviours_0337: esg_choice=none, start_year=2020, no_simple_quantiles=7, mktcap_covered=0.95, alpha_bound=0.05, min_initatives_annual_reports=5, signal_denominator=Sum_All_Initiatives, execute_3_filters=False
[339/384] run US_Sweep_Behaviours_0338: esg_choice=none, start_year=2020, no_simple_quantiles=7, mktcap_covered=0.95, alpha_bound=0.05, min_initatives_annual_reports=5, signal_denominator=Sum_All_Signals, execute_3_filters=True
[340/384] run US_Sweep_Behaviours_0339: esg_choice=none, start_year=2020, no_simple_quantiles=7, mktcap_covered=0.95, alpha_bound=0.05, min_initatives_annual_reports=5, signal_denominator=Sum_All_Signals, execute_3_filters=False
[341/384] run US_Sweep_Behaviours_0340: esg_choice=none, start_year=2020, no_simple_quantiles=7, mktcap_covered=0.95, alpha_bound=0.05, min_initatives_annual_reports=50, signal_denominator=Sum_All_Initiatives, execute_3_filters=True
[342/384] run US_Sweep_Behaviours_0341: esg_choice=none, start_year=2020, no_simple_quantiles=7, mktcap_covered=0.95, alpha_bound=0.05, min_initatives_annual_reports=50, signal_denominator=Sum_All_Initiatives, execute_3_filters=False
[343/384] run US_Sweep_Behaviours_0342: esg_choice=none, start_year=2020, no_simple_quantiles=7, mktcap_covered=0.95, alpha_bound=0.05, min_initatives_annual_reports=50, signal_denominator=Sum_All_Signals, execute_3_filters=True
[344/384] run US_Sweep_Behaviours_0343: esg_choice=none, start_year=2020, no_simple_quantiles=7, mktcap_covered=0.95, alpha_bound=0.05, min_initatives_annual_reports=50, signal_denominator=Sum_All_Signals, execute_3_filters=False
[345/384] run US_Sweep_Behaviours_0344: esg_choice=none, start_year=2020, no_simple_quantiles=7, mktcap_covered=0.95, alpha_bound=0.1, min_initatives_annual_reports=5, signal_denominator=Sum_All_Initiatives, execute_3_filters=True
[346/384] run US_Sweep_Behaviours_0345: esg_choice=none, start_year=2020, no_simple_quantiles=7, mktcap_covered=0.95, alpha_bound=0.1, min_initatives_annual_reports=5, signal_denominator=Sum_All_Initiatives, execute_3_filters=False
[347/384] run US_Sweep_Behaviours_0346: esg_choice=none, start_year=2020, no_simple_quantiles=7, mktcap_covered=0.95, alpha_bound=0.1, min_initatives_annual_reports=5, signal_denominator=Sum_All_Signals, execute_3_filters=True
[348/384] run US_Sweep_Behaviours_0347: esg_choice=none, start_year=2020, no_simple_quantiles=7, mktcap_covered=0.95, alpha_bound=0.1, min_initatives_annual_reports=5, signal_denominator=Sum_All_Signals, execute_3_filters=False
[349/384] run US_Sweep_Behaviours_0348: esg_choice=none, start_year=2020, no_simple_quantiles=7, mktcap_covered=0.95, alpha_bound=0.1, min_initatives_annual_reports=50, signal_denominator=Sum_All_Initiatives, execute_3_filters=True
[350/384] run US_Sweep_Behaviours_0349: esg_choice=none, start_year=2020, no_simple_quantiles=7, mktcap_covered=0.95, alpha_bound=0.1, min_initatives_annual_reports=50, signal_denominator=Sum_All_Initiatives, execute_3_filters=False
[351/384] run US_Sweep_Behaviours_0350: esg_choice=none, start_year=2020, no_simple_quantiles=7, mktcap_covered=0.95, alpha_bound=0.1, min_initatives_annual_reports=50, signal_denominator=Sum_All_Signals, execute_3_filters=True
[352/384] run US_Sweep_Behaviours_0351: esg_choice=none, start_year=2020, no_simple_quantiles=7, mktcap_covered=0.95, alpha_bound=0.1, min_initatives_annual_reports=50, signal_denominator=Sum_All_Signals, execute_3_filters=False
[353/384] run US_Sweep_Behaviours_0352: esg_choice=none, start_year=2020, no_simple_quantiles=10, mktcap_covered=0.9, alpha_bound=0.05, min_initatives_annual_reports=5, signal_denominator=Sum_All_Initiatives, execute_3_filters=True
[354/384] run US_Sweep_Behaviours_0353: esg_choice=none, start_year=2020, no_simple_quantiles=10, mktcap_covered=0.9, alpha_bound=0.05, min_initatives_annual_reports=5, signal_denominator=Sum_All_Initiatives, execute_3_filters=False
[355/384] run US_Sweep_Behaviours_0354: esg_choice=none, start_year=2020, no_simple_quantiles=10, mktcap_covered=0.9, alpha_bound=0.05, min_initatives_annual_reports=5, signal_denominator=Sum_All_Signals, execute_3_filters=True
[356/384] run US_Sweep_Behaviours_0355: esg_choice=none, start_year=2020, no_simple_quantiles=10, mktcap_covered=0.9, alpha_bound=0.05, min_initatives_annual_reports=5, signal_denominator=Sum_All_Signals, execute_3_filters=False
[357/384] run US_Sweep_Behaviours_0356: esg_choice=none, start_year=2020, no_simple_quantiles=10, mktcap_covered=0.9, alpha_bound=0.05, min_initatives_annual_reports=50, signal_denominator=Sum_All_Initiatives, execute_3_filters=True
[358/384] run US_Sweep_Behaviours_0357: esg_choice=none, start_year=2020, no_simple_quantiles=10, mktcap_covered=0.9, alpha_bound=0.05, min_initatives_annual_reports=50, signal_denominator=Sum_All_Initiatives, execute_3_filters=False
[359/384] run US_Sweep_Behaviours_0358: esg_choice=none, start_year=2020, no_simple_quantiles=10, mktcap_covered=0.9, alpha_bound=0.05, min_initatives_annual_reports=50, signal_denominator=Sum_All_Signals, execute_3_filters=True
[360/384] run US_Sweep_Behaviours_0359: esg_choice=none, start_year=2020, no_simple_quantiles=10, mktcap_covered=0.9, alpha_bound=0.05, min_initatives_annual_reports=50, signal_denominator=Sum_All_Signals, execute_3_filters=False
[361/384] run US_Sweep_Behaviours_0360: esg_choice=none, start_year=2020, no_simple_quantiles=10, mktcap_covered=0.9, alpha_bound=0.1, min_initatives_annual_reports=5, signal_denominator=Sum_All_Initiatives, execute_3_filters=True
[362/384] run US_Sweep_Behaviours_0361: esg_choice=none, start_year=2020, no_simple_quantiles=10, mktcap_covered=0.9, alpha_bound=0.1, min_initatives_annual_reports=5, signal_denominator=Sum_All_Initiatives, execute_3_filters=False
[363/384] run US_Sweep_Behaviours_0362: esg_choice=none, start_year=2020, no_simple_quantiles=10, mktcap_covered=0.9, alpha_bound=0.1, min_initatives_annual_reports=5, signal_denominator=Sum_All_Signals, execute_3_filters=True
[364/384] run US_Sweep_Behaviours_0363: esg_choice=none, start_year=2020, no_simple_quantiles=10, mktcap_covered=0.9, alpha_bound=0.1, min_initatives_annual_reports=5, signal_denominator=Sum_All_Signals, execute_3_filters=False
[365/384] run US_Sweep_Behaviours_0364: esg_choice=none, start_year=2020, no_simple_quantiles=10, mktcap_covered=0.9, alpha_bound=0.1, min_initatives_annual_reports=50, signal_denominator=Sum_All_Initiatives, execute_3_filters=True
[366/384] run US_Sweep_Behaviours_0365: esg_choice=none, start_year=2020, no_simple_quantiles=10, mktcap_covered=0.9, alpha_bound=0.1, min_initatives_annual_reports=50, signal_denominator=Sum_All_Initiatives, execute_3_filters=False
[367/384] run US_Sweep_Behaviours_0366: esg_choice=none, start_year=2020, no_simple_quantiles=10, mktcap_covered=0.9, alpha_bound=0.1, min_initatives_annual_reports=50, signal_denominator=Sum_All_Signals, execute_3_filters=True
[368/384] run US_Sweep_Behaviours_0367: esg_choice=none, start_year=2020, no_simple_quantiles=10, mktcap_covered=0.9, alpha_bound=0.1, min_initatives_annual_reports=50, signal_denominator=Sum_All_Signals, execute_3_filters=False
[369/384] run US_Sweep_Behaviours_0368: esg_choice=none, start_year=2020, no_simple_quantiles=10, mktcap_covered=0.95, alpha_bound=0.05, min_initatives_annual_reports=5, signal_denominator=Sum_All_Initiatives, execute_3_filters=True
[370/384] run US_Sweep_Behaviours_0369: esg_choice=none, start_year=2020, no_simple_quantiles=10, mktcap_covered=0.95, alpha_bound=0.05, min_initatives_annual_reports=5, signal_denominator=Sum_All_Initiatives, execute_3_filters=False
[371/384] run US_Sweep_Behaviours_0370: esg_choice=none, start_year=2020, no_simple_quantiles=10, mktcap_covered=0.95, alpha_bound=0.05, min_initatives_annual_reports=5, signal_denominator=Sum_All_Signals, execute_3_filters=True
[372/384] run US_Sweep_Behaviours_0371: esg_choice=none, start_year=2020, no_simple_quantiles=10, mktcap_covered=0.95, alpha_bound=0.05, min_initatives_annual_reports=5, signal_denominator=Sum_All_Signals, execute_3_filters=False
[373/384] run US_Sweep_Behaviours_0372: esg_choice=none, start_year=2020, no_simple_quantiles=10, mktcap_covered=0.95, alpha_bound=0.05, min_initatives_annual_reports=50, signal_denominator=Sum_All_Initiatives, execute_3_filters=True
[374/384] run US_Sweep_Behaviours_0373: esg_choice=none, start_year=2020, no_simple_quantiles=10, mktcap_covered=0.95, alpha_bound=0.05, min_initatives_annual_reports=50, signal_denominator=Sum_All_Initiatives, execute_3_filters=False
[375/384] run US_Sweep_Behaviours_0374: esg_choice=none, start_year=2020, no_simple_quantiles=10, mktcap_covered=0.95, alpha_bound=0.05, min_initatives_annual_reports=50, signal_denominator=Sum_All_Signals, execute_3_filters=True
[376/384] run US_Sweep_Behaviours_0375: esg_choice=none, start_year=2020, no_simple_quantiles=10, mktcap_covered=0.95, alpha_bound=0.05, min_initatives_annual_reports=50, signal_denominator=Sum_All_Signals, execute_3_filters=False
[377/384] run US_Sweep_Behaviours_0376: esg_choice=none, start_year=2020, no_simple_quantiles=10, mktcap_covered=0.95, alpha_bound=0.1, min_initatives_annual_reports=5, signal_denominator=Sum_All_Initiatives, execute_3_filters=True
[378/384] run US_Sweep_Behaviours_0377: esg_choice=none, start_year=2020, no_simple_quantiles=10, mktcap_covered=0.95, alpha_bound=0.1, min_initatives_annual_reports=5, signal_denominator=Sum_All_Initiatives, execute_3_filters=False
[379/384] run US_Sweep_Behaviours_0378: esg_choice=none, start_year=2020, no_simple_quantiles=10, mktcap_covered=0.95, alpha_bound=0.1, min_initatives_annual_reports=5, signal_denominator=Sum_All_Signals, execute_3_filters=True
[380/384] run US_Sweep_Behaviours_0379: esg_choice=none, start_year=2020, no_simple_quantiles=10, mktcap_covered=0.95, alpha_bound=0.1, min_initatives_annual_reports=5, signal_denominator=Sum_All_Signals, execute_3_filters=False
[381/384] run US_Sweep_Behaviours_0380: esg_choice=none, start_year=2020, no_simple_quantiles=10, mktcap_covered=0.95, alpha_bound=0.1, min_initatives_annual_reports=50, signal_denominator=Sum_All_Initiatives, execute_3_filters=True
[382/384] run US_Sweep_Behaviours_0381: esg_choice=none, start_year=2020, no_simple_quantiles=10, mktcap_covered=0.95, alpha_bound=0.1, min_initatives_annual_reports=50, signal_denominator=Sum_All_Initiatives, execute_3_filters=False
[383/384] run US_Sweep_Behaviours_0382: esg_choice=none, start_year=2020, no_simple_quantiles=10, mktcap_covered=0.95, alpha_bound=0.1, min_initatives_annual_reports=50, signal_denominator=Sum_All_Signals, execute_3_filters=True
[384/384] run US_Sweep_Behaviours_0383: esg_choice=none, start_year=2020, no_simple_quantiles=10, mktcap_covered=0.95, alpha_bound=0.1, min_initatives_annual_reports=50, signal_denominator=Sum_All_Signals, execute_3_filters=False
