/Users/cbruce1/Documents/GitHub/modular_fund_analysis/functions/data_functions/get_data.py:336: FutureWarning: Downcasting object dtype arrays on .fillna, .ffill, .bfill is deprecated and will change in a future version. Call result.infer_objects(copy=False) instead. To opt-in to the future behavior, set `pd.set_option('future.no_silent_downcasting', True)`
  fx_rates = fx_rates.ffill(axis=0)
/Users/cbruce1/Documents/GitHub/modular_fund_analysis/functions/data_functions/get_data.py:336: FutureWarning: Downcasting object dtype arrays on .fillna, .ffill, .bfill is deprecated and will change in a future version. Call result.infer_objects(copy=False) instead. To opt-in to the future behavior, set `pd.set_option('future.no_silent_downcasting', True)`
  fx_rates = fx_rates.ffill(axis=0)
/Users/cbruce1/Documents/GitHub/modular_fund_analysis/functions/data_functions/get_data.py:336: FutureWarning: Downcasting object dtype arrays on .fillna, .ffill, .bfill is deprecated and will change in a future version. Call result.infer_objects(copy=False) instead. To opt-in to the future behavior, set `pd.set_option('future.no_silent_downcasting', True)`
  fx_rates = fx_rates.ffill(axis=0)
/Users/cbruce1/Documents/GitHub/modular_fund_analysis/functions/data_functions/get_data.py:336: FutureWarning: Downcasting object dtype arrays on .fillna, .ffill, .bfill is deprecated and will change in a future version. Call result.infer_objects(copy=False) instead. To opt-in to the future behavior, set `pd.set_option('future.no_silent_downcasting', True)`
  fx_rates = fx_rates.ffill(axis=0)
/Users/cbruce1/Documents/GitHub/modular_fund_analysis/functions/data_functions/get_data.py:336: FutureWarning: Downcasting object dtype arrays on .fillna, .ffill, .bfill is deprecated and will change in a future version. Call result.infer_objects(copy=False) instead. To opt-in to the future behavior, set `pd.set_option('future.no_silent_downcasting', True)`
  fx_rates = fx_rates.ffill(axis=0)
/Users/cbruce1/Documents/GitHub/modular_fund_analysis/functions/data_functions/get_data.py:336: FutureWarning: Downcasting object dtype arrays on .fillna, .ffill, .bfill is deprecated and will change in a future version. Call result.infer_objects(copy=False) instead. To opt-in to the future behavior, set `pd.set_option('future.no_silent_downcasting', True)`
  fx_rates = fx_rates.ffill(axis=0)
/Users/cbruce1/Documents/GitHub/modular_fund_analysis/functions/data_functions/get_data.py:336: FutureWarning: Downcasting object dtype arrays on .fillna, .ffill, .bfill is deprecated and will change in a future version. Call result.infer_objects(copy=False) instead. To opt-in to the future behavior, set `pd.set_option('future.no_silent_downcasting', True)`
  fx_rates = fx_rates.ffill(axis=0)
/Users/cbruce1/Documents/GitHub/modular_fund_analysis/functions/data_functions/get_data.py:336: FutureWarning: Downcasting object dtype arrays on .fillna, .ffill, .bfill is deprecated and will change in a future version. Call result.infer_objects(copy=False) instead. To opt-in to the future behavior, set `pd.set_option('future.no_silent_downcasting', True)`
  fx_rates = fx_rates.ffill(axis=0)
/Users/cbruce1/Documents/GitHub/modular_fund_analysis/functions/data_functions/get_data.py:336: FutureWarning: Downcasting object dtype arrays on .fillna, .ffill, .bfill is deprecated and will change in a future version. Call result.infer_objects(copy=False) instead. To opt-in to the future behavior, set `pd.set_option('future.no_silent_downcasting', True)`
  fx_rates = fx_rates.ffill(axis=0)
/Users/cbruce1/Documents/GitHub/modular_fund_analysis/functions/data_functions/get_data.py:336: FutureWarning: Downcasting object dtype arrays on .fillna, .ffill, .bfill is deprecated and will change in a future version. Call result.infer_objects(copy=False) instead. To opt-in to the future behavior, set `pd.set_option('future.no_silent_downcasting', True)`
  fx_rates = fx_rates.ffill(axis=0)
/Users/cbruce1/Documents/GitHub/modular_fund_analysis/functions/data_functions/get_data.py:336: FutureWarning: Downcasting object dtype arrays on .fillna, .ffill, .bfill is deprecated and will change in a future version. Call result.infer_objects(copy=False) instead. To opt-in to the future behavior, set `pd.set_option('future.no_silent_downcasting', True)`
  fx_rates = fx_rates.ffill(axis=0)
/Users/cbruce1/Documents/GitHub/modular_fund_analysis/functions/data_functions/get_data.py:336: FutureWarning: Downcasting object dtype arrays on .fillna, .ffill, .bfill is deprecated and will change in a future version. Call result.infer_objects(copy=False) instead. To opt-in to the future behavior, set `pd.set_option('future.no_silent_downcasting', True)`
  fx_rates = fx_rates.ffill(axis=0)
/Users/cbruce1/Documents/GitHub/modular_fund_analysis/functions/data_functions/get_data.py:336: FutureWarning: Downcasting object dtype arrays on .fillna, .ffill, .bfill is deprecated and will change in a future version. Call result.infer_objects(copy=False) instead. To opt-in to the future behavior, set `pd.set_option('future.no_silent_downcasting', True)`
  fx_rates = fx_rates.ffill(axis=0)
/Users/cbruce1/Documents/GitHub/modular_fund_analysis/functions/data_functions/get_data.py:336: FutureWarning: Downcasting object dtype arrays on .fillna, .ffill, .bfill is deprecated and will change in a future version. Call result.infer_objects(copy=False) instead. To opt-in to the future behavior, set `pd.set_option('future.no_silent_downcasting', True)`
  fx_rates = fx_rates.ffill(axis=0)
/Users/cbruce1/Documents/GitHub/modular_fund_analysis/functions/data_functions/get_data.py:336: FutureWarning: Downcasting object dtype arrays on .fillna, .ffill, .bfill is deprecated and will change in a future version. Call result.infer_objects(copy=False) instead. To opt-in to the future behavior, set `pd.set_option('future.no_silent_downcasting', True)`
  fx_rates = fx_rates.ffill(axis=0)
/Users/cbruce1/Documents/GitHub/modular_fund_analysis/functions/data_functions/get_data.py:336: FutureWarning: Downcasting object dtype arrays on .fillna, .ffill, .bfill is deprecated and will change in a future version. Call result.infer_objects(copy=False) instead. To opt-in to the future behavior, set `pd.set_option('future.no_silent_downcasting', True)`
  fx_rates = fx_rates.ffill(axis=0)
/Users/cbruce1/Documents/GitHub/modular_fund_analysis/functions/data_functions/get_data.py:336: FutureWarning: Downcasting object dtype arrays on .fillna, .ffill, .bfill is deprecated and will change in a future version. Call result.infer_objects(copy=False) instead. To opt-in to the future behavior, set `pd.set_option('future.no_silent_downcasting', True)`
  fx_rates = fx_rates.ffill(axis=0)
/Users/cbruce1/Documents/GitHub/modular_fund_analysis/functions/data_functions/get_data.py:336: FutureWarning: Downcasting object dtype arrays on .fillna, .ffill, .bfill is deprecated and will change in a future version. Call result.infer_objects(copy=False) instead. To opt-in to the future behavior, set `pd.set_option('future.no_silent_downcasting', True)`
  fx_rates = fx_rates.ffill(axis=0)
/Users/cbruce1/Documents/GitHub/modular_fund_analysis/functions/data_functions/get_data.py:336: FutureWarning: Downcasting object dtype arrays on .fillna, .ffill, .bfill is deprecated and will change in a future version. Call result.infer_objects(copy=False) instead. To opt-in to the future behavior, set `pd.set_option('future.no_silent_downcasting', True)`
  fx_rates = fx_rates.ffill(axis=0)
/Users/cbruce1/Documents/GitHub/modular_fund_analysis/functions/data_functions/get_data.py:336: FutureWarning: Downcasting object dtype arrays on .fillna, .ffill, .bfill is deprecated and will change in a future version. Call result.infer_objects(copy=False) instead. To opt-in to the future behavior, set `pd.set_option('future.no_silent_downcasting', True)`
  fx_rates = fx_rates.ffill(axis=0)
/Users/cbruce1/Documents/GitHub/modular_fund_analysis/functions/data_functions/get_data.py:336: FutureWarning: Downcasting object dtype arrays on .fillna, .ffill, .bfill is deprecated and will change in a future version. Call result.infer_objects(copy=False) instead. To opt-in to the future behavior, set `pd.set_option('future.no_silent_downcasting', True)`
  fx_rates = fx_rates.ffill(axis=0)
/Users/cbruce1/Documents/GitHub/modular_fund_analysis/functions/data_functions/get_data.py:336: FutureWarning: Downcasting object dtype arrays on .fillna, .ffill, .bfill is deprecated and will change in a future version. Call result.infer_objects(copy=False) instead. To opt-in to the future behavior, set `pd.set_option('future.no_silent_downcasting', True)`
  fx_rates = fx_rates.ffill(axis=0)
/Users/cbruce1/Documents/GitHub/modular_fund_analysis/functions/data_functions/get_data.py:336: FutureWarning: Downcasting object dtype arrays on .fillna, .ffill, .bfill is deprecated and will change in a future version. Call result.infer_objects(copy=False) instead. To opt-in to the future behavior, set `pd.set_option('future.no_silent_downcasting', True)`
  fx_rates = fx_rates.ffill(axis=0)
/Users/cbruce1/Documents/GitHub/modular_fund_analysis/functions/data_functions/get_data.py:336: FutureWarning: Downcasting object dtype arrays on .fillna, .ffill, .bfill is deprecated and will change in a future version. Call result.infer_objects(copy=False) instead. To opt-in to the future behavior, set `pd.set_option('future.no_silent_downcasting', True)`
  fx_rates = fx_rates.ffill(axis=0)
/Users/cbruce1/Documents/GitHub/modular_fund_analysis/functions/data_functions/get_data.py:336: FutureWarning: Downcasting object dtype arrays on .fillna, .ffill, .bfill is deprecated and will change in a future version. Call result.infer_objects(copy=False) instead. To opt-in to the future behavior, set `pd.set_option('future.no_silent_downcasting', True)`
  fx_rates = fx_rates.ffill(axis=0)
/Users/cbruce1/Documents/GitHub/modular_fund_analysis/functions/data_functions/get_data.py:336: FutureWarning: Downcasting object dtype arrays on .fillna, .ffill, .bfill is deprecated and will change in a future version. Call result.infer_objects(copy=False) instead. To opt-in to the future behavior, set `pd.set_option('future.no_silent_downcasting', True)`
  fx_rates = fx_rates.ffill(axis=0)
/Users/cbruce1/Documents/GitHub/modular_fund_analysis/functions/data_functions/get_data.py:336: FutureWarning: Downcasting object dtype arrays on .fillna, .ffill, .bfill is deprecated and will change in a future version. Call result.infer_objects(copy=False) instead. To opt-in to the future behavior, set `pd.set_option('future.no_silent_downcasting', True)`
  fx_rates = fx_rates.ffill(axis=0)
/Users/cbruce1/Documents/GitHub/modular_fund_analysis/functions/data_functions/get_data.py:336: FutureWarning: Downcasting object dtype arrays on .fillna, .ffill, .bfill is deprecated and will change in a future version. Call result.infer_objects(copy=False) instead. To opt-in to the future behavior, set `pd.set_option('future.no_silent_downcasting', True)`
  fx_rates = fx_rates.ffill(axis=0)
/Users/cbruce1/Documents/GitHub/modular_fund_analysis/functions/data_functions/get_data.py:336: FutureWarning: Downcasting object dtype arrays on .fillna, .ffill, .bfill is deprecated and will change in a future version. Call result.infer_objects(copy=False) instead. To opt-in to the future behavior, set `pd.set_option('future.no_silent_downcasting', True)`
  fx_rates = fx_rates.ffill(axis=0)
/Users/cbruce1/Documents/GitHub/modular_fund_analysis/functions/data_functions/get_data.py:336: FutureWarning: Downcasting object dtype arrays on .fillna, .ffill, .bfill is deprecated and will change in a future version. Call result.infer_objects(copy=False) instead. To opt-in to the future behavior, set `pd.set_option('future.no_silent_downcasting', True)`
  fx_rates = fx_rates.ffill(axis=0)
/Users/cbruce1/Documents/GitHub/modular_fund_analysis/functions/data_functions/get_data.py:336: FutureWarning: Downcasting object dtype arrays on .fillna, .ffill, .bfill is deprecated and will change in a future version. Call result.infer_objects(copy=False) instead. To opt-in to the future behavior, set `pd.set_option('future.no_silent_downcasting', True)`
  fx_rates = fx_rates.ffill(axis=0)
/Users/cbruce1/Documents/GitHub/modular_fund_analysis/functions/data_functions/get_data.py:336: FutureWarning: Downcasting object dtype arrays on .fillna, .ffill, .bfill is deprecated and will change in a future version. Call result.infer_objects(copy=False) instead. To opt-in to the future behavior, set `pd.set_option('future.no_silent_downcasting', True)`
  fx_rates = fx_rates.ffill(axis=0)
/Users/cbruce1/Documents/GitHub/modular_fund_analysis/functions/data_functions/get_data.py:336: FutureWarning: Downcasting object dtype arrays on .fillna, .ffill, .bfill is deprecated and will change in a future version. Call result.infer_objects(copy=False) instead. To opt-in to the future behavior, set `pd.set_option('future.no_silent_downcasting', True)`
  fx_rates = fx_rates.ffill(axis=0)
/Users/cbruce1/Documents/GitHub/modular_fund_analysis/functions/data_functions/get_data.py:336: FutureWarning: Downcasting object dtype arrays on .fillna, .ffill, .bfill is deprecated and will change in a future version. Call result.infer_objects(copy=False) instead. To opt-in to the future behavior, set `pd.set_option('future.no_silent_downcasting', True)`
  fx_rates = fx_rates.ffill(axis=0)
/Users/cbruce1/Documents/GitHub/modular_fund_analysis/functions/data_functions/get_data.py:336: FutureWarning: Downcasting object dtype arrays on .fillna, .ffill, .bfill is deprecated and will change in a future version. Call result.infer_objects(copy=False) instead. To opt-in to the future behavior, set `pd.set_option('future.no_silent_downcasting', True)`
  fx_rates = fx_rates.ffill(axis=0)
/Users/cbruce1/Documents/GitHub/modular_fund_analysis/functions/data_functions/get_data.py:336: FutureWarning: Downcasting object dtype arrays on .fillna, .ffill, .bfill is deprecated and will change in a future version. Call result.infer_objects(copy=False) instead. To opt-in to the future behavior, set `pd.set_option('future.no_silent_downcasting', True)`
  fx_rates = fx_rates.ffill(axis=0)
/Users/cbruce1/Documents/GitHub/modular_fund_analysis/functions/data_functions/get_data.py:336: FutureWarning: Downcasting object dtype arrays on .fillna, .ffill, .bfill is deprecated and will change in a future version. Call result.infer_objects(copy=False) instead. To opt-in to the future behavior, set `pd.set_option('future.no_silent_downcasting', True)`
  fx_rates = fx_rates.ffill(axis=0)
/Users/cbruce1/Documents/GitHub/modular_fund_analysis/functions/data_functions/get_data.py:336: FutureWarning: Downcasting object dtype arrays on .fillna, .ffill, .bfill is deprecated and will change in a future version. Call result.infer_objects(copy=False) instead. To opt-in to the future behavior, set `pd.set_option('future.no_silent_downcasting', True)`
  fx_rates = fx_rates.ffill(axis=0)
/Users/cbruce1/Documents/GitHub/modular_fund_analysis/functions/data_functions/get_data.py:336: FutureWarning: Downcasting object dtype arrays on .fillna, .ffill, .bfill is deprecated and will change in a future version. Call result.infer_objects(copy=False) instead. To opt-in to the future behavior, set `pd.set_option('future.no_silent_downcasting', True)`
  fx_rates = fx_rates.ffill(axis=0)
/Users/cbruce1/Documents/GitHub/modular_fund_analysis/functions/data_functions/get_data.py:336: FutureWarning: Downcasting object dtype arrays on .fillna, .ffill, .bfill is deprecated and will change in a future version. Call result.infer_objects(copy=False) instead. To opt-in to the future behavior, set `pd.set_option('future.no_silent_downcasting', True)`
  fx_rates = fx_rates.ffill(axis=0)
/Users/cbruce1/Documents/GitHub/modular_fund_analysis/functions/data_functions/get_data.py:336: FutureWarning: Downcasting object dtype arrays on .fillna, .ffill, .bfill is deprecated and will change in a future version. Call result.infer_objects(copy=False) instead. To opt-in to the future behavior, set `pd.set_option('future.no_silent_downcasting', True)`
  fx_rates = fx_rates.ffill(axis=0)
/Users/cbruce1/Documents/GitHub/modular_fund_analysis/functions/data_functions/get_data.py:336: FutureWarning: Downcasting object dtype arrays on .fillna, .ffill, .bfill is deprecated and will change in a future version. Call result.infer_objects(copy=False) instead. To opt-in to the future behavior, set `pd.set_option('future.no_silent_downcasting', True)`
  fx_rates = fx_rates.ffill(axis=0)
/Users/cbruce1/Documents/GitHub/modular_fund_analysis/functions/data_functions/get_data.py:336: FutureWarning: Downcasting object dtype arrays on .fillna, .ffill, .bfill is deprecated and will change in a future version. Call result.infer_objects(copy=False) instead. To opt-in to the future behavior, set `pd.set_option('future.no_silent_downcasting', True)`
  fx_rates = fx_rates.ffill(axis=0)
/Users/cbruce1/Documents/GitHub/modular_fund_analysis/functions/data_functions/get_data.py:336: FutureWarning: Downcasting object dtype arrays on .fillna, .ffill, .bfill is deprecated and will change in a future version. Call result.infer_objects(copy=False) instead. To opt-in to the future behavior, set `pd.set_option('future.no_silent_downcasting', True)`
  fx_rates = fx_rates.ffill(axis=0)
/Users/cbruce1/Documents/GitHub/modular_fund_analysis/functions/data_functions/get_data.py:336: FutureWarning: Downcasting object dtype arrays on .fillna, .ffill, .bfill is deprecated and will change in a future version. Call result.infer_objects(copy=False) instead. To opt-in to the future behavior, set `pd.set_option('future.no_silent_downcasting', True)`
  fx_rates = fx_rates.ffill(axis=0)
/Users/cbruce1/Documents/GitHub/modular_fund_analysis/functions/data_functions/get_data.py:336: FutureWarning: Downcasting object dtype arrays on .fillna, .ffill, .bfill is deprecated and will change in a future version. Call result.infer_objects(copy=False) instead. To opt-in to the future behavior, set `pd.set_option('future.no_silent_downcasting', True)`
  fx_rates = fx_rates.ffill(axis=0)
/Users/cbruce1/Documents/GitHub/modular_fund_analysis/functions/data_functions/get_data.py:336: FutureWarning: Downcasting object dtype arrays on .fillna, .ffill, .bfill is deprecated and will change in a future version. Call result.infer_objects(copy=False) instead. To opt-in to the future behavior, set `pd.set_option('future.no_silent_downcasting', True)`
  fx_rates = fx_rates.ffill(axis=0)
/Users/cbruce1/Documents/GitHub/modular_fund_analysis/functions/data_functions/get_data.py:336: FutureWarning: Downcasting object dtype arrays on .fillna, .ffill, .bfill is deprecated and will change in a future version. Call result.infer_objects(copy=False) instead. To opt-in to the future behavior, set `pd.set_option('future.no_silent_downcasting', True)`
  fx_rates = fx_rates.ffill(axis=0)
/Users/cbruce1/Documents/GitHub/modular_fund_analysis/functions/data_functions/get_data.py:336: FutureWarning: Downcasting object dtype arrays on .fillna, .ffill, .bfill is deprecated and will change in a future version. Call result.infer_objects(copy=False) instead. To opt-in to the future behavior, set `pd.set_option('future.no_silent_downcasting', True)`
  fx_rates = fx_rates.ffill(axis=0)
/Users/cbruce1/Documents/GitHub/modular_fund_analysis/functions/data_functions/get_data.py:336: FutureWarning: Downcasting object dtype arrays on .fillna, .ffill, .bfill is deprecated and will change in a future version. Call result.infer_objects(copy=False) instead. To opt-in to the future behavior, set `pd.set_option('future.no_silent_downcasting', True)`
  fx_rates = fx_rates.ffill(axis=0)
/Users/cbruce1/Documents/GitHub/modular_fund_analysis/functions/data_functions/get_data.py:336: FutureWarning: Downcasting object dtype arrays on .fillna, .ffill, .bfill is deprecated and will change in a future version. Call result.infer_objects(copy=False) instead. To opt-in to the future behavior, set `pd.set_option('future.no_silent_downcasting', True)`
  fx_rates = fx_rates.ffill(axis=0)
/Users/cbruce1/Documents/GitHub/modular_fund_analysis/functions/data_functions/get_data.py:336: FutureWarning: Downcasting object dtype arrays on .fillna, .ffill, .bfill is deprecated and will change in a future version. Call result.infer_objects(copy=False) instead. To opt-in to the future behavior, set `pd.set_option('future.no_silent_downcasting', True)`
  fx_rates = fx_rates.ffill(axis=0)
/Users/cbruce1/Documents/GitHub/modular_fund_analysis/functions/data_functions/get_data.py:336: FutureWarning: Downcasting object dtype arrays on .fillna, .ffill, .bfill is deprecated and will change in a future version. Call result.infer_objects(copy=False) instead. To opt-in to the future behavior, set `pd.set_option('future.no_silent_downcasting', True)`
  fx_rates = fx_rates.ffill(axis=0)
/Users/cbruce1/Documents/GitHub/modular_fund_analysis/functions/data_functions/get_data.py:336: FutureWarning: Downcasting object dtype arrays on .fillna, .ffill, .bfill is deprecated and will change in a future version. Call result.infer_objects(copy=False) instead. To opt-in to the future behavior, set `pd.set_option('future.no_silent_downcasting', True)`
  fx_rates = fx_rates.ffill(axis=0)
/Users/cbruce1/Documents/GitHub/modular_fund_analysis/functions/data_functions/get_data.py:336: FutureWarning: Downcasting object dtype arrays on .fillna, .ffill, .bfill is deprecated and will change in a future version. Call result.infer_objects(copy=False) instead. To opt-in to the future behavior, set `pd.set_option('future.no_silent_downcasting', True)`
  fx_rates = fx_rates.ffill(axis=0)
/Users/cbruce1/Documents/GitHub/modular_fund_analysis/functions/data_functions/get_data.py:336: FutureWarning: Downcasting object dtype arrays on .fillna, .ffill, .bfill is deprecated and will change in a future version. Call result.infer_objects(copy=False) instead. To opt-in to the future behavior, set `pd.set_option('future.no_silent_downcasting', True)`
  fx_rates = fx_rates.ffill(axis=0)
/Users/cbruce1/Documents/GitHub/modular_fund_analysis/functions/data_functions/get_data.py:336: FutureWarning: Downcasting object dtype arrays on .fillna, .ffill, .bfill is deprecated and will change in a future version. Call result.infer_objects(copy=False) instead. To opt-in to the future behavior, set `pd.set_option('future.no_silent_downcasting', True)`
  fx_rates = fx_rates.ffill(axis=0)
/Users/cbruce1/Documents/GitHub/modular_fund_analysis/functions/data_functions/get_data.py:336: FutureWarning: Downcasting object dtype arrays on .fillna, .ffill, .bfill is deprecated and will change in a future version. Call result.infer_objects(copy=False) instead. To opt-in to the future behavior, set `pd.set_option('future.no_silent_downcasting', True)`
  fx_rates = fx_rates.ffill(axis=0)
/Users/cbruce1/Documents/GitHub/modular_fund_analysis/functions/data_functions/get_data.py:336: FutureWarning: Downcasting object dtype arrays on .fillna, .ffill, .bfill is deprecated and will change in a future version. Call result.infer_objects(copy=False) instead. To opt-in to the future behavior, set `pd.set_option('future.no_silent_downcasting', True)`
  fx_rates = fx_rates.ffill(axis=0)
/Users/cbruce1/Documents/GitHub/modular_fund_analysis/functions/data_functions/get_data.py:336: FutureWarning: Downcasting object dtype arrays on .fillna, .ffill, .bfill is deprecated and will change in a future version. Call result.infer_objects(copy=False) instead. To opt-in to the future behavior, set `pd.set_option('future.no_silent_downcasting', True)`
  fx_rates = fx_rates.ffill(axis=0)
/Users/cbruce1/Documents/GitHub/modular_fund_analysis/functions/data_functions/get_data.py:336: FutureWarning: Downcasting object dtype arrays on .fillna, .ffill, .bfill is deprecated and will change in a future version. Call result.infer_objects(copy=False) instead. To opt-in to the future behavior, set `pd.set_option('future.no_silent_downcasting', True)`
  fx_rates = fx_rates.ffill(axis=0)
/Users/cbruce1/Documents/GitHub/modular_fund_analysis/functions/data_functions/get_data.py:336: FutureWarning: Downcasting object dtype arrays on .fillna, .ffill, .bfill is deprecated and will change in a future version. Call result.infer_objects(copy=False) instead. To opt-in to the future behavior, set `pd.set_option('future.no_silent_downcasting', True)`
  fx_rates = fx_rates.ffill(axis=0)
/Users/cbruce1/Documents/GitHub/modular_fund_analysis/functions/data_functions/get_data.py:336: FutureWarning: Downcasting object dtype arrays on .fillna, .ffill, .bfill is deprecated and will change in a future version. Call result.infer_objects(copy=False) instead. To opt-in to the future behavior, set `pd.set_option('future.no_silent_downcasting', True)`
  fx_rates = fx_rates.ffill(axis=0)
/Users/cbruce1/Documents/GitHub/modular_fund_analysis/functions/data_functions/get_data.py:336: FutureWarning: Downcasting object dtype arrays on .fillna, .ffill, .bfill is deprecated and will change in a future version. Call result.infer_objects(copy=False) instead. To opt-in to the future behavior, set `pd.set_option('future.no_silent_downcasting', True)`
  fx_rates = fx_rates.ffill(axis=0)
/Users/cbruce1/Documents/GitHub/modular_fund_analysis/functions/data_functions/get_data.py:336: FutureWarning: Downcasting object dtype arrays on .fillna, .ffill, .bfill is deprecated and will change in a future version. Call result.infer_objects(copy=False) instead. To opt-in to the future behavior, set `pd.set_option('future.no_silent_downcasting', True)`
  fx_rates = fx_rates.ffill(axis=0)
/Users/cbruce1/Documents/GitHub/modular_fund_analysis/functions/data_functions/get_data.py:336: FutureWarning: Downcasting object dtype arrays on .fillna, .ffill, .bfill is deprecated and will change in a future version. Call result.infer_objects(copy=False) instead. To opt-in to the future behavior, set `pd.set_option('future.no_silent_downcasting', True)`
  fx_rates = fx_rates.ffill(axis=0)
/Users/cbruce1/Documents/GitHub/modular_fund_analysis/functions/data_functions/get_data.py:336: FutureWarning: Downcasting object dtype arrays on .fillna, .ffill, .bfill is deprecated and will change in a future version. Call result.infer_objects(copy=False) instead. To opt-in to the future behavior, set `pd.set_option('future.no_silent_downcasting', True)`
  fx_rates = fx_rates.ffill(axis=0)
[sweep] parameters <- New_Pipeline.sweep_parameters_Developed
[sweep] 128 experiment(s) planned; 0 already in ledger; 128 to run
[sweep] output -> sweep_output/20260930T134756Z_developed_materiality_sdg_groups_x_behaviours/  (rebuild PDF/CSV/XLSX every 10, 1 job(s))

[sweep] (1/128) sweep__action_characterization-Materiality_All_Action_SDG__convert_to_USD-True__drop_real_estate-False__drop_utilities-False__fama_factor_re__h1d3c5739
[sweep]     action_characterization=Materiality_All_Action_SDG, convert_to_USD=True, drop_real_estate=False, drop_utilities=False, fama_factor_region=Developed, materiality_all_action=total, region_analysis=Developed
[run] decomposition PDF    -> runs/20260930T134758Z_sweep__action_characterization-Materiality_All_Action_SDG__convert_to_USD-True__drop_real_estate-False__drop_utilities-False__fama_factor_re__h1d3c5739/initiative_decomposition.pdf  (6 pages)
[run] decomposition CSV    -> runs/20260930T134758Z_sweep__action_characterization-Materiality_All_Action_SDG__convert_to_USD-True__drop_real_estate-False__drop_utilities-False__fama_factor_re__h1d3c5739/initiative_decomposition.csv  (14418 rows)
[run] sweep__action_characterization-Materiality_All_Action_SDG__convert_to_USD-True__drop_real_estate-False__drop_utilities-False__fama_factor_re__h1d3c5739: 4 artifacts
[run] archived (kept)     -> runs/20260930T134758Z_sweep__action_characterization-Materiality_All_Action_SDG__convert_to_USD-True__drop_real_estate-False__drop_utilities-False__fama_factor_re__h1d3c5739/   (+ manifest.json/.md, dashboard.md)
[run] latest (overwrites) -> sweep_output/20260930T134756Z_developed_materiality_sdg_groups_x_behaviours/artifacts/sweep__action_characterization-Materiality_All_Action_SDG__convert_to_USD-True__drop_real_estate-False__drop_utilities-False__fama_factor_re__h1d3c5739/
[run] debug prints        -> runs/20260930T134758Z_sweep__action_characterization-Materiality_All_Action_SDG__convert_to_USD-True__drop_real_estate-False__drop_utilities-False__fama_factor_re__h1d3c5739/debug_prints.log
[run] view it:  python -m parity.show sweep__action_characterization-Materiality_All_Action_SDG__convert_to_USD-True__drop_real_estate-False__drop_utilities-False__fama_factor_re__h1d3c5739

[sweep] (2/128) sweep__action_characterization-Materiality_All_Action_SDG__convert_to_USD-True__fama_factor_region-Developed__materiality_all_action-total____h2ce15745
[sweep]     action_characterization=Materiality_All_Action_SDG, convert_to_USD=True, fama_factor_region=Developed, materiality_all_action=total, region_analysis=Developed
[run] decomposition PDF    -> runs/20260930T135211Z_sweep__action_characterization-Materiality_All_Action_SDG__convert_to_USD-True__fama_factor_region-Developed__materiality_all_action-total____h2ce15745/initiative_decomposition.pdf  (6 pages)
[run] decomposition CSV    -> runs/20260930T135211Z_sweep__action_characterization-Materiality_All_Action_SDG__convert_to_USD-True__fama_factor_region-Developed__materiality_all_action-total____h2ce15745/initiative_decomposition.csv  (14240 rows)
[run] sweep__action_characterization-Materiality_All_Action_SDG__convert_to_USD-True__fama_factor_region-Developed__materiality_all_action-total____h2ce15745: 4 artifacts
[run] archived (kept)     -> runs/20260930T135211Z_sweep__action_characterization-Materiality_All_Action_SDG__convert_to_USD-True__fama_factor_region-Developed__materiality_all_action-total____h2ce15745/   (+ manifest.json/.md, dashboard.md)
[run] latest (overwrites) -> sweep_output/20260930T134756Z_developed_materiality_sdg_groups_x_behaviours/artifacts/sweep__action_characterization-Materiality_All_Action_SDG__convert_to_USD-True__fama_factor_region-Developed__materiality_all_action-total____h2ce15745/
[run] debug prints        -> runs/20260930T135211Z_sweep__action_characterization-Materiality_All_Action_SDG__convert_to_USD-True__fama_factor_region-Developed__materiality_all_action-total____h2ce15745/debug_prints.log
[run] view it:  python -m parity.show sweep__action_characterization-Materiality_All_Action_SDG__convert_to_USD-True__fama_factor_region-Developed__materiality_all_action-total____h2ce15745

[sweep] (3/128) sweep__action_characterization-Materiality_All_Action_SDG__convert_to_USD-True__drop_real_estate-False__drop_utilities-False__fama_factor_re__hc963149f
[sweep]     action_characterization=Materiality_All_Action_SDG, convert_to_USD=True, drop_real_estate=False, drop_utilities=False, fama_factor_region=Developed, materiality_all_action=total, mktcap_covered_if_filter_by_cum_market_cap=0.99, region_analysis=Developed
[run] decomposition PDF    -> runs/20260930T135635Z_sweep__action_characterization-Materiality_All_Action_SDG__convert_to_USD-True__drop_real_estate-False__drop_utilities-False__fama_factor_re__hc963149f/initiative_decomposition.pdf  (6 pages)
[run] decomposition CSV    -> runs/20260930T135635Z_sweep__action_characterization-Materiality_All_Action_SDG__convert_to_USD-True__drop_real_estate-False__drop_utilities-False__fama_factor_re__hc963149f/initiative_decomposition.csv  (14329 rows)
[run] sweep__action_characterization-Materiality_All_Action_SDG__convert_to_USD-True__drop_real_estate-False__drop_utilities-False__fama_factor_re__hc963149f: 4 artifacts
[run] archived (kept)     -> runs/20260930T135635Z_sweep__action_characterization-Materiality_All_Action_SDG__convert_to_USD-True__drop_real_estate-False__drop_utilities-False__fama_factor_re__hc963149f/   (+ manifest.json/.md, dashboard.md)
[run] latest (overwrites) -> sweep_output/20260930T134756Z_developed_materiality_sdg_groups_x_behaviours/artifacts/sweep__action_characterization-Materiality_All_Action_SDG__convert_to_USD-True__drop_real_estate-False__drop_utilities-False__fama_factor_re__hc963149f/
[run] debug prints        -> runs/20260930T135635Z_sweep__action_characterization-Materiality_All_Action_SDG__convert_to_USD-True__drop_real_estate-False__drop_utilities-False__fama_factor_re__hc963149f/debug_prints.log
[run] view it:  python -m parity.show sweep__action_characterization-Materiality_All_Action_SDG__convert_to_USD-True__drop_real_estate-False__drop_utilities-False__fama_factor_re__hc963149f

[sweep] (4/128) sweep__action_characterization-Materiality_All_Action_SDG__convert_to_USD-True__fama_factor_region-Developed__materiality_all_action-total____haca25159
[sweep]     action_characterization=Materiality_All_Action_SDG, convert_to_USD=True, fama_factor_region=Developed, materiality_all_action=total, mktcap_covered_if_filter_by_cum_market_cap=0.99, region_analysis=Developed
[run] decomposition PDF    -> runs/20260930T140158Z_sweep__action_characterization-Materiality_All_Action_SDG__convert_to_USD-True__fama_factor_region-Developed__materiality_all_action-total____haca25159/initiative_decomposition.pdf  (6 pages)
[run] decomposition CSV    -> runs/20260930T140158Z_sweep__action_characterization-Materiality_All_Action_SDG__convert_to_USD-True__fama_factor_region-Developed__materiality_all_action-total____haca25159/initiative_decomposition.csv  (14151 rows)
[run] sweep__action_characterization-Materiality_All_Action_SDG__convert_to_USD-True__fama_factor_region-Developed__materiality_all_action-total____haca25159: 4 artifacts
[run] archived (kept)     -> runs/20260930T140158Z_sweep__action_characterization-Materiality_All_Action_SDG__convert_to_USD-True__fama_factor_region-Developed__materiality_all_action-total____haca25159/   (+ manifest.json/.md, dashboard.md)
[run] latest (overwrites) -> sweep_output/20260930T134756Z_developed_materiality_sdg_groups_x_behaviours/artifacts/sweep__action_characterization-Materiality_All_Action_SDG__convert_to_USD-True__fama_factor_region-Developed__materiality_all_action-total____haca25159/
[run] debug prints        -> runs/20260930T140158Z_sweep__action_characterization-Materiality_All_Action_SDG__convert_to_USD-True__fama_factor_region-Developed__materiality_all_action-total____haca25159/debug_prints.log
[run] view it:  python -m parity.show sweep__action_characterization-Materiality_All_Action_SDG__convert_to_USD-True__fama_factor_region-Developed__materiality_all_action-total____haca25159

[sweep] (5/128) sweep__action_characterization-Materiality_All_Action_SDG__convert_to_USD-True__drop_real_estate-False__drop_utilities-False__fama_factor_re__h4a05b75a
[sweep]     action_characterization=Materiality_All_Action_SDG, convert_to_USD=True, drop_real_estate=False, drop_utilities=False, fama_factor_region=Developed, materiality_all_action=total, portfolio_weighting=equal, region_analysis=Developed
[run] decomposition PDF    -> runs/20260930T140702Z_sweep__action_characterization-Materiality_All_Action_SDG__convert_to_USD-True__drop_real_estate-False__drop_utilities-False__fama_factor_re__h4a05b75a/initiative_decomposition.pdf  (6 pages)
[run] decomposition CSV    -> runs/20260930T140702Z_sweep__action_characterization-Materiality_All_Action_SDG__convert_to_USD-True__drop_real_estate-False__drop_utilities-False__fama_factor_re__h4a05b75a/initiative_decomposition.csv  (14418 rows)
[run] sweep__action_characterization-Materiality_All_Action_SDG__convert_to_USD-True__drop_real_estate-False__drop_utilities-False__fama_factor_re__h4a05b75a: 4 artifacts
[run] archived (kept)     -> runs/20260930T140702Z_sweep__action_characterization-Materiality_All_Action_SDG__convert_to_USD-True__drop_real_estate-False__drop_utilities-False__fama_factor_re__h4a05b75a/   (+ manifest.json/.md, dashboard.md)
[run] latest (overwrites) -> sweep_output/20260930T134756Z_developed_materiality_sdg_groups_x_behaviours/artifacts/sweep__action_characterization-Materiality_All_Action_SDG__convert_to_USD-True__drop_real_estate-False__drop_utilities-False__fama_factor_re__h4a05b75a/
[run] debug prints        -> runs/20260930T140702Z_sweep__action_characterization-Materiality_All_Action_SDG__convert_to_USD-True__drop_real_estate-False__drop_utilities-False__fama_factor_re__h4a05b75a/debug_prints.log
[run] view it:  python -m parity.show sweep__action_characterization-Materiality_All_Action_SDG__convert_to_USD-True__drop_real_estate-False__drop_utilities-False__fama_factor_re__h4a05b75a

[sweep] (6/128) sweep__action_characterization-Materiality_All_Action_SDG__convert_to_USD-True__fama_factor_region-Developed__materiality_all_action-total____h85fca193
[sweep]     action_characterization=Materiality_All_Action_SDG, convert_to_USD=True, fama_factor_region=Developed, materiality_all_action=total, portfolio_weighting=equal, region_analysis=Developed
[run] decomposition PDF    -> runs/20260930T141123Z_sweep__action_characterization-Materiality_All_Action_SDG__convert_to_USD-True__fama_factor_region-Developed__materiality_all_action-total____h85fca193/initiative_decomposition.pdf  (6 pages)
[run] decomposition CSV    -> runs/20260930T141123Z_sweep__action_characterization-Materiality_All_Action_SDG__convert_to_USD-True__fama_factor_region-Developed__materiality_all_action-total____h85fca193/initiative_decomposition.csv  (14240 rows)
[run] sweep__action_characterization-Materiality_All_Action_SDG__convert_to_USD-True__fama_factor_region-Developed__materiality_all_action-total____h85fca193: 4 artifacts
[run] archived (kept)     -> runs/20260930T141123Z_sweep__action_characterization-Materiality_All_Action_SDG__convert_to_USD-True__fama_factor_region-Developed__materiality_all_action-total____h85fca193/   (+ manifest.json/.md, dashboard.md)
[run] latest (overwrites) -> sweep_output/20260930T134756Z_developed_materiality_sdg_groups_x_behaviours/artifacts/sweep__action_characterization-Materiality_All_Action_SDG__convert_to_USD-True__fama_factor_region-Developed__materiality_all_action-total____h85fca193/
[run] debug prints        -> runs/20260930T141123Z_sweep__action_characterization-Materiality_All_Action_SDG__convert_to_USD-True__fama_factor_region-Developed__materiality_all_action-total____h85fca193/debug_prints.log
[run] view it:  python -m parity.show sweep__action_characterization-Materiality_All_Action_SDG__convert_to_USD-True__fama_factor_region-Developed__materiality_all_action-total____h85fca193

[sweep] (7/128) sweep__action_characterization-Materiality_All_Action_SDG__convert_to_USD-True__drop_real_estate-False__drop_utilities-False__fama_factor_re__h363c3dca
[sweep]     action_characterization=Materiality_All_Action_SDG, convert_to_USD=True, drop_real_estate=False, drop_utilities=False, fama_factor_region=Developed, materiality_all_action=total, mktcap_covered_if_filter_by_cum_market_cap=0.99, portfolio_weighting=equal, region_analysis=Developed
[run] decomposition PDF    -> runs/20260930T141555Z_sweep__action_characterization-Materiality_All_Action_SDG__convert_to_USD-True__drop_real_estate-False__drop_utilities-False__fama_factor_re__h363c3dca/initiative_decomposition.pdf  (6 pages)
[run] decomposition CSV    -> runs/20260930T141555Z_sweep__action_characterization-Materiality_All_Action_SDG__convert_to_USD-True__drop_real_estate-False__drop_utilities-False__fama_factor_re__h363c3dca/initiative_decomposition.csv  (14329 rows)
[run] sweep__action_characterization-Materiality_All_Action_SDG__convert_to_USD-True__drop_real_estate-False__drop_utilities-False__fama_factor_re__h363c3dca: 4 artifacts
[run] archived (kept)     -> runs/20260930T141555Z_sweep__action_characterization-Materiality_All_Action_SDG__convert_to_USD-True__drop_real_estate-False__drop_utilities-False__fama_factor_re__h363c3dca/   (+ manifest.json/.md, dashboard.md)
[run] latest (overwrites) -> sweep_output/20260930T134756Z_developed_materiality_sdg_groups_x_behaviours/artifacts/sweep__action_characterization-Materiality_All_Action_SDG__convert_to_USD-True__drop_real_estate-False__drop_utilities-False__fama_factor_re__h363c3dca/
[run] debug prints        -> runs/20260930T141555Z_sweep__action_characterization-Materiality_All_Action_SDG__convert_to_USD-True__drop_real_estate-False__drop_utilities-False__fama_factor_re__h363c3dca/debug_prints.log
[run] view it:  python -m parity.show sweep__action_characterization-Materiality_All_Action_SDG__convert_to_USD-True__drop_real_estate-False__drop_utilities-False__fama_factor_re__h363c3dca

[sweep] (8/128) sweep__action_characterization-Materiality_All_Action_SDG__convert_to_USD-True__fama_factor_region-Developed__materiality_all_action-total____hb1b80b61
[sweep]     action_characterization=Materiality_All_Action_SDG, convert_to_USD=True, fama_factor_region=Developed, materiality_all_action=total, mktcap_covered_if_filter_by_cum_market_cap=0.99, portfolio_weighting=equal, region_analysis=Developed
[run] decomposition PDF    -> runs/20260930T142118Z_sweep__action_characterization-Materiality_All_Action_SDG__convert_to_USD-True__fama_factor_region-Developed__materiality_all_action-total____hb1b80b61/initiative_decomposition.pdf  (6 pages)
[run] decomposition CSV    -> runs/20260930T142118Z_sweep__action_characterization-Materiality_All_Action_SDG__convert_to_USD-True__fama_factor_region-Developed__materiality_all_action-total____hb1b80b61/initiative_decomposition.csv  (14151 rows)
[run] sweep__action_characterization-Materiality_All_Action_SDG__convert_to_USD-True__fama_factor_region-Developed__materiality_all_action-total____hb1b80b61: 4 artifacts
[run] archived (kept)     -> runs/20260930T142118Z_sweep__action_characterization-Materiality_All_Action_SDG__convert_to_USD-True__fama_factor_region-Developed__materiality_all_action-total____hb1b80b61/   (+ manifest.json/.md, dashboard.md)
[run] latest (overwrites) -> sweep_output/20260930T134756Z_developed_materiality_sdg_groups_x_behaviours/artifacts/sweep__action_characterization-Materiality_All_Action_SDG__convert_to_USD-True__fama_factor_region-Developed__materiality_all_action-total____hb1b80b61/
[run] debug prints        -> runs/20260930T142118Z_sweep__action_characterization-Materiality_All_Action_SDG__convert_to_USD-True__fama_factor_region-Developed__materiality_all_action-total____hb1b80b61/debug_prints.log
[run] view it:  python -m parity.show sweep__action_characterization-Materiality_All_Action_SDG__convert_to_USD-True__fama_factor_region-Developed__materiality_all_action-total____hb1b80b61

[sweep] (9/128) sweep__action_characterization-Materiality_All_Action_SDG__convert_to_USD-True__drop_real_estate-False__drop_utilities-False__fama_factor_re__h77e3b262
[sweep]     action_characterization=Materiality_All_Action_SDG, convert_to_USD=True, drop_real_estate=False, drop_utilities=False, fama_factor_region=Developed, materiality_all_action=advocacy_old_def, region_analysis=Developed
[run] decomposition PDF    -> runs/20260930T142659Z_sweep__action_characterization-Materiality_All_Action_SDG__convert_to_USD-True__drop_real_estate-False__drop_utilities-False__fama_factor_re__h77e3b262/initiative_decomposition.pdf  (6 pages)
[run] decomposition CSV    -> runs/20260930T142659Z_sweep__action_characterization-Materiality_All_Action_SDG__convert_to_USD-True__drop_real_estate-False__drop_utilities-False__fama_factor_re__h77e3b262/initiative_decomposition.csv  (11481 rows)
[run] sweep__action_characterization-Materiality_All_Action_SDG__convert_to_USD-True__drop_real_estate-False__drop_utilities-False__fama_factor_re__h77e3b262: 4 artifacts
[run] archived (kept)     -> runs/20260930T142659Z_sweep__action_characterization-Materiality_All_Action_SDG__convert_to_USD-True__drop_real_estate-False__drop_utilities-False__fama_factor_re__h77e3b262/   (+ manifest.json/.md, dashboard.md)
[run] latest (overwrites) -> sweep_output/20260930T134756Z_developed_materiality_sdg_groups_x_behaviours/artifacts/sweep__action_characterization-Materiality_All_Action_SDG__convert_to_USD-True__drop_real_estate-False__drop_utilities-False__fama_factor_re__h77e3b262/
[run] debug prints        -> runs/20260930T142659Z_sweep__action_characterization-Materiality_All_Action_SDG__convert_to_USD-True__drop_real_estate-False__drop_utilities-False__fama_factor_re__h77e3b262/debug_prints.log
[run] view it:  python -m parity.show sweep__action_characterization-Materiality_All_Action_SDG__convert_to_USD-True__drop_real_estate-False__drop_utilities-False__fama_factor_re__h77e3b262

[sweep] (10/128) sweep__action_characterization-Materiality_All_Action_SDG__convert_to_USD-True__fama_factor_region-Developed__materiality_all_action-advocac__he64bcf64
[sweep]     action_characterization=Materiality_All_Action_SDG, convert_to_USD=True, fama_factor_region=Developed, materiality_all_action=advocacy_old_def, region_analysis=Developed
[run] decomposition PDF    -> runs/20260930T143242Z_sweep__action_characterization-Materiality_All_Action_SDG__convert_to_USD-True__fama_factor_region-Developed__materiality_all_action-advocac__he64bcf64/initiative_decomposition.pdf  (6 pages)
[run] decomposition CSV    -> runs/20260930T143242Z_sweep__action_characterization-Materiality_All_Action_SDG__convert_to_USD-True__fama_factor_region-Developed__materiality_all_action-advocac__he64bcf64/initiative_decomposition.csv  (11303 rows)
[run] sweep__action_characterization-Materiality_All_Action_SDG__convert_to_USD-True__fama_factor_region-Developed__materiality_all_action-advocac__he64bcf64: 4 artifacts
[run] archived (kept)     -> runs/20260930T143242Z_sweep__action_characterization-Materiality_All_Action_SDG__convert_to_USD-True__fama_factor_region-Developed__materiality_all_action-advocac__he64bcf64/   (+ manifest.json/.md, dashboard.md)
[run] latest (overwrites) -> sweep_output/20260930T134756Z_developed_materiality_sdg_groups_x_behaviours/artifacts/sweep__action_characterization-Materiality_All_Action_SDG__convert_to_USD-True__fama_factor_region-Developed__materiality_all_action-advocac__he64bcf64/
[run] debug prints        -> runs/20260930T143242Z_sweep__action_characterization-Materiality_All_Action_SDG__convert_to_USD-True__fama_factor_region-Developed__materiality_all_action-advocac__he64bcf64/debug_prints.log
[run] view it:  python -m parity.show sweep__action_characterization-Materiality_All_Action_SDG__convert_to_USD-True__fama_factor_region-Developed__materiality_all_action-advocac__he64bcf64
[sweep] rebuilt sweep_output/20260930T134756Z_developed_materiality_sdg_groups_x_behaviours/results.{pdf,csv,xlsx} (10 pages, 10 rows)

[sweep] (11/128) sweep__action_characterization-Materiality_All_Action_SDG__convert_to_USD-True__drop_real_estate-False__drop_utilities-False__fama_factor_re__heeffcffa
[sweep]     action_characterization=Materiality_All_Action_SDG, convert_to_USD=True, drop_real_estate=False, drop_utilities=False, fama_factor_region=Developed, materiality_all_action=advocacy_old_def, mktcap_covered_if_filter_by_cum_market_cap=0.99, region_analysis=Developed
[run] decomposition PDF    -> runs/20260930T143752Z_sweep__action_characterization-Materiality_All_Action_SDG__convert_to_USD-True__drop_real_estate-False__drop_utilities-False__fama_factor_re__heeffcffa/initiative_decomposition.pdf  (6 pages)
[run] decomposition CSV    -> runs/20260930T143752Z_sweep__action_characterization-Materiality_All_Action_SDG__convert_to_USD-True__drop_real_estate-False__drop_utilities-False__fama_factor_re__heeffcffa/initiative_decomposition.csv  (11481 rows)
[run] sweep__action_characterization-Materiality_All_Action_SDG__convert_to_USD-True__drop_real_estate-False__drop_utilities-False__fama_factor_re__heeffcffa: 4 artifacts
[run] archived (kept)     -> runs/20260930T143752Z_sweep__action_characterization-Materiality_All_Action_SDG__convert_to_USD-True__drop_real_estate-False__drop_utilities-False__fama_factor_re__heeffcffa/   (+ manifest.json/.md, dashboard.md)
[run] latest (overwrites) -> sweep_output/20260930T134756Z_developed_materiality_sdg_groups_x_behaviours/artifacts/sweep__action_characterization-Materiality_All_Action_SDG__convert_to_USD-True__drop_real_estate-False__drop_utilities-False__fama_factor_re__heeffcffa/
[run] debug prints        -> runs/20260930T143752Z_sweep__action_characterization-Materiality_All_Action_SDG__convert_to_USD-True__drop_real_estate-False__drop_utilities-False__fama_factor_re__heeffcffa/debug_prints.log
[run] view it:  python -m parity.show sweep__action_characterization-Materiality_All_Action_SDG__convert_to_USD-True__drop_real_estate-False__drop_utilities-False__fama_factor_re__heeffcffa

[sweep] (12/128) sweep__action_characterization-Materiality_All_Action_SDG__convert_to_USD-True__fama_factor_region-Developed__materiality_all_action-advocac__h8aa9d159
[sweep]     action_characterization=Materiality_All_Action_SDG, convert_to_USD=True, fama_factor_region=Developed, materiality_all_action=advocacy_old_def, mktcap_covered_if_filter_by_cum_market_cap=0.99, region_analysis=Developed
[run] decomposition PDF    -> runs/20260930T144346Z_sweep__action_characterization-Materiality_All_Action_SDG__convert_to_USD-True__fama_factor_region-Developed__materiality_all_action-advocac__h8aa9d159/initiative_decomposition.pdf  (6 pages)
[run] decomposition CSV    -> runs/20260930T144346Z_sweep__action_characterization-Materiality_All_Action_SDG__convert_to_USD-True__fama_factor_region-Developed__materiality_all_action-advocac__h8aa9d159/initiative_decomposition.csv  (11303 rows)
[run] sweep__action_characterization-Materiality_All_Action_SDG__convert_to_USD-True__fama_factor_region-Developed__materiality_all_action-advocac__h8aa9d159: 4 artifacts
[run] archived (kept)     -> runs/20260930T144346Z_sweep__action_characterization-Materiality_All_Action_SDG__convert_to_USD-True__fama_factor_region-Developed__materiality_all_action-advocac__h8aa9d159/   (+ manifest.json/.md, dashboard.md)
[run] latest (overwrites) -> sweep_output/20260930T134756Z_developed_materiality_sdg_groups_x_behaviours/artifacts/sweep__action_characterization-Materiality_All_Action_SDG__convert_to_USD-True__fama_factor_region-Developed__materiality_all_action-advocac__h8aa9d159/
[run] debug prints        -> runs/20260930T144346Z_sweep__action_characterization-Materiality_All_Action_SDG__convert_to_USD-True__fama_factor_region-Developed__materiality_all_action-advocac__h8aa9d159/debug_prints.log
[run] view it:  python -m parity.show sweep__action_characterization-Materiality_All_Action_SDG__convert_to_USD-True__fama_factor_region-Developed__materiality_all_action-advocac__h8aa9d159

[sweep] (13/128) sweep__action_characterization-Materiality_All_Action_SDG__convert_to_USD-True__drop_real_estate-False__drop_utilities-False__fama_factor_re__h4c3b75b0
[sweep]     action_characterization=Materiality_All_Action_SDG, convert_to_USD=True, drop_real_estate=False, drop_utilities=False, fama_factor_region=Developed, materiality_all_action=advocacy_old_def, portfolio_weighting=equal, region_analysis=Developed
[run] decomposition PDF    -> runs/20260930T144941Z_sweep__action_characterization-Materiality_All_Action_SDG__convert_to_USD-True__drop_real_estate-False__drop_utilities-False__fama_factor_re__h4c3b75b0/initiative_decomposition.pdf  (6 pages)
[run] decomposition CSV    -> runs/20260930T144941Z_sweep__action_characterization-Materiality_All_Action_SDG__convert_to_USD-True__drop_real_estate-False__drop_utilities-False__fama_factor_re__h4c3b75b0/initiative_decomposition.csv  (11481 rows)
[run] sweep__action_characterization-Materiality_All_Action_SDG__convert_to_USD-True__drop_real_estate-False__drop_utilities-False__fama_factor_re__h4c3b75b0: 4 artifacts
[run] archived (kept)     -> runs/20260930T144941Z_sweep__action_characterization-Materiality_All_Action_SDG__convert_to_USD-True__drop_real_estate-False__drop_utilities-False__fama_factor_re__h4c3b75b0/   (+ manifest.json/.md, dashboard.md)
[run] latest (overwrites) -> sweep_output/20260930T134756Z_developed_materiality_sdg_groups_x_behaviours/artifacts/sweep__action_characterization-Materiality_All_Action_SDG__convert_to_USD-True__drop_real_estate-False__drop_utilities-False__fama_factor_re__h4c3b75b0/
[run] debug prints        -> runs/20260930T144941Z_sweep__action_characterization-Materiality_All_Action_SDG__convert_to_USD-True__drop_real_estate-False__drop_utilities-False__fama_factor_re__h4c3b75b0/debug_prints.log
[run] view it:  python -m parity.show sweep__action_characterization-Materiality_All_Action_SDG__convert_to_USD-True__drop_real_estate-False__drop_utilities-False__fama_factor_re__h4c3b75b0

[sweep] (14/128) sweep__action_characterization-Materiality_All_Action_SDG__convert_to_USD-True__fama_factor_region-Developed__materiality_all_action-advocac__ha651ef67
[sweep]     action_characterization=Materiality_All_Action_SDG, convert_to_USD=True, fama_factor_region=Developed, materiality_all_action=advocacy_old_def, portfolio_weighting=equal, region_analysis=Developed
[run] decomposition PDF    -> runs/20260930T145351Z_sweep__action_characterization-Materiality_All_Action_SDG__convert_to_USD-True__fama_factor_region-Developed__materiality_all_action-advocac__ha651ef67/initiative_decomposition.pdf  (6 pages)
[run] decomposition CSV    -> runs/20260930T145351Z_sweep__action_characterization-Materiality_All_Action_SDG__convert_to_USD-True__fama_factor_region-Developed__materiality_all_action-advocac__ha651ef67/initiative_decomposition.csv  (11303 rows)
[run] sweep__action_characterization-Materiality_All_Action_SDG__convert_to_USD-True__fama_factor_region-Developed__materiality_all_action-advocac__ha651ef67: 4 artifacts
[run] archived (kept)     -> runs/20260930T145351Z_sweep__action_characterization-Materiality_All_Action_SDG__convert_to_USD-True__fama_factor_region-Developed__materiality_all_action-advocac__ha651ef67/   (+ manifest.json/.md, dashboard.md)
[run] latest (overwrites) -> sweep_output/20260930T134756Z_developed_materiality_sdg_groups_x_behaviours/artifacts/sweep__action_characterization-Materiality_All_Action_SDG__convert_to_USD-True__fama_factor_region-Developed__materiality_all_action-advocac__ha651ef67/
[run] debug prints        -> runs/20260930T145351Z_sweep__action_characterization-Materiality_All_Action_SDG__convert_to_USD-True__fama_factor_region-Developed__materiality_all_action-advocac__ha651ef67/debug_prints.log
[run] view it:  python -m parity.show sweep__action_characterization-Materiality_All_Action_SDG__convert_to_USD-True__fama_factor_region-Developed__materiality_all_action-advocac__ha651ef67

[sweep] (15/128) sweep__action_characterization-Materiality_All_Action_SDG__convert_to_USD-True__drop_real_estate-False__drop_utilities-False__fama_factor_re__h65a3e68c
[sweep]     action_characterization=Materiality_All_Action_SDG, convert_to_USD=True, drop_real_estate=False, drop_utilities=False, fama_factor_region=Developed, materiality_all_action=advocacy_old_def, mktcap_covered_if_filter_by_cum_market_cap=0.99, portfolio_weighting=equal, region_analysis=Developed
[run] decomposition PDF    -> runs/20260930T145813Z_sweep__action_characterization-Materiality_All_Action_SDG__convert_to_USD-True__drop_real_estate-False__drop_utilities-False__fama_factor_re__h65a3e68c/initiative_decomposition.pdf  (6 pages)
[run] decomposition CSV    -> runs/20260930T145813Z_sweep__action_characterization-Materiality_All_Action_SDG__convert_to_USD-True__drop_real_estate-False__drop_utilities-False__fama_factor_re__h65a3e68c/initiative_decomposition.csv  (11481 rows)
[run] sweep__action_characterization-Materiality_All_Action_SDG__convert_to_USD-True__drop_real_estate-False__drop_utilities-False__fama_factor_re__h65a3e68c: 4 artifacts
[run] archived (kept)     -> runs/20260930T145813Z_sweep__action_characterization-Materiality_All_Action_SDG__convert_to_USD-True__drop_real_estate-False__drop_utilities-False__fama_factor_re__h65a3e68c/   (+ manifest.json/.md, dashboard.md)
[run] latest (overwrites) -> sweep_output/20260930T134756Z_developed_materiality_sdg_groups_x_behaviours/artifacts/sweep__action_characterization-Materiality_All_Action_SDG__convert_to_USD-True__drop_real_estate-False__drop_utilities-False__fama_factor_re__h65a3e68c/
[run] debug prints        -> runs/20260930T145813Z_sweep__action_characterization-Materiality_All_Action_SDG__convert_to_USD-True__drop_real_estate-False__drop_utilities-False__fama_factor_re__h65a3e68c/debug_prints.log
[run] view it:  python -m parity.show sweep__action_characterization-Materiality_All_Action_SDG__convert_to_USD-True__drop_real_estate-False__drop_utilities-False__fama_factor_re__h65a3e68c

[sweep] (16/128) sweep__action_characterization-Materiality_All_Action_SDG__convert_to_USD-True__fama_factor_region-Developed__materiality_all_action-advocac__ha67daafb
[sweep]     action_characterization=Materiality_All_Action_SDG, convert_to_USD=True, fama_factor_region=Developed, materiality_all_action=advocacy_old_def, mktcap_covered_if_filter_by_cum_market_cap=0.99, portfolio_weighting=equal, region_analysis=Developed
[run] decomposition PDF    -> runs/20260930T150306Z_sweep__action_characterization-Materiality_All_Action_SDG__convert_to_USD-True__fama_factor_region-Developed__materiality_all_action-advocac__ha67daafb/initiative_decomposition.pdf  (6 pages)
[run] decomposition CSV    -> runs/20260930T150306Z_sweep__action_characterization-Materiality_All_Action_SDG__convert_to_USD-True__fama_factor_region-Developed__materiality_all_action-advocac__ha67daafb/initiative_decomposition.csv  (11303 rows)
[run] sweep__action_characterization-Materiality_All_Action_SDG__convert_to_USD-True__fama_factor_region-Developed__materiality_all_action-advocac__ha67daafb: 4 artifacts
[run] archived (kept)     -> runs/20260930T150306Z_sweep__action_characterization-Materiality_All_Action_SDG__convert_to_USD-True__fama_factor_region-Developed__materiality_all_action-advocac__ha67daafb/   (+ manifest.json/.md, dashboard.md)
[run] latest (overwrites) -> sweep_output/20260930T134756Z_developed_materiality_sdg_groups_x_behaviours/artifacts/sweep__action_characterization-Materiality_All_Action_SDG__convert_to_USD-True__fama_factor_region-Developed__materiality_all_action-advocac__ha67daafb/
[run] debug prints        -> runs/20260930T150306Z_sweep__action_characterization-Materiality_All_Action_SDG__convert_to_USD-True__fama_factor_region-Developed__materiality_all_action-advocac__ha67daafb/debug_prints.log
[run] view it:  python -m parity.show sweep__action_characterization-Materiality_All_Action_SDG__convert_to_USD-True__fama_factor_region-Developed__materiality_all_action-advocac__ha67daafb

[sweep] (17/128) sweep__action_characterization-Materiality_All_Action_SDG__convert_to_USD-True__drop_real_estate-False__drop_utilities-False__fama_factor_re__h12cc9a8c
[sweep]     action_characterization=Materiality_All_Action_SDG, convert_to_USD=True, drop_real_estate=False, drop_utilities=False, fama_factor_region=Developed, materiality_all_action=preparation, region_analysis=Developed
[run] decomposition PDF    -> runs/20260930T150759Z_sweep__action_characterization-Materiality_All_Action_SDG__convert_to_USD-True__drop_real_estate-False__drop_utilities-False__fama_factor_re__h12cc9a8c/initiative_decomposition.pdf  (6 pages)
[run] decomposition CSV    -> runs/20260930T150759Z_sweep__action_characterization-Materiality_All_Action_SDG__convert_to_USD-True__drop_real_estate-False__drop_utilities-False__fama_factor_re__h12cc9a8c/initiative_decomposition.csv  (11481 rows)
[run] sweep__action_characterization-Materiality_All_Action_SDG__convert_to_USD-True__drop_real_estate-False__drop_utilities-False__fama_factor_re__h12cc9a8c: 4 artifacts
[run] archived (kept)     -> runs/20260930T150759Z_sweep__action_characterization-Materiality_All_Action_SDG__convert_to_USD-True__drop_real_estate-False__drop_utilities-False__fama_factor_re__h12cc9a8c/   (+ manifest.json/.md, dashboard.md)
[run] latest (overwrites) -> sweep_output/20260930T134756Z_developed_materiality_sdg_groups_x_behaviours/artifacts/sweep__action_characterization-Materiality_All_Action_SDG__convert_to_USD-True__drop_real_estate-False__drop_utilities-False__fama_factor_re__h12cc9a8c/
[run] debug prints        -> runs/20260930T150759Z_sweep__action_characterization-Materiality_All_Action_SDG__convert_to_USD-True__drop_real_estate-False__drop_utilities-False__fama_factor_re__h12cc9a8c/debug_prints.log
[run] view it:  python -m parity.show sweep__action_characterization-Materiality_All_Action_SDG__convert_to_USD-True__drop_real_estate-False__drop_utilities-False__fama_factor_re__h12cc9a8c

[sweep] (18/128) sweep__action_characterization-Materiality_All_Action_SDG__convert_to_USD-True__fama_factor_region-Developed__materiality_all_action-prepara__h396f03eb
[sweep]     action_characterization=Materiality_All_Action_SDG, convert_to_USD=True, fama_factor_region=Developed, materiality_all_action=preparation, region_analysis=Developed
[run] decomposition PDF    -> runs/20260930T151207Z_sweep__action_characterization-Materiality_All_Action_SDG__convert_to_USD-True__fama_factor_region-Developed__materiality_all_action-prepara__h396f03eb/initiative_decomposition.pdf  (6 pages)
[run] decomposition CSV    -> runs/20260930T151207Z_sweep__action_characterization-Materiality_All_Action_SDG__convert_to_USD-True__fama_factor_region-Developed__materiality_all_action-prepara__h396f03eb/initiative_decomposition.csv  (11303 rows)
[run] sweep__action_characterization-Materiality_All_Action_SDG__convert_to_USD-True__fama_factor_region-Developed__materiality_all_action-prepara__h396f03eb: 4 artifacts
[run] archived (kept)     -> runs/20260930T151207Z_sweep__action_characterization-Materiality_All_Action_SDG__convert_to_USD-True__fama_factor_region-Developed__materiality_all_action-prepara__h396f03eb/   (+ manifest.json/.md, dashboard.md)
[run] latest (overwrites) -> sweep_output/20260930T134756Z_developed_materiality_sdg_groups_x_behaviours/artifacts/sweep__action_characterization-Materiality_All_Action_SDG__convert_to_USD-True__fama_factor_region-Developed__materiality_all_action-prepara__h396f03eb/
[run] debug prints        -> runs/20260930T151207Z_sweep__action_characterization-Materiality_All_Action_SDG__convert_to_USD-True__fama_factor_region-Developed__materiality_all_action-prepara__h396f03eb/debug_prints.log
[run] view it:  python -m parity.show sweep__action_characterization-Materiality_All_Action_SDG__convert_to_USD-True__fama_factor_region-Developed__materiality_all_action-prepara__h396f03eb

[sweep] (19/128) sweep__action_characterization-Materiality_All_Action_SDG__convert_to_USD-True__drop_real_estate-False__drop_utilities-False__fama_factor_re__h2aa27430
[sweep]     action_characterization=Materiality_All_Action_SDG, convert_to_USD=True, drop_real_estate=False, drop_utilities=False, fama_factor_region=Developed, materiality_all_action=preparation, mktcap_covered_if_filter_by_cum_market_cap=0.99, region_analysis=Developed
[run] decomposition PDF    -> runs/20260930T151620Z_sweep__action_characterization-Materiality_All_Action_SDG__convert_to_USD-True__drop_real_estate-False__drop_utilities-False__fama_factor_re__h2aa27430/initiative_decomposition.pdf  (6 pages)
[run] decomposition CSV    -> runs/20260930T151620Z_sweep__action_characterization-Materiality_All_Action_SDG__convert_to_USD-True__drop_real_estate-False__drop_utilities-False__fama_factor_re__h2aa27430/initiative_decomposition.csv  (11481 rows)
[run] sweep__action_characterization-Materiality_All_Action_SDG__convert_to_USD-True__drop_real_estate-False__drop_utilities-False__fama_factor_re__h2aa27430: 4 artifacts
[run] archived (kept)     -> runs/20260930T151620Z_sweep__action_characterization-Materiality_All_Action_SDG__convert_to_USD-True__drop_real_estate-False__drop_utilities-False__fama_factor_re__h2aa27430/   (+ manifest.json/.md, dashboard.md)
[run] latest (overwrites) -> sweep_output/20260930T134756Z_developed_materiality_sdg_groups_x_behaviours/artifacts/sweep__action_characterization-Materiality_All_Action_SDG__convert_to_USD-True__drop_real_estate-False__drop_utilities-False__fama_factor_re__h2aa27430/
[run] debug prints        -> runs/20260930T151620Z_sweep__action_characterization-Materiality_All_Action_SDG__convert_to_USD-True__drop_real_estate-False__drop_utilities-False__fama_factor_re__h2aa27430/debug_prints.log
[run] view it:  python -m parity.show sweep__action_characterization-Materiality_All_Action_SDG__convert_to_USD-True__drop_real_estate-False__drop_utilities-False__fama_factor_re__h2aa27430

[sweep] (20/128) sweep__action_characterization-Materiality_All_Action_SDG__convert_to_USD-True__fama_factor_region-Developed__materiality_all_action-prepara__h28d4b88d
[sweep]     action_characterization=Materiality_All_Action_SDG, convert_to_USD=True, fama_factor_region=Developed, materiality_all_action=preparation, mktcap_covered_if_filter_by_cum_market_cap=0.99, region_analysis=Developed
[run] decomposition PDF    -> runs/20260930T152114Z_sweep__action_characterization-Materiality_All_Action_SDG__convert_to_USD-True__fama_factor_region-Developed__materiality_all_action-prepara__h28d4b88d/initiative_decomposition.pdf  (6 pages)
[run] decomposition CSV    -> runs/20260930T152114Z_sweep__action_characterization-Materiality_All_Action_SDG__convert_to_USD-True__fama_factor_region-Developed__materiality_all_action-prepara__h28d4b88d/initiative_decomposition.csv  (11303 rows)
[run] sweep__action_characterization-Materiality_All_Action_SDG__convert_to_USD-True__fama_factor_region-Developed__materiality_all_action-prepara__h28d4b88d: 4 artifacts
[run] archived (kept)     -> runs/20260930T152114Z_sweep__action_characterization-Materiality_All_Action_SDG__convert_to_USD-True__fama_factor_region-Developed__materiality_all_action-prepara__h28d4b88d/   (+ manifest.json/.md, dashboard.md)
[run] latest (overwrites) -> sweep_output/20260930T134756Z_developed_materiality_sdg_groups_x_behaviours/artifacts/sweep__action_characterization-Materiality_All_Action_SDG__convert_to_USD-True__fama_factor_region-Developed__materiality_all_action-prepara__h28d4b88d/
[run] debug prints        -> runs/20260930T152114Z_sweep__action_characterization-Materiality_All_Action_SDG__convert_to_USD-True__fama_factor_region-Developed__materiality_all_action-prepara__h28d4b88d/debug_prints.log
[run] view it:  python -m parity.show sweep__action_characterization-Materiality_All_Action_SDG__convert_to_USD-True__fama_factor_region-Developed__materiality_all_action-prepara__h28d4b88d
[sweep] rebuilt sweep_output/20260930T134756Z_developed_materiality_sdg_groups_x_behaviours/results.{pdf,csv,xlsx} (20 pages, 20 rows)

[sweep] (21/128) sweep__action_characterization-Materiality_All_Action_SDG__convert_to_USD-True__drop_real_estate-False__drop_utilities-False__fama_factor_re__h808c5caa
[sweep]     action_characterization=Materiality_All_Action_SDG, convert_to_USD=True, drop_real_estate=False, drop_utilities=False, fama_factor_region=Developed, materiality_all_action=preparation, portfolio_weighting=equal, region_analysis=Developed
[run] decomposition PDF    -> runs/20260930T152607Z_sweep__action_characterization-Materiality_All_Action_SDG__convert_to_USD-True__drop_real_estate-False__drop_utilities-False__fama_factor_re__h808c5caa/initiative_decomposition.pdf  (6 pages)
[run] decomposition CSV    -> runs/20260930T152607Z_sweep__action_characterization-Materiality_All_Action_SDG__convert_to_USD-True__drop_real_estate-False__drop_utilities-False__fama_factor_re__h808c5caa/initiative_decomposition.csv  (11481 rows)
[run] sweep__action_characterization-Materiality_All_Action_SDG__convert_to_USD-True__drop_real_estate-False__drop_utilities-False__fama_factor_re__h808c5caa: 4 artifacts
[run] archived (kept)     -> runs/20260930T152607Z_sweep__action_characterization-Materiality_All_Action_SDG__convert_to_USD-True__drop_real_estate-False__drop_utilities-False__fama_factor_re__h808c5caa/   (+ manifest.json/.md, dashboard.md)
[run] latest (overwrites) -> sweep_output/20260930T134756Z_developed_materiality_sdg_groups_x_behaviours/artifacts/sweep__action_characterization-Materiality_All_Action_SDG__convert_to_USD-True__drop_real_estate-False__drop_utilities-False__fama_factor_re__h808c5caa/
[run] debug prints        -> runs/20260930T152607Z_sweep__action_characterization-Materiality_All_Action_SDG__convert_to_USD-True__drop_real_estate-False__drop_utilities-False__fama_factor_re__h808c5caa/debug_prints.log
[run] view it:  python -m parity.show sweep__action_characterization-Materiality_All_Action_SDG__convert_to_USD-True__drop_real_estate-False__drop_utilities-False__fama_factor_re__h808c5caa

[sweep] (22/128) sweep__action_characterization-Materiality_All_Action_SDG__convert_to_USD-True__fama_factor_region-Developed__materiality_all_action-prepara__ha422306e
[sweep]     action_characterization=Materiality_All_Action_SDG, convert_to_USD=True, fama_factor_region=Developed, materiality_all_action=preparation, portfolio_weighting=equal, region_analysis=Developed
[run] decomposition PDF    -> runs/20260930T153029Z_sweep__action_characterization-Materiality_All_Action_SDG__convert_to_USD-True__fama_factor_region-Developed__materiality_all_action-prepara__ha422306e/initiative_decomposition.pdf  (6 pages)
[run] decomposition CSV    -> runs/20260930T153029Z_sweep__action_characterization-Materiality_All_Action_SDG__convert_to_USD-True__fama_factor_region-Developed__materiality_all_action-prepara__ha422306e/initiative_decomposition.csv  (11303 rows)
[run] sweep__action_characterization-Materiality_All_Action_SDG__convert_to_USD-True__fama_factor_region-Developed__materiality_all_action-prepara__ha422306e: 4 artifacts
[run] archived (kept)     -> runs/20260930T153029Z_sweep__action_characterization-Materiality_All_Action_SDG__convert_to_USD-True__fama_factor_region-Developed__materiality_all_action-prepara__ha422306e/   (+ manifest.json/.md, dashboard.md)
[run] latest (overwrites) -> sweep_output/20260930T134756Z_developed_materiality_sdg_groups_x_behaviours/artifacts/sweep__action_characterization-Materiality_All_Action_SDG__convert_to_USD-True__fama_factor_region-Developed__materiality_all_action-prepara__ha422306e/
[run] debug prints        -> runs/20260930T153029Z_sweep__action_characterization-Materiality_All_Action_SDG__convert_to_USD-True__fama_factor_region-Developed__materiality_all_action-prepara__ha422306e/debug_prints.log
[run] view it:  python -m parity.show sweep__action_characterization-Materiality_All_Action_SDG__convert_to_USD-True__fama_factor_region-Developed__materiality_all_action-prepara__ha422306e

[sweep] (23/128) sweep__action_characterization-Materiality_All_Action_SDG__convert_to_USD-True__drop_real_estate-False__drop_utilities-False__fama_factor_re__he67f486b
[sweep]     action_characterization=Materiality_All_Action_SDG, convert_to_USD=True, drop_real_estate=False, drop_utilities=False, fama_factor_region=Developed, materiality_all_action=preparation, mktcap_covered_if_filter_by_cum_market_cap=0.99, portfolio_weighting=equal, region_analysis=Developed
[run] decomposition PDF    -> runs/20260930T153456Z_sweep__action_characterization-Materiality_All_Action_SDG__convert_to_USD-True__drop_real_estate-False__drop_utilities-False__fama_factor_re__he67f486b/initiative_decomposition.pdf  (6 pages)
[run] decomposition CSV    -> runs/20260930T153456Z_sweep__action_characterization-Materiality_All_Action_SDG__convert_to_USD-True__drop_real_estate-False__drop_utilities-False__fama_factor_re__he67f486b/initiative_decomposition.csv  (11481 rows)
[run] sweep__action_characterization-Materiality_All_Action_SDG__convert_to_USD-True__drop_real_estate-False__drop_utilities-False__fama_factor_re__he67f486b: 4 artifacts
[run] archived (kept)     -> runs/20260930T153456Z_sweep__action_characterization-Materiality_All_Action_SDG__convert_to_USD-True__drop_real_estate-False__drop_utilities-False__fama_factor_re__he67f486b/   (+ manifest.json/.md, dashboard.md)
[run] latest (overwrites) -> sweep_output/20260930T134756Z_developed_materiality_sdg_groups_x_behaviours/artifacts/sweep__action_characterization-Materiality_All_Action_SDG__convert_to_USD-True__drop_real_estate-False__drop_utilities-False__fama_factor_re__he67f486b/
[run] debug prints        -> runs/20260930T153456Z_sweep__action_characterization-Materiality_All_Action_SDG__convert_to_USD-True__drop_real_estate-False__drop_utilities-False__fama_factor_re__he67f486b/debug_prints.log
[run] view it:  python -m parity.show sweep__action_characterization-Materiality_All_Action_SDG__convert_to_USD-True__drop_real_estate-False__drop_utilities-False__fama_factor_re__he67f486b

[sweep] (24/128) sweep__action_characterization-Materiality_All_Action_SDG__convert_to_USD-True__fama_factor_region-Developed__materiality_all_action-prepara__h59699ad9
[sweep]     action_characterization=Materiality_All_Action_SDG, convert_to_USD=True, fama_factor_region=Developed, materiality_all_action=preparation, mktcap_covered_if_filter_by_cum_market_cap=0.99, portfolio_weighting=equal, region_analysis=Developed
[run] decomposition PDF    -> runs/20260930T153939Z_sweep__action_characterization-Materiality_All_Action_SDG__convert_to_USD-True__fama_factor_region-Developed__materiality_all_action-prepara__h59699ad9/initiative_decomposition.pdf  (6 pages)
[run] decomposition CSV    -> runs/20260930T153939Z_sweep__action_characterization-Materiality_All_Action_SDG__convert_to_USD-True__fama_factor_region-Developed__materiality_all_action-prepara__h59699ad9/initiative_decomposition.csv  (11303 rows)
[run] sweep__action_characterization-Materiality_All_Action_SDG__convert_to_USD-True__fama_factor_region-Developed__materiality_all_action-prepara__h59699ad9: 4 artifacts
[run] archived (kept)     -> runs/20260930T153939Z_sweep__action_characterization-Materiality_All_Action_SDG__convert_to_USD-True__fama_factor_region-Developed__materiality_all_action-prepara__h59699ad9/   (+ manifest.json/.md, dashboard.md)
[run] latest (overwrites) -> sweep_output/20260930T134756Z_developed_materiality_sdg_groups_x_behaviours/artifacts/sweep__action_characterization-Materiality_All_Action_SDG__convert_to_USD-True__fama_factor_region-Developed__materiality_all_action-prepara__h59699ad9/
[run] debug prints        -> runs/20260930T153939Z_sweep__action_characterization-Materiality_All_Action_SDG__convert_to_USD-True__fama_factor_region-Developed__materiality_all_action-prepara__h59699ad9/debug_prints.log
[run] view it:  python -m parity.show sweep__action_characterization-Materiality_All_Action_SDG__convert_to_USD-True__fama_factor_region-Developed__materiality_all_action-prepara__h59699ad9

[sweep] (25/128) sweep__action_characterization-Materiality_All_Action_SDG__convert_to_USD-True__drop_real_estate-False__drop_utilities-False__fama_factor_re__h095a8d65
[sweep]     action_characterization=Materiality_All_Action_SDG, convert_to_USD=True, drop_real_estate=False, drop_utilities=False, fama_factor_region=Developed, materiality_all_action=transformation, region_analysis=Developed
[run] decomposition PDF    -> runs/20260930T154421Z_sweep__action_characterization-Materiality_All_Action_SDG__convert_to_USD-True__drop_real_estate-False__drop_utilities-False__fama_factor_re__h095a8d65/initiative_decomposition.pdf  (6 pages)
[run] decomposition CSV    -> runs/20260930T154421Z_sweep__action_characterization-Materiality_All_Action_SDG__convert_to_USD-True__drop_real_estate-False__drop_utilities-False__fama_factor_re__h095a8d65/initiative_decomposition.csv  (11392 rows)
[run] sweep__action_characterization-Materiality_All_Action_SDG__convert_to_USD-True__drop_real_estate-False__drop_utilities-False__fama_factor_re__h095a8d65: 4 artifacts
[run] archived (kept)     -> runs/20260930T154421Z_sweep__action_characterization-Materiality_All_Action_SDG__convert_to_USD-True__drop_real_estate-False__drop_utilities-False__fama_factor_re__h095a8d65/   (+ manifest.json/.md, dashboard.md)
[run] latest (overwrites) -> sweep_output/20260930T134756Z_developed_materiality_sdg_groups_x_behaviours/artifacts/sweep__action_characterization-Materiality_All_Action_SDG__convert_to_USD-True__drop_real_estate-False__drop_utilities-False__fama_factor_re__h095a8d65/
[run] debug prints        -> runs/20260930T154421Z_sweep__action_characterization-Materiality_All_Action_SDG__convert_to_USD-True__drop_real_estate-False__drop_utilities-False__fama_factor_re__h095a8d65/debug_prints.log
[run] view it:  python -m parity.show sweep__action_characterization-Materiality_All_Action_SDG__convert_to_USD-True__drop_real_estate-False__drop_utilities-False__fama_factor_re__h095a8d65

[sweep] (26/128) sweep__action_characterization-Materiality_All_Action_SDG__convert_to_USD-True__fama_factor_region-Developed__materiality_all_action-transfo__h2ae18f24
[sweep]     action_characterization=Materiality_All_Action_SDG, convert_to_USD=True, fama_factor_region=Developed, materiality_all_action=transformation, region_analysis=Developed
[run] decomposition PDF    -> runs/20260930T154833Z_sweep__action_characterization-Materiality_All_Action_SDG__convert_to_USD-True__fama_factor_region-Developed__materiality_all_action-transfo__h2ae18f24/initiative_decomposition.pdf  (6 pages)
[run] decomposition CSV    -> runs/20260930T154833Z_sweep__action_characterization-Materiality_All_Action_SDG__convert_to_USD-True__fama_factor_region-Developed__materiality_all_action-transfo__h2ae18f24/initiative_decomposition.csv  (11214 rows)
[run] sweep__action_characterization-Materiality_All_Action_SDG__convert_to_USD-True__fama_factor_region-Developed__materiality_all_action-transfo__h2ae18f24: 4 artifacts
[run] archived (kept)     -> runs/20260930T154833Z_sweep__action_characterization-Materiality_All_Action_SDG__convert_to_USD-True__fama_factor_region-Developed__materiality_all_action-transfo__h2ae18f24/   (+ manifest.json/.md, dashboard.md)
[run] latest (overwrites) -> sweep_output/20260930T134756Z_developed_materiality_sdg_groups_x_behaviours/artifacts/sweep__action_characterization-Materiality_All_Action_SDG__convert_to_USD-True__fama_factor_region-Developed__materiality_all_action-transfo__h2ae18f24/
[run] debug prints        -> runs/20260930T154833Z_sweep__action_characterization-Materiality_All_Action_SDG__convert_to_USD-True__fama_factor_region-Developed__materiality_all_action-transfo__h2ae18f24/debug_prints.log
[run] view it:  python -m parity.show sweep__action_characterization-Materiality_All_Action_SDG__convert_to_USD-True__fama_factor_region-Developed__materiality_all_action-transfo__h2ae18f24

[sweep] (27/128) sweep__action_characterization-Materiality_All_Action_SDG__convert_to_USD-True__drop_real_estate-False__drop_utilities-False__fama_factor_re__hba5833fe
[sweep]     action_characterization=Materiality_All_Action_SDG, convert_to_USD=True, drop_real_estate=False, drop_utilities=False, fama_factor_region=Developed, materiality_all_action=transformation, mktcap_covered_if_filter_by_cum_market_cap=0.99, region_analysis=Developed
[run] decomposition PDF    -> runs/20260930T155245Z_sweep__action_characterization-Materiality_All_Action_SDG__convert_to_USD-True__drop_real_estate-False__drop_utilities-False__fama_factor_re__hba5833fe/initiative_decomposition.pdf  (6 pages)
[run] decomposition CSV    -> runs/20260930T155245Z_sweep__action_characterization-Materiality_All_Action_SDG__convert_to_USD-True__drop_real_estate-False__drop_utilities-False__fama_factor_re__hba5833fe/initiative_decomposition.csv  (11392 rows)
[run] sweep__action_characterization-Materiality_All_Action_SDG__convert_to_USD-True__drop_real_estate-False__drop_utilities-False__fama_factor_re__hba5833fe: 4 artifacts
[run] archived (kept)     -> runs/20260930T155245Z_sweep__action_characterization-Materiality_All_Action_SDG__convert_to_USD-True__drop_real_estate-False__drop_utilities-False__fama_factor_re__hba5833fe/   (+ manifest.json/.md, dashboard.md)
[run] latest (overwrites) -> sweep_output/20260930T134756Z_developed_materiality_sdg_groups_x_behaviours/artifacts/sweep__action_characterization-Materiality_All_Action_SDG__convert_to_USD-True__drop_real_estate-False__drop_utilities-False__fama_factor_re__hba5833fe/
[run] debug prints        -> runs/20260930T155245Z_sweep__action_characterization-Materiality_All_Action_SDG__convert_to_USD-True__drop_real_estate-False__drop_utilities-False__fama_factor_re__hba5833fe/debug_prints.log
[run] view it:  python -m parity.show sweep__action_characterization-Materiality_All_Action_SDG__convert_to_USD-True__drop_real_estate-False__drop_utilities-False__fama_factor_re__hba5833fe

[sweep] (28/128) sweep__action_characterization-Materiality_All_Action_SDG__convert_to_USD-True__fama_factor_region-Developed__materiality_all_action-transfo__ha94d9607
[sweep]     action_characterization=Materiality_All_Action_SDG, convert_to_USD=True, fama_factor_region=Developed, materiality_all_action=transformation, mktcap_covered_if_filter_by_cum_market_cap=0.99, region_analysis=Developed
[run] decomposition PDF    -> runs/20260930T155725Z_sweep__action_characterization-Materiality_All_Action_SDG__convert_to_USD-True__fama_factor_region-Developed__materiality_all_action-transfo__ha94d9607/initiative_decomposition.pdf  (6 pages)
[run] decomposition CSV    -> runs/20260930T155725Z_sweep__action_characterization-Materiality_All_Action_SDG__convert_to_USD-True__fama_factor_region-Developed__materiality_all_action-transfo__ha94d9607/initiative_decomposition.csv  (11214 rows)
[run] sweep__action_characterization-Materiality_All_Action_SDG__convert_to_USD-True__fama_factor_region-Developed__materiality_all_action-transfo__ha94d9607: 4 artifacts
[run] archived (kept)     -> runs/20260930T155725Z_sweep__action_characterization-Materiality_All_Action_SDG__convert_to_USD-True__fama_factor_region-Developed__materiality_all_action-transfo__ha94d9607/   (+ manifest.json/.md, dashboard.md)
[run] latest (overwrites) -> sweep_output/20260930T134756Z_developed_materiality_sdg_groups_x_behaviours/artifacts/sweep__action_characterization-Materiality_All_Action_SDG__convert_to_USD-True__fama_factor_region-Developed__materiality_all_action-transfo__ha94d9607/
[run] debug prints        -> runs/20260930T155725Z_sweep__action_characterization-Materiality_All_Action_SDG__convert_to_USD-True__fama_factor_region-Developed__materiality_all_action-transfo__ha94d9607/debug_prints.log
[run] view it:  python -m parity.show sweep__action_characterization-Materiality_All_Action_SDG__convert_to_USD-True__fama_factor_region-Developed__materiality_all_action-transfo__ha94d9607

[sweep] (29/128) sweep__action_characterization-Materiality_All_Action_SDG__convert_to_USD-True__drop_real_estate-False__drop_utilities-False__fama_factor_re__h76f34425
[sweep]     action_characterization=Materiality_All_Action_SDG, convert_to_USD=True, drop_real_estate=False, drop_utilities=False, fama_factor_region=Developed, materiality_all_action=transformation, portfolio_weighting=equal, region_analysis=Developed
[run] decomposition PDF    -> runs/20260930T160203Z_sweep__action_characterization-Materiality_All_Action_SDG__convert_to_USD-True__drop_real_estate-False__drop_utilities-False__fama_factor_re__h76f34425/initiative_decomposition.pdf  (6 pages)
[run] decomposition CSV    -> runs/20260930T160203Z_sweep__action_characterization-Materiality_All_Action_SDG__convert_to_USD-True__drop_real_estate-False__drop_utilities-False__fama_factor_re__h76f34425/initiative_decomposition.csv  (11392 rows)
[run] sweep__action_characterization-Materiality_All_Action_SDG__convert_to_USD-True__drop_real_estate-False__drop_utilities-False__fama_factor_re__h76f34425: 4 artifacts
[run] archived (kept)     -> runs/20260930T160203Z_sweep__action_characterization-Materiality_All_Action_SDG__convert_to_USD-True__drop_real_estate-False__drop_utilities-False__fama_factor_re__h76f34425/   (+ manifest.json/.md, dashboard.md)
[run] latest (overwrites) -> sweep_output/20260930T134756Z_developed_materiality_sdg_groups_x_behaviours/artifacts/sweep__action_characterization-Materiality_All_Action_SDG__convert_to_USD-True__drop_real_estate-False__drop_utilities-False__fama_factor_re__h76f34425/
[run] debug prints        -> runs/20260930T160203Z_sweep__action_characterization-Materiality_All_Action_SDG__convert_to_USD-True__drop_real_estate-False__drop_utilities-False__fama_factor_re__h76f34425/debug_prints.log
[run] view it:  python -m parity.show sweep__action_characterization-Materiality_All_Action_SDG__convert_to_USD-True__drop_real_estate-False__drop_utilities-False__fama_factor_re__h76f34425

[sweep] (30/128) sweep__action_characterization-Materiality_All_Action_SDG__convert_to_USD-True__fama_factor_region-Developed__materiality_all_action-transfo__h0ad7d9dd
[sweep]     action_characterization=Materiality_All_Action_SDG, convert_to_USD=True, fama_factor_region=Developed, materiality_all_action=transformation, portfolio_weighting=equal, region_analysis=Developed
[run] decomposition PDF    -> runs/20260930T160612Z_sweep__action_characterization-Materiality_All_Action_SDG__convert_to_USD-True__fama_factor_region-Developed__materiality_all_action-transfo__h0ad7d9dd/initiative_decomposition.pdf  (6 pages)
[run] decomposition CSV    -> runs/20260930T160612Z_sweep__action_characterization-Materiality_All_Action_SDG__convert_to_USD-True__fama_factor_region-Developed__materiality_all_action-transfo__h0ad7d9dd/initiative_decomposition.csv  (11214 rows)
[run] sweep__action_characterization-Materiality_All_Action_SDG__convert_to_USD-True__fama_factor_region-Developed__materiality_all_action-transfo__h0ad7d9dd: 4 artifacts
[run] archived (kept)     -> runs/20260930T160612Z_sweep__action_characterization-Materiality_All_Action_SDG__convert_to_USD-True__fama_factor_region-Developed__materiality_all_action-transfo__h0ad7d9dd/   (+ manifest.json/.md, dashboard.md)
[run] latest (overwrites) -> sweep_output/20260930T134756Z_developed_materiality_sdg_groups_x_behaviours/artifacts/sweep__action_characterization-Materiality_All_Action_SDG__convert_to_USD-True__fama_factor_region-Developed__materiality_all_action-transfo__h0ad7d9dd/
[run] debug prints        -> runs/20260930T160612Z_sweep__action_characterization-Materiality_All_Action_SDG__convert_to_USD-True__fama_factor_region-Developed__materiality_all_action-transfo__h0ad7d9dd/debug_prints.log
[run] view it:  python -m parity.show sweep__action_characterization-Materiality_All_Action_SDG__convert_to_USD-True__fama_factor_region-Developed__materiality_all_action-transfo__h0ad7d9dd
[sweep] rebuilt sweep_output/20260930T134756Z_developed_materiality_sdg_groups_x_behaviours/results.{pdf,csv,xlsx} (30 pages, 30 rows)

[sweep] (31/128) sweep__action_characterization-Materiality_All_Action_SDG__convert_to_USD-True__drop_real_estate-False__drop_utilities-False__fama_factor_re__h9b736868
[sweep]     action_characterization=Materiality_All_Action_SDG, convert_to_USD=True, drop_real_estate=False, drop_utilities=False, fama_factor_region=Developed, materiality_all_action=transformation, mktcap_covered_if_filter_by_cum_market_cap=0.99, portfolio_weighting=equal, region_analysis=Developed
[run] decomposition PDF    -> runs/20260930T161042Z_sweep__action_characterization-Materiality_All_Action_SDG__convert_to_USD-True__drop_real_estate-False__drop_utilities-False__fama_factor_re__h9b736868/initiative_decomposition.pdf  (6 pages)
[run] decomposition CSV    -> runs/20260930T161042Z_sweep__action_characterization-Materiality_All_Action_SDG__convert_to_USD-True__drop_real_estate-False__drop_utilities-False__fama_factor_re__h9b736868/initiative_decomposition.csv  (11392 rows)
[run] sweep__action_characterization-Materiality_All_Action_SDG__convert_to_USD-True__drop_real_estate-False__drop_utilities-False__fama_factor_re__h9b736868: 4 artifacts
[run] archived (kept)     -> runs/20260930T161042Z_sweep__action_characterization-Materiality_All_Action_SDG__convert_to_USD-True__drop_real_estate-False__drop_utilities-False__fama_factor_re__h9b736868/   (+ manifest.json/.md, dashboard.md)
[run] latest (overwrites) -> sweep_output/20260930T134756Z_developed_materiality_sdg_groups_x_behaviours/artifacts/sweep__action_characterization-Materiality_All_Action_SDG__convert_to_USD-True__drop_real_estate-False__drop_utilities-False__fama_factor_re__h9b736868/
[run] debug prints        -> runs/20260930T161042Z_sweep__action_characterization-Materiality_All_Action_SDG__convert_to_USD-True__drop_real_estate-False__drop_utilities-False__fama_factor_re__h9b736868/debug_prints.log
[run] view it:  python -m parity.show sweep__action_characterization-Materiality_All_Action_SDG__convert_to_USD-True__drop_real_estate-False__drop_utilities-False__fama_factor_re__h9b736868

[sweep] (32/128) sweep__action_characterization-Materiality_All_Action_SDG__convert_to_USD-True__fama_factor_region-Developed__materiality_all_action-transfo__ha8edafaf
[sweep]     action_characterization=Materiality_All_Action_SDG, convert_to_USD=True, fama_factor_region=Developed, materiality_all_action=transformation, mktcap_covered_if_filter_by_cum_market_cap=0.99, portfolio_weighting=equal, region_analysis=Developed
[run] decomposition PDF    -> runs/20260930T161526Z_sweep__action_characterization-Materiality_All_Action_SDG__convert_to_USD-True__fama_factor_region-Developed__materiality_all_action-transfo__ha8edafaf/initiative_decomposition.pdf  (6 pages)
[run] decomposition CSV    -> runs/20260930T161526Z_sweep__action_characterization-Materiality_All_Action_SDG__convert_to_USD-True__fama_factor_region-Developed__materiality_all_action-transfo__ha8edafaf/initiative_decomposition.csv  (11214 rows)
[run] sweep__action_characterization-Materiality_All_Action_SDG__convert_to_USD-True__fama_factor_region-Developed__materiality_all_action-transfo__ha8edafaf: 4 artifacts
[run] archived (kept)     -> runs/20260930T161526Z_sweep__action_characterization-Materiality_All_Action_SDG__convert_to_USD-True__fama_factor_region-Developed__materiality_all_action-transfo__ha8edafaf/   (+ manifest.json/.md, dashboard.md)
[run] latest (overwrites) -> sweep_output/20260930T134756Z_developed_materiality_sdg_groups_x_behaviours/artifacts/sweep__action_characterization-Materiality_All_Action_SDG__convert_to_USD-True__fama_factor_region-Developed__materiality_all_action-transfo__ha8edafaf/
[run] debug prints        -> runs/20260930T161526Z_sweep__action_characterization-Materiality_All_Action_SDG__convert_to_USD-True__fama_factor_region-Developed__materiality_all_action-transfo__ha8edafaf/debug_prints.log
[run] view it:  python -m parity.show sweep__action_characterization-Materiality_All_Action_SDG__convert_to_USD-True__fama_factor_region-Developed__materiality_all_action-transfo__ha8edafaf

[sweep] (33/128) sweep__action_characterization-Materiality_PP_Action_SDG__convert_to_USD-True__drop_real_estate-False__drop_utilities-False__fama_factor_reg__h824990bb
[sweep]     action_characterization=Materiality_PP_Action_SDG, convert_to_USD=True, drop_real_estate=False, drop_utilities=False, fama_factor_region=Developed, materiality_pp_action=total, region_analysis=Developed
[run] decomposition PDF    -> runs/20260930T161958Z_sweep__action_characterization-Materiality_PP_Action_SDG__convert_to_USD-True__drop_real_estate-False__drop_utilities-False__fama_factor_reg__h824990bb/initiative_decomposition.pdf  (6 pages)
[run] decomposition CSV    -> runs/20260930T161958Z_sweep__action_characterization-Materiality_PP_Action_SDG__convert_to_USD-True__drop_real_estate-False__drop_utilities-False__fama_factor_reg__h824990bb/initiative_decomposition.csv  (11303 rows)
[run] sweep__action_characterization-Materiality_PP_Action_SDG__convert_to_USD-True__drop_real_estate-False__drop_utilities-False__fama_factor_reg__h824990bb: 4 artifacts
[run] archived (kept)     -> runs/20260930T161958Z_sweep__action_characterization-Materiality_PP_Action_SDG__convert_to_USD-True__drop_real_estate-False__drop_utilities-False__fama_factor_reg__h824990bb/   (+ manifest.json/.md, dashboard.md)
[run] latest (overwrites) -> sweep_output/20260930T134756Z_developed_materiality_sdg_groups_x_behaviours/artifacts/sweep__action_characterization-Materiality_PP_Action_SDG__convert_to_USD-True__drop_real_estate-False__drop_utilities-False__fama_factor_reg__h824990bb/
[run] debug prints        -> runs/20260930T161958Z_sweep__action_characterization-Materiality_PP_Action_SDG__convert_to_USD-True__drop_real_estate-False__drop_utilities-False__fama_factor_reg__h824990bb/debug_prints.log
[run] view it:  python -m parity.show sweep__action_characterization-Materiality_PP_Action_SDG__convert_to_USD-True__drop_real_estate-False__drop_utilities-False__fama_factor_reg__h824990bb

[sweep] (34/128) sweep__action_characterization-Materiality_PP_Action_SDG__convert_to_USD-True__fama_factor_region-Developed__materiality_pp_action-total__re__hbc26cedb
[sweep]     action_characterization=Materiality_PP_Action_SDG, convert_to_USD=True, fama_factor_region=Developed, materiality_pp_action=total, region_analysis=Developed
[run] decomposition PDF    -> runs/20260930T162407Z_sweep__action_characterization-Materiality_PP_Action_SDG__convert_to_USD-True__fama_factor_region-Developed__materiality_pp_action-total__re__hbc26cedb/initiative_decomposition.pdf  (6 pages)
[run] decomposition CSV    -> runs/20260930T162407Z_sweep__action_characterization-Materiality_PP_Action_SDG__convert_to_USD-True__fama_factor_region-Developed__materiality_pp_action-total__re__hbc26cedb/initiative_decomposition.csv  (11125 rows)
[run] sweep__action_characterization-Materiality_PP_Action_SDG__convert_to_USD-True__fama_factor_region-Developed__materiality_pp_action-total__re__hbc26cedb: 4 artifacts
[run] archived (kept)     -> runs/20260930T162407Z_sweep__action_characterization-Materiality_PP_Action_SDG__convert_to_USD-True__fama_factor_region-Developed__materiality_pp_action-total__re__hbc26cedb/   (+ manifest.json/.md, dashboard.md)
[run] latest (overwrites) -> sweep_output/20260930T134756Z_developed_materiality_sdg_groups_x_behaviours/artifacts/sweep__action_characterization-Materiality_PP_Action_SDG__convert_to_USD-True__fama_factor_region-Developed__materiality_pp_action-total__re__hbc26cedb/
[run] debug prints        -> runs/20260930T162407Z_sweep__action_characterization-Materiality_PP_Action_SDG__convert_to_USD-True__fama_factor_region-Developed__materiality_pp_action-total__re__hbc26cedb/debug_prints.log
[run] view it:  python -m parity.show sweep__action_characterization-Materiality_PP_Action_SDG__convert_to_USD-True__fama_factor_region-Developed__materiality_pp_action-total__re__hbc26cedb

[sweep] (35/128) sweep__action_characterization-Materiality_PP_Action_SDG__convert_to_USD-True__drop_real_estate-False__drop_utilities-False__fama_factor_reg__h722eec67
[sweep]     action_characterization=Materiality_PP_Action_SDG, convert_to_USD=True, drop_real_estate=False, drop_utilities=False, fama_factor_region=Developed, materiality_pp_action=total, mktcap_covered_if_filter_by_cum_market_cap=0.99, region_analysis=Developed
[run] decomposition PDF    -> runs/20260930T162814Z_sweep__action_characterization-Materiality_PP_Action_SDG__convert_to_USD-True__drop_real_estate-False__drop_utilities-False__fama_factor_reg__h722eec67/initiative_decomposition.pdf  (6 pages)
[run] decomposition CSV    -> runs/20260930T162814Z_sweep__action_characterization-Materiality_PP_Action_SDG__convert_to_USD-True__drop_real_estate-False__drop_utilities-False__fama_factor_reg__h722eec67/initiative_decomposition.csv  (11303 rows)
[run] sweep__action_characterization-Materiality_PP_Action_SDG__convert_to_USD-True__drop_real_estate-False__drop_utilities-False__fama_factor_reg__h722eec67: 4 artifacts
[run] archived (kept)     -> runs/20260930T162814Z_sweep__action_characterization-Materiality_PP_Action_SDG__convert_to_USD-True__drop_real_estate-False__drop_utilities-False__fama_factor_reg__h722eec67/   (+ manifest.json/.md, dashboard.md)
[run] latest (overwrites) -> sweep_output/20260930T134756Z_developed_materiality_sdg_groups_x_behaviours/artifacts/sweep__action_characterization-Materiality_PP_Action_SDG__convert_to_USD-True__drop_real_estate-False__drop_utilities-False__fama_factor_reg__h722eec67/
[run] debug prints        -> runs/20260930T162814Z_sweep__action_characterization-Materiality_PP_Action_SDG__convert_to_USD-True__drop_real_estate-False__drop_utilities-False__fama_factor_reg__h722eec67/debug_prints.log
[run] view it:  python -m parity.show sweep__action_characterization-Materiality_PP_Action_SDG__convert_to_USD-True__drop_real_estate-False__drop_utilities-False__fama_factor_reg__h722eec67

[sweep] (36/128) sweep__action_characterization-Materiality_PP_Action_SDG__convert_to_USD-True__fama_factor_region-Developed__materiality_pp_action-total__mk__hc064ef63
[sweep]     action_characterization=Materiality_PP_Action_SDG, convert_to_USD=True, fama_factor_region=Developed, materiality_pp_action=total, mktcap_covered_if_filter_by_cum_market_cap=0.99, region_analysis=Developed
[run] decomposition PDF    -> runs/20260930T163251Z_sweep__action_characterization-Materiality_PP_Action_SDG__convert_to_USD-True__fama_factor_region-Developed__materiality_pp_action-total__mk__hc064ef63/initiative_decomposition.pdf  (6 pages)
[run] decomposition CSV    -> runs/20260930T163251Z_sweep__action_characterization-Materiality_PP_Action_SDG__convert_to_USD-True__fama_factor_region-Developed__materiality_pp_action-total__mk__hc064ef63/initiative_decomposition.csv  (11125 rows)
[run] sweep__action_characterization-Materiality_PP_Action_SDG__convert_to_USD-True__fama_factor_region-Developed__materiality_pp_action-total__mk__hc064ef63: 4 artifacts
[run] archived (kept)     -> runs/20260930T163251Z_sweep__action_characterization-Materiality_PP_Action_SDG__convert_to_USD-True__fama_factor_region-Developed__materiality_pp_action-total__mk__hc064ef63/   (+ manifest.json/.md, dashboard.md)
[run] latest (overwrites) -> sweep_output/20260930T134756Z_developed_materiality_sdg_groups_x_behaviours/artifacts/sweep__action_characterization-Materiality_PP_Action_SDG__convert_to_USD-True__fama_factor_region-Developed__materiality_pp_action-total__mk__hc064ef63/
[run] debug prints        -> runs/20260930T163251Z_sweep__action_characterization-Materiality_PP_Action_SDG__convert_to_USD-True__fama_factor_region-Developed__materiality_pp_action-total__mk__hc064ef63/debug_prints.log
[run] view it:  python -m parity.show sweep__action_characterization-Materiality_PP_Action_SDG__convert_to_USD-True__fama_factor_region-Developed__materiality_pp_action-total__mk__hc064ef63

[sweep] (37/128) sweep__action_characterization-Materiality_PP_Action_SDG__convert_to_USD-True__drop_real_estate-False__drop_utilities-False__fama_factor_reg__hd7101ff4
[sweep]     action_characterization=Materiality_PP_Action_SDG, convert_to_USD=True, drop_real_estate=False, drop_utilities=False, fama_factor_region=Developed, materiality_pp_action=total, portfolio_weighting=equal, region_analysis=Developed
[run] decomposition PDF    -> runs/20260930T163723Z_sweep__action_characterization-Materiality_PP_Action_SDG__convert_to_USD-True__drop_real_estate-False__drop_utilities-False__fama_factor_reg__hd7101ff4/initiative_decomposition.pdf  (6 pages)
[run] decomposition CSV    -> runs/20260930T163723Z_sweep__action_characterization-Materiality_PP_Action_SDG__convert_to_USD-True__drop_real_estate-False__drop_utilities-False__fama_factor_reg__hd7101ff4/initiative_decomposition.csv  (11303 rows)
[run] sweep__action_characterization-Materiality_PP_Action_SDG__convert_to_USD-True__drop_real_estate-False__drop_utilities-False__fama_factor_reg__hd7101ff4: 4 artifacts
[run] archived (kept)     -> runs/20260930T163723Z_sweep__action_characterization-Materiality_PP_Action_SDG__convert_to_USD-True__drop_real_estate-False__drop_utilities-False__fama_factor_reg__hd7101ff4/   (+ manifest.json/.md, dashboard.md)
[run] latest (overwrites) -> sweep_output/20260930T134756Z_developed_materiality_sdg_groups_x_behaviours/artifacts/sweep__action_characterization-Materiality_PP_Action_SDG__convert_to_USD-True__drop_real_estate-False__drop_utilities-False__fama_factor_reg__hd7101ff4/
[run] debug prints        -> runs/20260930T163723Z_sweep__action_characterization-Materiality_PP_Action_SDG__convert_to_USD-True__drop_real_estate-False__drop_utilities-False__fama_factor_reg__hd7101ff4/debug_prints.log
[run] view it:  python -m parity.show sweep__action_characterization-Materiality_PP_Action_SDG__convert_to_USD-True__drop_real_estate-False__drop_utilities-False__fama_factor_reg__hd7101ff4

[sweep] (38/128) sweep__action_characterization-Materiality_PP_Action_SDG__convert_to_USD-True__fama_factor_region-Developed__materiality_pp_action-total__po__h94bf2141
[sweep]     action_characterization=Materiality_PP_Action_SDG, convert_to_USD=True, fama_factor_region=Developed, materiality_pp_action=total, portfolio_weighting=equal, region_analysis=Developed
[run] decomposition PDF    -> runs/20260930T164131Z_sweep__action_characterization-Materiality_PP_Action_SDG__convert_to_USD-True__fama_factor_region-Developed__materiality_pp_action-total__po__h94bf2141/initiative_decomposition.pdf  (6 pages)
[run] decomposition CSV    -> runs/20260930T164131Z_sweep__action_characterization-Materiality_PP_Action_SDG__convert_to_USD-True__fama_factor_region-Developed__materiality_pp_action-total__po__h94bf2141/initiative_decomposition.csv  (11125 rows)
[run] sweep__action_characterization-Materiality_PP_Action_SDG__convert_to_USD-True__fama_factor_region-Developed__materiality_pp_action-total__po__h94bf2141: 4 artifacts
[run] archived (kept)     -> runs/20260930T164131Z_sweep__action_characterization-Materiality_PP_Action_SDG__convert_to_USD-True__fama_factor_region-Developed__materiality_pp_action-total__po__h94bf2141/   (+ manifest.json/.md, dashboard.md)
[run] latest (overwrites) -> sweep_output/20260930T134756Z_developed_materiality_sdg_groups_x_behaviours/artifacts/sweep__action_characterization-Materiality_PP_Action_SDG__convert_to_USD-True__fama_factor_region-Developed__materiality_pp_action-total__po__h94bf2141/
[run] debug prints        -> runs/20260930T164131Z_sweep__action_characterization-Materiality_PP_Action_SDG__convert_to_USD-True__fama_factor_region-Developed__materiality_pp_action-total__po__h94bf2141/debug_prints.log
[run] view it:  python -m parity.show sweep__action_characterization-Materiality_PP_Action_SDG__convert_to_USD-True__fama_factor_region-Developed__materiality_pp_action-total__po__h94bf2141

[sweep] (39/128) sweep__action_characterization-Materiality_PP_Action_SDG__convert_to_USD-True__drop_real_estate-False__drop_utilities-False__fama_factor_reg__h866f7341
[sweep]     action_characterization=Materiality_PP_Action_SDG, convert_to_USD=True, drop_real_estate=False, drop_utilities=False, fama_factor_region=Developed, materiality_pp_action=total, mktcap_covered_if_filter_by_cum_market_cap=0.99, portfolio_weighting=equal, region_analysis=Developed
[run] decomposition PDF    -> runs/20260930T164536Z_sweep__action_characterization-Materiality_PP_Action_SDG__convert_to_USD-True__drop_real_estate-False__drop_utilities-False__fama_factor_reg__h866f7341/initiative_decomposition.pdf  (6 pages)
[run] decomposition CSV    -> runs/20260930T164536Z_sweep__action_characterization-Materiality_PP_Action_SDG__convert_to_USD-True__drop_real_estate-False__drop_utilities-False__fama_factor_reg__h866f7341/initiative_decomposition.csv  (11303 rows)
[run] sweep__action_characterization-Materiality_PP_Action_SDG__convert_to_USD-True__drop_real_estate-False__drop_utilities-False__fama_factor_reg__h866f7341: 4 artifacts
[run] archived (kept)     -> runs/20260930T164536Z_sweep__action_characterization-Materiality_PP_Action_SDG__convert_to_USD-True__drop_real_estate-False__drop_utilities-False__fama_factor_reg__h866f7341/   (+ manifest.json/.md, dashboard.md)
[run] latest (overwrites) -> sweep_output/20260930T134756Z_developed_materiality_sdg_groups_x_behaviours/artifacts/sweep__action_characterization-Materiality_PP_Action_SDG__convert_to_USD-True__drop_real_estate-False__drop_utilities-False__fama_factor_reg__h866f7341/
[run] debug prints        -> runs/20260930T164536Z_sweep__action_characterization-Materiality_PP_Action_SDG__convert_to_USD-True__drop_real_estate-False__drop_utilities-False__fama_factor_reg__h866f7341/debug_prints.log
[run] view it:  python -m parity.show sweep__action_characterization-Materiality_PP_Action_SDG__convert_to_USD-True__drop_real_estate-False__drop_utilities-False__fama_factor_reg__h866f7341

[sweep] (40/128) sweep__action_characterization-Materiality_PP_Action_SDG__convert_to_USD-True__fama_factor_region-Developed__materiality_pp_action-total__mk__hf96c6d0d
[sweep]     action_characterization=Materiality_PP_Action_SDG, convert_to_USD=True, fama_factor_region=Developed, materiality_pp_action=total, mktcap_covered_if_filter_by_cum_market_cap=0.99, portfolio_weighting=equal, region_analysis=Developed
[run] decomposition PDF    -> runs/20260930T165014Z_sweep__action_characterization-Materiality_PP_Action_SDG__convert_to_USD-True__fama_factor_region-Developed__materiality_pp_action-total__mk__hf96c6d0d/initiative_decomposition.pdf  (6 pages)
[run] decomposition CSV    -> runs/20260930T165014Z_sweep__action_characterization-Materiality_PP_Action_SDG__convert_to_USD-True__fama_factor_region-Developed__materiality_pp_action-total__mk__hf96c6d0d/initiative_decomposition.csv  (11125 rows)
[run] sweep__action_characterization-Materiality_PP_Action_SDG__convert_to_USD-True__fama_factor_region-Developed__materiality_pp_action-total__mk__hf96c6d0d: 4 artifacts
[run] archived (kept)     -> runs/20260930T165014Z_sweep__action_characterization-Materiality_PP_Action_SDG__convert_to_USD-True__fama_factor_region-Developed__materiality_pp_action-total__mk__hf96c6d0d/   (+ manifest.json/.md, dashboard.md)
[run] latest (overwrites) -> sweep_output/20260930T134756Z_developed_materiality_sdg_groups_x_behaviours/artifacts/sweep__action_characterization-Materiality_PP_Action_SDG__convert_to_USD-True__fama_factor_region-Developed__materiality_pp_action-total__mk__hf96c6d0d/
[run] debug prints        -> runs/20260930T165014Z_sweep__action_characterization-Materiality_PP_Action_SDG__convert_to_USD-True__fama_factor_region-Developed__materiality_pp_action-total__mk__hf96c6d0d/debug_prints.log
[run] view it:  python -m parity.show sweep__action_characterization-Materiality_PP_Action_SDG__convert_to_USD-True__fama_factor_region-Developed__materiality_pp_action-total__mk__hf96c6d0d
[sweep] rebuilt sweep_output/20260930T134756Z_developed_materiality_sdg_groups_x_behaviours/results.{pdf,csv,xlsx} (40 pages, 40 rows)

[sweep] (41/128) sweep__action_characterization-Materiality_PP_Action_SDG__convert_to_USD-True__drop_real_estate-False__drop_utilities-False__fama_factor_reg__h844fd913
[sweep]     action_characterization=Materiality_PP_Action_SDG, convert_to_USD=True, drop_real_estate=False, drop_utilities=False, fama_factor_region=Developed, materiality_pp_action=advocacy_old_def, region_analysis=Developed
[run] decomposition PDF    -> runs/20260930T165509Z_sweep__action_characterization-Materiality_PP_Action_SDG__convert_to_USD-True__drop_real_estate-False__drop_utilities-False__fama_factor_reg__h844fd913/initiative_decomposition.pdf  (6 pages)
[run] decomposition CSV    -> runs/20260930T165509Z_sweep__action_characterization-Materiality_PP_Action_SDG__convert_to_USD-True__drop_real_estate-False__drop_utilities-False__fama_factor_reg__h844fd913/initiative_decomposition.csv  (8366 rows)
[run] sweep__action_characterization-Materiality_PP_Action_SDG__convert_to_USD-True__drop_real_estate-False__drop_utilities-False__fama_factor_reg__h844fd913: 4 artifacts
[run] archived (kept)     -> runs/20260930T165509Z_sweep__action_characterization-Materiality_PP_Action_SDG__convert_to_USD-True__drop_real_estate-False__drop_utilities-False__fama_factor_reg__h844fd913/   (+ manifest.json/.md, dashboard.md)
[run] latest (overwrites) -> sweep_output/20260930T134756Z_developed_materiality_sdg_groups_x_behaviours/artifacts/sweep__action_characterization-Materiality_PP_Action_SDG__convert_to_USD-True__drop_real_estate-False__drop_utilities-False__fama_factor_reg__h844fd913/
[run] debug prints        -> runs/20260930T165509Z_sweep__action_characterization-Materiality_PP_Action_SDG__convert_to_USD-True__drop_real_estate-False__drop_utilities-False__fama_factor_reg__h844fd913/debug_prints.log
[run] view it:  python -m parity.show sweep__action_characterization-Materiality_PP_Action_SDG__convert_to_USD-True__drop_real_estate-False__drop_utilities-False__fama_factor_reg__h844fd913

[sweep] (42/128) sweep__action_characterization-Materiality_PP_Action_SDG__convert_to_USD-True__fama_factor_region-Developed__materiality_pp_action-advocacy___h2737addb
[sweep]     action_characterization=Materiality_PP_Action_SDG, convert_to_USD=True, fama_factor_region=Developed, materiality_pp_action=advocacy_old_def, region_analysis=Developed
[run] decomposition PDF    -> runs/20260930T165924Z_sweep__action_characterization-Materiality_PP_Action_SDG__convert_to_USD-True__fama_factor_region-Developed__materiality_pp_action-advocacy___h2737addb/initiative_decomposition.pdf  (6 pages)
[run] decomposition CSV    -> runs/20260930T165924Z_sweep__action_characterization-Materiality_PP_Action_SDG__convert_to_USD-True__fama_factor_region-Developed__materiality_pp_action-advocacy___h2737addb/initiative_decomposition.csv  (8277 rows)
[run] sweep__action_characterization-Materiality_PP_Action_SDG__convert_to_USD-True__fama_factor_region-Developed__materiality_pp_action-advocacy___h2737addb: 4 artifacts
[run] archived (kept)     -> runs/20260930T165924Z_sweep__action_characterization-Materiality_PP_Action_SDG__convert_to_USD-True__fama_factor_region-Developed__materiality_pp_action-advocacy___h2737addb/   (+ manifest.json/.md, dashboard.md)
[run] latest (overwrites) -> sweep_output/20260930T134756Z_developed_materiality_sdg_groups_x_behaviours/artifacts/sweep__action_characterization-Materiality_PP_Action_SDG__convert_to_USD-True__fama_factor_region-Developed__materiality_pp_action-advocacy___h2737addb/
[run] debug prints        -> runs/20260930T165924Z_sweep__action_characterization-Materiality_PP_Action_SDG__convert_to_USD-True__fama_factor_region-Developed__materiality_pp_action-advocacy___h2737addb/debug_prints.log
[run] view it:  python -m parity.show sweep__action_characterization-Materiality_PP_Action_SDG__convert_to_USD-True__fama_factor_region-Developed__materiality_pp_action-advocacy___h2737addb

[sweep] (43/128) sweep__action_characterization-Materiality_PP_Action_SDG__convert_to_USD-True__drop_real_estate-False__drop_utilities-False__fama_factor_reg__hfd34cc0e
[sweep]     action_characterization=Materiality_PP_Action_SDG, convert_to_USD=True, drop_real_estate=False, drop_utilities=False, fama_factor_region=Developed, materiality_pp_action=advocacy_old_def, mktcap_covered_if_filter_by_cum_market_cap=0.99, region_analysis=Developed
[run] decomposition PDF    -> runs/20260930T170338Z_sweep__action_characterization-Materiality_PP_Action_SDG__convert_to_USD-True__drop_real_estate-False__drop_utilities-False__fama_factor_reg__hfd34cc0e/initiative_decomposition.pdf  (6 pages)
[run] decomposition CSV    -> runs/20260930T170338Z_sweep__action_characterization-Materiality_PP_Action_SDG__convert_to_USD-True__drop_real_estate-False__drop_utilities-False__fama_factor_reg__hfd34cc0e/initiative_decomposition.csv  (8366 rows)
[run] sweep__action_characterization-Materiality_PP_Action_SDG__convert_to_USD-True__drop_real_estate-False__drop_utilities-False__fama_factor_reg__hfd34cc0e: 4 artifacts
[run] archived (kept)     -> runs/20260930T170338Z_sweep__action_characterization-Materiality_PP_Action_SDG__convert_to_USD-True__drop_real_estate-False__drop_utilities-False__fama_factor_reg__hfd34cc0e/   (+ manifest.json/.md, dashboard.md)
[run] latest (overwrites) -> sweep_output/20260930T134756Z_developed_materiality_sdg_groups_x_behaviours/artifacts/sweep__action_characterization-Materiality_PP_Action_SDG__convert_to_USD-True__drop_real_estate-False__drop_utilities-False__fama_factor_reg__hfd34cc0e/
[run] debug prints        -> runs/20260930T170338Z_sweep__action_characterization-Materiality_PP_Action_SDG__convert_to_USD-True__drop_real_estate-False__drop_utilities-False__fama_factor_reg__hfd34cc0e/debug_prints.log
[run] view it:  python -m parity.show sweep__action_characterization-Materiality_PP_Action_SDG__convert_to_USD-True__drop_real_estate-False__drop_utilities-False__fama_factor_reg__hfd34cc0e

[sweep] (44/128) sweep__action_characterization-Materiality_PP_Action_SDG__convert_to_USD-True__fama_factor_region-Developed__materiality_pp_action-advocacy___h494b2969
[sweep]     action_characterization=Materiality_PP_Action_SDG, convert_to_USD=True, fama_factor_region=Developed, materiality_pp_action=advocacy_old_def, mktcap_covered_if_filter_by_cum_market_cap=0.99, region_analysis=Developed
[run] decomposition PDF    -> runs/20260930T170815Z_sweep__action_characterization-Materiality_PP_Action_SDG__convert_to_USD-True__fama_factor_region-Developed__materiality_pp_action-advocacy___h494b2969/initiative_decomposition.pdf  (6 pages)
[run] decomposition CSV    -> runs/20260930T170815Z_sweep__action_characterization-Materiality_PP_Action_SDG__convert_to_USD-True__fama_factor_region-Developed__materiality_pp_action-advocacy___h494b2969/initiative_decomposition.csv  (8277 rows)
[run] sweep__action_characterization-Materiality_PP_Action_SDG__convert_to_USD-True__fama_factor_region-Developed__materiality_pp_action-advocacy___h494b2969: 4 artifacts
[run] archived (kept)     -> runs/20260930T170815Z_sweep__action_characterization-Materiality_PP_Action_SDG__convert_to_USD-True__fama_factor_region-Developed__materiality_pp_action-advocacy___h494b2969/   (+ manifest.json/.md, dashboard.md)
[run] latest (overwrites) -> sweep_output/20260930T134756Z_developed_materiality_sdg_groups_x_behaviours/artifacts/sweep__action_characterization-Materiality_PP_Action_SDG__convert_to_USD-True__fama_factor_region-Developed__materiality_pp_action-advocacy___h494b2969/
[run] debug prints        -> runs/20260930T170815Z_sweep__action_characterization-Materiality_PP_Action_SDG__convert_to_USD-True__fama_factor_region-Developed__materiality_pp_action-advocacy___h494b2969/debug_prints.log
[run] view it:  python -m parity.show sweep__action_characterization-Materiality_PP_Action_SDG__convert_to_USD-True__fama_factor_region-Developed__materiality_pp_action-advocacy___h494b2969

[sweep] (45/128) sweep__action_characterization-Materiality_PP_Action_SDG__convert_to_USD-True__drop_real_estate-False__drop_utilities-False__fama_factor_reg__h955e6744
[sweep]     action_characterization=Materiality_PP_Action_SDG, convert_to_USD=True, drop_real_estate=False, drop_utilities=False, fama_factor_region=Developed, materiality_pp_action=advocacy_old_def, portfolio_weighting=equal, region_analysis=Developed
[run] decomposition PDF    -> runs/20260930T171246Z_sweep__action_characterization-Materiality_PP_Action_SDG__convert_to_USD-True__drop_real_estate-False__drop_utilities-False__fama_factor_reg__h955e6744/initiative_decomposition.pdf  (6 pages)
[run] decomposition CSV    -> runs/20260930T171246Z_sweep__action_characterization-Materiality_PP_Action_SDG__convert_to_USD-True__drop_real_estate-False__drop_utilities-False__fama_factor_reg__h955e6744/initiative_decomposition.csv  (8366 rows)
[run] sweep__action_characterization-Materiality_PP_Action_SDG__convert_to_USD-True__drop_real_estate-False__drop_utilities-False__fama_factor_reg__h955e6744: 4 artifacts
[run] archived (kept)     -> runs/20260930T171246Z_sweep__action_characterization-Materiality_PP_Action_SDG__convert_to_USD-True__drop_real_estate-False__drop_utilities-False__fama_factor_reg__h955e6744/   (+ manifest.json/.md, dashboard.md)
[run] latest (overwrites) -> sweep_output/20260930T134756Z_developed_materiality_sdg_groups_x_behaviours/artifacts/sweep__action_characterization-Materiality_PP_Action_SDG__convert_to_USD-True__drop_real_estate-False__drop_utilities-False__fama_factor_reg__h955e6744/
[run] debug prints        -> runs/20260930T171246Z_sweep__action_characterization-Materiality_PP_Action_SDG__convert_to_USD-True__drop_real_estate-False__drop_utilities-False__fama_factor_reg__h955e6744/debug_prints.log
[run] view it:  python -m parity.show sweep__action_characterization-Materiality_PP_Action_SDG__convert_to_USD-True__drop_real_estate-False__drop_utilities-False__fama_factor_reg__h955e6744

[sweep] (46/128) sweep__action_characterization-Materiality_PP_Action_SDG__convert_to_USD-True__fama_factor_region-Developed__materiality_pp_action-advocacy___hdede80f1
[sweep]     action_characterization=Materiality_PP_Action_SDG, convert_to_USD=True, fama_factor_region=Developed, materiality_pp_action=advocacy_old_def, portfolio_weighting=equal, region_analysis=Developed
[run] decomposition PDF    -> runs/20260930T171654Z_sweep__action_characterization-Materiality_PP_Action_SDG__convert_to_USD-True__fama_factor_region-Developed__materiality_pp_action-advocacy___hdede80f1/initiative_decomposition.pdf  (6 pages)
[run] decomposition CSV    -> runs/20260930T171654Z_sweep__action_characterization-Materiality_PP_Action_SDG__convert_to_USD-True__fama_factor_region-Developed__materiality_pp_action-advocacy___hdede80f1/initiative_decomposition.csv  (8277 rows)
[run] sweep__action_characterization-Materiality_PP_Action_SDG__convert_to_USD-True__fama_factor_region-Developed__materiality_pp_action-advocacy___hdede80f1: 4 artifacts
[run] archived (kept)     -> runs/20260930T171654Z_sweep__action_characterization-Materiality_PP_Action_SDG__convert_to_USD-True__fama_factor_region-Developed__materiality_pp_action-advocacy___hdede80f1/   (+ manifest.json/.md, dashboard.md)
[run] latest (overwrites) -> sweep_output/20260930T134756Z_developed_materiality_sdg_groups_x_behaviours/artifacts/sweep__action_characterization-Materiality_PP_Action_SDG__convert_to_USD-True__fama_factor_region-Developed__materiality_pp_action-advocacy___hdede80f1/
[run] debug prints        -> runs/20260930T171654Z_sweep__action_characterization-Materiality_PP_Action_SDG__convert_to_USD-True__fama_factor_region-Developed__materiality_pp_action-advocacy___hdede80f1/debug_prints.log
[run] view it:  python -m parity.show sweep__action_characterization-Materiality_PP_Action_SDG__convert_to_USD-True__fama_factor_region-Developed__materiality_pp_action-advocacy___hdede80f1

[sweep] (47/128) sweep__action_characterization-Materiality_PP_Action_SDG__convert_to_USD-True__drop_real_estate-False__drop_utilities-False__fama_factor_reg__h54a30235
[sweep]     action_characterization=Materiality_PP_Action_SDG, convert_to_USD=True, drop_real_estate=False, drop_utilities=False, fama_factor_region=Developed, materiality_pp_action=advocacy_old_def, mktcap_covered_if_filter_by_cum_market_cap=0.99, portfolio_weighting=equal, region_analysis=Developed
[run] decomposition PDF    -> runs/20260930T172107Z_sweep__action_characterization-Materiality_PP_Action_SDG__convert_to_USD-True__drop_real_estate-False__drop_utilities-False__fama_factor_reg__h54a30235/initiative_decomposition.pdf  (6 pages)
[run] decomposition CSV    -> runs/20260930T172107Z_sweep__action_characterization-Materiality_PP_Action_SDG__convert_to_USD-True__drop_real_estate-False__drop_utilities-False__fama_factor_reg__h54a30235/initiative_decomposition.csv  (8366 rows)
[run] sweep__action_characterization-Materiality_PP_Action_SDG__convert_to_USD-True__drop_real_estate-False__drop_utilities-False__fama_factor_reg__h54a30235: 4 artifacts
[run] archived (kept)     -> runs/20260930T172107Z_sweep__action_characterization-Materiality_PP_Action_SDG__convert_to_USD-True__drop_real_estate-False__drop_utilities-False__fama_factor_reg__h54a30235/   (+ manifest.json/.md, dashboard.md)
[run] latest (overwrites) -> sweep_output/20260930T134756Z_developed_materiality_sdg_groups_x_behaviours/artifacts/sweep__action_characterization-Materiality_PP_Action_SDG__convert_to_USD-True__drop_real_estate-False__drop_utilities-False__fama_factor_reg__h54a30235/
[run] debug prints        -> runs/20260930T172107Z_sweep__action_characterization-Materiality_PP_Action_SDG__convert_to_USD-True__drop_real_estate-False__drop_utilities-False__fama_factor_reg__h54a30235/debug_prints.log
[run] view it:  python -m parity.show sweep__action_characterization-Materiality_PP_Action_SDG__convert_to_USD-True__drop_real_estate-False__drop_utilities-False__fama_factor_reg__h54a30235

[sweep] (48/128) sweep__action_characterization-Materiality_PP_Action_SDG__convert_to_USD-True__fama_factor_region-Developed__materiality_pp_action-advocacy___hd2d5f3ed
[sweep]     action_characterization=Materiality_PP_Action_SDG, convert_to_USD=True, fama_factor_region=Developed, materiality_pp_action=advocacy_old_def, mktcap_covered_if_filter_by_cum_market_cap=0.99, portfolio_weighting=equal, region_analysis=Developed
[run] decomposition PDF    -> runs/20260930T172549Z_sweep__action_characterization-Materiality_PP_Action_SDG__convert_to_USD-True__fama_factor_region-Developed__materiality_pp_action-advocacy___hd2d5f3ed/initiative_decomposition.pdf  (6 pages)
[run] decomposition CSV    -> runs/20260930T172549Z_sweep__action_characterization-Materiality_PP_Action_SDG__convert_to_USD-True__fama_factor_region-Developed__materiality_pp_action-advocacy___hd2d5f3ed/initiative_decomposition.csv  (8277 rows)
[run] sweep__action_characterization-Materiality_PP_Action_SDG__convert_to_USD-True__fama_factor_region-Developed__materiality_pp_action-advocacy___hd2d5f3ed: 4 artifacts
[run] archived (kept)     -> runs/20260930T172549Z_sweep__action_characterization-Materiality_PP_Action_SDG__convert_to_USD-True__fama_factor_region-Developed__materiality_pp_action-advocacy___hd2d5f3ed/   (+ manifest.json/.md, dashboard.md)
[run] latest (overwrites) -> sweep_output/20260930T134756Z_developed_materiality_sdg_groups_x_behaviours/artifacts/sweep__action_characterization-Materiality_PP_Action_SDG__convert_to_USD-True__fama_factor_region-Developed__materiality_pp_action-advocacy___hd2d5f3ed/
[run] debug prints        -> runs/20260930T172549Z_sweep__action_characterization-Materiality_PP_Action_SDG__convert_to_USD-True__fama_factor_region-Developed__materiality_pp_action-advocacy___hd2d5f3ed/debug_prints.log
[run] view it:  python -m parity.show sweep__action_characterization-Materiality_PP_Action_SDG__convert_to_USD-True__fama_factor_region-Developed__materiality_pp_action-advocacy___hd2d5f3ed

[sweep] (49/128) sweep__action_characterization-Materiality_PP_Action_SDG__convert_to_USD-True__drop_real_estate-False__drop_utilities-False__fama_factor_reg__hc12a7b9e
[sweep]     action_characterization=Materiality_PP_Action_SDG, convert_to_USD=True, drop_real_estate=False, drop_utilities=False, fama_factor_region=Developed, materiality_pp_action=preparation, region_analysis=Developed
[run] decomposition PDF    -> runs/20260930T173019Z_sweep__action_characterization-Materiality_PP_Action_SDG__convert_to_USD-True__drop_real_estate-False__drop_utilities-False__fama_factor_reg__hc12a7b9e/initiative_decomposition.pdf  (6 pages)
[run] decomposition CSV    -> runs/20260930T173019Z_sweep__action_characterization-Materiality_PP_Action_SDG__convert_to_USD-True__drop_real_estate-False__drop_utilities-False__fama_factor_reg__hc12a7b9e/initiative_decomposition.csv  (8366 rows)
[run] sweep__action_characterization-Materiality_PP_Action_SDG__convert_to_USD-True__drop_real_estate-False__drop_utilities-False__fama_factor_reg__hc12a7b9e: 4 artifacts
[run] archived (kept)     -> runs/20260930T173019Z_sweep__action_characterization-Materiality_PP_Action_SDG__convert_to_USD-True__drop_real_estate-False__drop_utilities-False__fama_factor_reg__hc12a7b9e/   (+ manifest.json/.md, dashboard.md)
[run] latest (overwrites) -> sweep_output/20260930T134756Z_developed_materiality_sdg_groups_x_behaviours/artifacts/sweep__action_characterization-Materiality_PP_Action_SDG__convert_to_USD-True__drop_real_estate-False__drop_utilities-False__fama_factor_reg__hc12a7b9e/
[run] debug prints        -> runs/20260930T173019Z_sweep__action_characterization-Materiality_PP_Action_SDG__convert_to_USD-True__drop_real_estate-False__drop_utilities-False__fama_factor_reg__hc12a7b9e/debug_prints.log
[run] view it:  python -m parity.show sweep__action_characterization-Materiality_PP_Action_SDG__convert_to_USD-True__drop_real_estate-False__drop_utilities-False__fama_factor_reg__hc12a7b9e

[sweep] (50/128) sweep__action_characterization-Materiality_PP_Action_SDG__convert_to_USD-True__fama_factor_region-Developed__materiality_pp_action-preparati__hfdf549d7
[sweep]     action_characterization=Materiality_PP_Action_SDG, convert_to_USD=True, fama_factor_region=Developed, materiality_pp_action=preparation, region_analysis=Developed
[run] decomposition PDF    -> runs/20260930T173431Z_sweep__action_characterization-Materiality_PP_Action_SDG__convert_to_USD-True__fama_factor_region-Developed__materiality_pp_action-preparati__hfdf549d7/initiative_decomposition.pdf  (6 pages)
[run] decomposition CSV    -> runs/20260930T173431Z_sweep__action_characterization-Materiality_PP_Action_SDG__convert_to_USD-True__fama_factor_region-Developed__materiality_pp_action-preparati__hfdf549d7/initiative_decomposition.csv  (8188 rows)
[run] sweep__action_characterization-Materiality_PP_Action_SDG__convert_to_USD-True__fama_factor_region-Developed__materiality_pp_action-preparati__hfdf549d7: 4 artifacts
[run] archived (kept)     -> runs/20260930T173431Z_sweep__action_characterization-Materiality_PP_Action_SDG__convert_to_USD-True__fama_factor_region-Developed__materiality_pp_action-preparati__hfdf549d7/   (+ manifest.json/.md, dashboard.md)
[run] latest (overwrites) -> sweep_output/20260930T134756Z_developed_materiality_sdg_groups_x_behaviours/artifacts/sweep__action_characterization-Materiality_PP_Action_SDG__convert_to_USD-True__fama_factor_region-Developed__materiality_pp_action-preparati__hfdf549d7/
[run] debug prints        -> runs/20260930T173431Z_sweep__action_characterization-Materiality_PP_Action_SDG__convert_to_USD-True__fama_factor_region-Developed__materiality_pp_action-preparati__hfdf549d7/debug_prints.log
[run] view it:  python -m parity.show sweep__action_characterization-Materiality_PP_Action_SDG__convert_to_USD-True__fama_factor_region-Developed__materiality_pp_action-preparati__hfdf549d7
[sweep] rebuilt sweep_output/20260930T134756Z_developed_materiality_sdg_groups_x_behaviours/results.{pdf,csv,xlsx} (50 pages, 50 rows)

[sweep] (51/128) sweep__action_characterization-Materiality_PP_Action_SDG__convert_to_USD-True__drop_real_estate-False__drop_utilities-False__fama_factor_reg__h7ad275a9
[sweep]     action_characterization=Materiality_PP_Action_SDG, convert_to_USD=True, drop_real_estate=False, drop_utilities=False, fama_factor_region=Developed, materiality_pp_action=preparation, mktcap_covered_if_filter_by_cum_market_cap=0.99, region_analysis=Developed
[run] decomposition PDF    -> runs/20260930T173902Z_sweep__action_characterization-Materiality_PP_Action_SDG__convert_to_USD-True__drop_real_estate-False__drop_utilities-False__fama_factor_reg__h7ad275a9/initiative_decomposition.pdf  (6 pages)
[run] decomposition CSV    -> runs/20260930T173902Z_sweep__action_characterization-Materiality_PP_Action_SDG__convert_to_USD-True__drop_real_estate-False__drop_utilities-False__fama_factor_reg__h7ad275a9/initiative_decomposition.csv  (8366 rows)
[run] sweep__action_characterization-Materiality_PP_Action_SDG__convert_to_USD-True__drop_real_estate-False__drop_utilities-False__fama_factor_reg__h7ad275a9: 4 artifacts
[run] archived (kept)     -> runs/20260930T173902Z_sweep__action_characterization-Materiality_PP_Action_SDG__convert_to_USD-True__drop_real_estate-False__drop_utilities-False__fama_factor_reg__h7ad275a9/   (+ manifest.json/.md, dashboard.md)
[run] latest (overwrites) -> sweep_output/20260930T134756Z_developed_materiality_sdg_groups_x_behaviours/artifacts/sweep__action_characterization-Materiality_PP_Action_SDG__convert_to_USD-True__drop_real_estate-False__drop_utilities-False__fama_factor_reg__h7ad275a9/
[run] debug prints        -> runs/20260930T173902Z_sweep__action_characterization-Materiality_PP_Action_SDG__convert_to_USD-True__drop_real_estate-False__drop_utilities-False__fama_factor_reg__h7ad275a9/debug_prints.log
[run] view it:  python -m parity.show sweep__action_characterization-Materiality_PP_Action_SDG__convert_to_USD-True__drop_real_estate-False__drop_utilities-False__fama_factor_reg__h7ad275a9

[sweep] (52/128) sweep__action_characterization-Materiality_PP_Action_SDG__convert_to_USD-True__fama_factor_region-Developed__materiality_pp_action-preparati__h93a4f523
[sweep]     action_characterization=Materiality_PP_Action_SDG, convert_to_USD=True, fama_factor_region=Developed, materiality_pp_action=preparation, mktcap_covered_if_filter_by_cum_market_cap=0.99, region_analysis=Developed
[run] decomposition PDF    -> runs/20260930T174342Z_sweep__action_characterization-Materiality_PP_Action_SDG__convert_to_USD-True__fama_factor_region-Developed__materiality_pp_action-preparati__h93a4f523/initiative_decomposition.pdf  (6 pages)
[run] decomposition CSV    -> runs/20260930T174342Z_sweep__action_characterization-Materiality_PP_Action_SDG__convert_to_USD-True__fama_factor_region-Developed__materiality_pp_action-preparati__h93a4f523/initiative_decomposition.csv  (8188 rows)
[run] sweep__action_characterization-Materiality_PP_Action_SDG__convert_to_USD-True__fama_factor_region-Developed__materiality_pp_action-preparati__h93a4f523: 4 artifacts
[run] archived (kept)     -> runs/20260930T174342Z_sweep__action_characterization-Materiality_PP_Action_SDG__convert_to_USD-True__fama_factor_region-Developed__materiality_pp_action-preparati__h93a4f523/   (+ manifest.json/.md, dashboard.md)
[run] latest (overwrites) -> sweep_output/20260930T134756Z_developed_materiality_sdg_groups_x_behaviours/artifacts/sweep__action_characterization-Materiality_PP_Action_SDG__convert_to_USD-True__fama_factor_region-Developed__materiality_pp_action-preparati__h93a4f523/
[run] debug prints        -> runs/20260930T174342Z_sweep__action_characterization-Materiality_PP_Action_SDG__convert_to_USD-True__fama_factor_region-Developed__materiality_pp_action-preparati__h93a4f523/debug_prints.log
[run] view it:  python -m parity.show sweep__action_characterization-Materiality_PP_Action_SDG__convert_to_USD-True__fama_factor_region-Developed__materiality_pp_action-preparati__h93a4f523

[sweep] (53/128) sweep__action_characterization-Materiality_PP_Action_SDG__convert_to_USD-True__drop_real_estate-False__drop_utilities-False__fama_factor_reg__h102e5d60
[sweep]     action_characterization=Materiality_PP_Action_SDG, convert_to_USD=True, drop_real_estate=False, drop_utilities=False, fama_factor_region=Developed, materiality_pp_action=preparation, portfolio_weighting=equal, region_analysis=Developed
[run] decomposition PDF    -> runs/20260930T174815Z_sweep__action_characterization-Materiality_PP_Action_SDG__convert_to_USD-True__drop_real_estate-False__drop_utilities-False__fama_factor_reg__h102e5d60/initiative_decomposition.pdf  (6 pages)
[run] decomposition CSV    -> runs/20260930T174815Z_sweep__action_characterization-Materiality_PP_Action_SDG__convert_to_USD-True__drop_real_estate-False__drop_utilities-False__fama_factor_reg__h102e5d60/initiative_decomposition.csv  (8366 rows)
[run] sweep__action_characterization-Materiality_PP_Action_SDG__convert_to_USD-True__drop_real_estate-False__drop_utilities-False__fama_factor_reg__h102e5d60: 4 artifacts
[run] archived (kept)     -> runs/20260930T174815Z_sweep__action_characterization-Materiality_PP_Action_SDG__convert_to_USD-True__drop_real_estate-False__drop_utilities-False__fama_factor_reg__h102e5d60/   (+ manifest.json/.md, dashboard.md)
[run] latest (overwrites) -> sweep_output/20260930T134756Z_developed_materiality_sdg_groups_x_behaviours/artifacts/sweep__action_characterization-Materiality_PP_Action_SDG__convert_to_USD-True__drop_real_estate-False__drop_utilities-False__fama_factor_reg__h102e5d60/
[run] debug prints        -> runs/20260930T174815Z_sweep__action_characterization-Materiality_PP_Action_SDG__convert_to_USD-True__drop_real_estate-False__drop_utilities-False__fama_factor_reg__h102e5d60/debug_prints.log
[run] view it:  python -m parity.show sweep__action_characterization-Materiality_PP_Action_SDG__convert_to_USD-True__drop_real_estate-False__drop_utilities-False__fama_factor_reg__h102e5d60

[sweep] (54/128) sweep__action_characterization-Materiality_PP_Action_SDG__convert_to_USD-True__fama_factor_region-Developed__materiality_pp_action-preparati__h7b1f1ac0
[sweep]     action_characterization=Materiality_PP_Action_SDG, convert_to_USD=True, fama_factor_region=Developed, materiality_pp_action=preparation, portfolio_weighting=equal, region_analysis=Developed
[run] decomposition PDF    -> runs/20260930T175223Z_sweep__action_characterization-Materiality_PP_Action_SDG__convert_to_USD-True__fama_factor_region-Developed__materiality_pp_action-preparati__h7b1f1ac0/initiative_decomposition.pdf  (6 pages)
[run] decomposition CSV    -> runs/20260930T175223Z_sweep__action_characterization-Materiality_PP_Action_SDG__convert_to_USD-True__fama_factor_region-Developed__materiality_pp_action-preparati__h7b1f1ac0/initiative_decomposition.csv  (8188 rows)
[run] sweep__action_characterization-Materiality_PP_Action_SDG__convert_to_USD-True__fama_factor_region-Developed__materiality_pp_action-preparati__h7b1f1ac0: 4 artifacts
[run] archived (kept)     -> runs/20260930T175223Z_sweep__action_characterization-Materiality_PP_Action_SDG__convert_to_USD-True__fama_factor_region-Developed__materiality_pp_action-preparati__h7b1f1ac0/   (+ manifest.json/.md, dashboard.md)
[run] latest (overwrites) -> sweep_output/20260930T134756Z_developed_materiality_sdg_groups_x_behaviours/artifacts/sweep__action_characterization-Materiality_PP_Action_SDG__convert_to_USD-True__fama_factor_region-Developed__materiality_pp_action-preparati__h7b1f1ac0/
[run] debug prints        -> runs/20260930T175223Z_sweep__action_characterization-Materiality_PP_Action_SDG__convert_to_USD-True__fama_factor_region-Developed__materiality_pp_action-preparati__h7b1f1ac0/debug_prints.log
[run] view it:  python -m parity.show sweep__action_characterization-Materiality_PP_Action_SDG__convert_to_USD-True__fama_factor_region-Developed__materiality_pp_action-preparati__h7b1f1ac0

[sweep] (55/128) sweep__action_characterization-Materiality_PP_Action_SDG__convert_to_USD-True__drop_real_estate-False__drop_utilities-False__fama_factor_reg__hf5e6acdf
[sweep]     action_characterization=Materiality_PP_Action_SDG, convert_to_USD=True, drop_real_estate=False, drop_utilities=False, fama_factor_region=Developed, materiality_pp_action=preparation, mktcap_covered_if_filter_by_cum_market_cap=0.99, portfolio_weighting=equal, region_analysis=Developed
[run] decomposition PDF    -> runs/20260930T175635Z_sweep__action_characterization-Materiality_PP_Action_SDG__convert_to_USD-True__drop_real_estate-False__drop_utilities-False__fama_factor_reg__hf5e6acdf/initiative_decomposition.pdf  (6 pages)
[run] decomposition CSV    -> runs/20260930T175635Z_sweep__action_characterization-Materiality_PP_Action_SDG__convert_to_USD-True__drop_real_estate-False__drop_utilities-False__fama_factor_reg__hf5e6acdf/initiative_decomposition.csv  (8366 rows)
[run] sweep__action_characterization-Materiality_PP_Action_SDG__convert_to_USD-True__drop_real_estate-False__drop_utilities-False__fama_factor_reg__hf5e6acdf: 4 artifacts
[run] archived (kept)     -> runs/20260930T175635Z_sweep__action_characterization-Materiality_PP_Action_SDG__convert_to_USD-True__drop_real_estate-False__drop_utilities-False__fama_factor_reg__hf5e6acdf/   (+ manifest.json/.md, dashboard.md)
[run] latest (overwrites) -> sweep_output/20260930T134756Z_developed_materiality_sdg_groups_x_behaviours/artifacts/sweep__action_characterization-Materiality_PP_Action_SDG__convert_to_USD-True__drop_real_estate-False__drop_utilities-False__fama_factor_reg__hf5e6acdf/
[run] debug prints        -> runs/20260930T175635Z_sweep__action_characterization-Materiality_PP_Action_SDG__convert_to_USD-True__drop_real_estate-False__drop_utilities-False__fama_factor_reg__hf5e6acdf/debug_prints.log
[run] view it:  python -m parity.show sweep__action_characterization-Materiality_PP_Action_SDG__convert_to_USD-True__drop_real_estate-False__drop_utilities-False__fama_factor_reg__hf5e6acdf

[sweep] (56/128) sweep__action_characterization-Materiality_PP_Action_SDG__convert_to_USD-True__fama_factor_region-Developed__materiality_pp_action-preparati__hfcfebd71
[sweep]     action_characterization=Materiality_PP_Action_SDG, convert_to_USD=True, fama_factor_region=Developed, materiality_pp_action=preparation, mktcap_covered_if_filter_by_cum_market_cap=0.99, portfolio_weighting=equal, region_analysis=Developed
[run] decomposition PDF    -> runs/20260930T180112Z_sweep__action_characterization-Materiality_PP_Action_SDG__convert_to_USD-True__fama_factor_region-Developed__materiality_pp_action-preparati__hfcfebd71/initiative_decomposition.pdf  (6 pages)
[run] decomposition CSV    -> runs/20260930T180112Z_sweep__action_characterization-Materiality_PP_Action_SDG__convert_to_USD-True__fama_factor_region-Developed__materiality_pp_action-preparati__hfcfebd71/initiative_decomposition.csv  (8188 rows)
[run] sweep__action_characterization-Materiality_PP_Action_SDG__convert_to_USD-True__fama_factor_region-Developed__materiality_pp_action-preparati__hfcfebd71: 4 artifacts
[run] archived (kept)     -> runs/20260930T180112Z_sweep__action_characterization-Materiality_PP_Action_SDG__convert_to_USD-True__fama_factor_region-Developed__materiality_pp_action-preparati__hfcfebd71/   (+ manifest.json/.md, dashboard.md)
[run] latest (overwrites) -> sweep_output/20260930T134756Z_developed_materiality_sdg_groups_x_behaviours/artifacts/sweep__action_characterization-Materiality_PP_Action_SDG__convert_to_USD-True__fama_factor_region-Developed__materiality_pp_action-preparati__hfcfebd71/
[run] debug prints        -> runs/20260930T180112Z_sweep__action_characterization-Materiality_PP_Action_SDG__convert_to_USD-True__fama_factor_region-Developed__materiality_pp_action-preparati__hfcfebd71/debug_prints.log
[run] view it:  python -m parity.show sweep__action_characterization-Materiality_PP_Action_SDG__convert_to_USD-True__fama_factor_region-Developed__materiality_pp_action-preparati__hfcfebd71

[sweep] (57/128) sweep__action_characterization-Materiality_PP_Action_SDG__convert_to_USD-True__drop_real_estate-False__drop_utilities-False__fama_factor_reg__h037a7509
[sweep]     action_characterization=Materiality_PP_Action_SDG, convert_to_USD=True, drop_real_estate=False, drop_utilities=False, fama_factor_region=Developed, materiality_pp_action=transformation, region_analysis=Developed
[run] decomposition PDF    -> runs/20260930T180546Z_sweep__action_characterization-Materiality_PP_Action_SDG__convert_to_USD-True__drop_real_estate-False__drop_utilities-False__fama_factor_reg__h037a7509/initiative_decomposition.pdf  (6 pages)
[run] decomposition CSV    -> runs/20260930T180546Z_sweep__action_characterization-Materiality_PP_Action_SDG__convert_to_USD-True__drop_real_estate-False__drop_utilities-False__fama_factor_reg__h037a7509/initiative_decomposition.csv  (8366 rows)
[run] sweep__action_characterization-Materiality_PP_Action_SDG__convert_to_USD-True__drop_real_estate-False__drop_utilities-False__fama_factor_reg__h037a7509: 4 artifacts
[run] archived (kept)     -> runs/20260930T180546Z_sweep__action_characterization-Materiality_PP_Action_SDG__convert_to_USD-True__drop_real_estate-False__drop_utilities-False__fama_factor_reg__h037a7509/   (+ manifest.json/.md, dashboard.md)
[run] latest (overwrites) -> sweep_output/20260930T134756Z_developed_materiality_sdg_groups_x_behaviours/artifacts/sweep__action_characterization-Materiality_PP_Action_SDG__convert_to_USD-True__drop_real_estate-False__drop_utilities-False__fama_factor_reg__h037a7509/
[run] debug prints        -> runs/20260930T180546Z_sweep__action_characterization-Materiality_PP_Action_SDG__convert_to_USD-True__drop_real_estate-False__drop_utilities-False__fama_factor_reg__h037a7509/debug_prints.log
[run] view it:  python -m parity.show sweep__action_characterization-Materiality_PP_Action_SDG__convert_to_USD-True__drop_real_estate-False__drop_utilities-False__fama_factor_reg__h037a7509

[sweep] (58/128) sweep__action_characterization-Materiality_PP_Action_SDG__convert_to_USD-True__fama_factor_region-Developed__materiality_pp_action-transform__h0b18d478
[sweep]     action_characterization=Materiality_PP_Action_SDG, convert_to_USD=True, fama_factor_region=Developed, materiality_pp_action=transformation, region_analysis=Developed
[run] decomposition PDF    -> runs/20260930T180956Z_sweep__action_characterization-Materiality_PP_Action_SDG__convert_to_USD-True__fama_factor_region-Developed__materiality_pp_action-transform__h0b18d478/initiative_decomposition.pdf  (6 pages)
[run] decomposition CSV    -> runs/20260930T180956Z_sweep__action_characterization-Materiality_PP_Action_SDG__convert_to_USD-True__fama_factor_region-Developed__materiality_pp_action-transform__h0b18d478/initiative_decomposition.csv  (8188 rows)
[run] sweep__action_characterization-Materiality_PP_Action_SDG__convert_to_USD-True__fama_factor_region-Developed__materiality_pp_action-transform__h0b18d478: 4 artifacts
[run] archived (kept)     -> runs/20260930T180956Z_sweep__action_characterization-Materiality_PP_Action_SDG__convert_to_USD-True__fama_factor_region-Developed__materiality_pp_action-transform__h0b18d478/   (+ manifest.json/.md, dashboard.md)
[run] latest (overwrites) -> sweep_output/20260930T134756Z_developed_materiality_sdg_groups_x_behaviours/artifacts/sweep__action_characterization-Materiality_PP_Action_SDG__convert_to_USD-True__fama_factor_region-Developed__materiality_pp_action-transform__h0b18d478/
[run] debug prints        -> runs/20260930T180956Z_sweep__action_characterization-Materiality_PP_Action_SDG__convert_to_USD-True__fama_factor_region-Developed__materiality_pp_action-transform__h0b18d478/debug_prints.log
[run] view it:  python -m parity.show sweep__action_characterization-Materiality_PP_Action_SDG__convert_to_USD-True__fama_factor_region-Developed__materiality_pp_action-transform__h0b18d478

[sweep] (59/128) sweep__action_characterization-Materiality_PP_Action_SDG__convert_to_USD-True__drop_real_estate-False__drop_utilities-False__fama_factor_reg__h03ffaa88
[sweep]     action_characterization=Materiality_PP_Action_SDG, convert_to_USD=True, drop_real_estate=False, drop_utilities=False, fama_factor_region=Developed, materiality_pp_action=transformation, mktcap_covered_if_filter_by_cum_market_cap=0.99, region_analysis=Developed
[run] decomposition PDF    -> runs/20260930T181411Z_sweep__action_characterization-Materiality_PP_Action_SDG__convert_to_USD-True__drop_real_estate-False__drop_utilities-False__fama_factor_reg__h03ffaa88/initiative_decomposition.pdf  (6 pages)
[run] decomposition CSV    -> runs/20260930T181411Z_sweep__action_characterization-Materiality_PP_Action_SDG__convert_to_USD-True__drop_real_estate-False__drop_utilities-False__fama_factor_reg__h03ffaa88/initiative_decomposition.csv  (8366 rows)
[run] sweep__action_characterization-Materiality_PP_Action_SDG__convert_to_USD-True__drop_real_estate-False__drop_utilities-False__fama_factor_reg__h03ffaa88: 4 artifacts
[run] archived (kept)     -> runs/20260930T181411Z_sweep__action_characterization-Materiality_PP_Action_SDG__convert_to_USD-True__drop_real_estate-False__drop_utilities-False__fama_factor_reg__h03ffaa88/   (+ manifest.json/.md, dashboard.md)
[run] latest (overwrites) -> sweep_output/20260930T134756Z_developed_materiality_sdg_groups_x_behaviours/artifacts/sweep__action_characterization-Materiality_PP_Action_SDG__convert_to_USD-True__drop_real_estate-False__drop_utilities-False__fama_factor_reg__h03ffaa88/
[run] debug prints        -> runs/20260930T181411Z_sweep__action_characterization-Materiality_PP_Action_SDG__convert_to_USD-True__drop_real_estate-False__drop_utilities-False__fama_factor_reg__h03ffaa88/debug_prints.log
[run] view it:  python -m parity.show sweep__action_characterization-Materiality_PP_Action_SDG__convert_to_USD-True__drop_real_estate-False__drop_utilities-False__fama_factor_reg__h03ffaa88

[sweep] (60/128) sweep__action_characterization-Materiality_PP_Action_SDG__convert_to_USD-True__fama_factor_region-Developed__materiality_pp_action-transform__h4f9fffd9
[sweep]     action_characterization=Materiality_PP_Action_SDG, convert_to_USD=True, fama_factor_region=Developed, materiality_pp_action=transformation, mktcap_covered_if_filter_by_cum_market_cap=0.99, region_analysis=Developed
[run] decomposition PDF    -> runs/20260930T181850Z_sweep__action_characterization-Materiality_PP_Action_SDG__convert_to_USD-True__fama_factor_region-Developed__materiality_pp_action-transform__h4f9fffd9/initiative_decomposition.pdf  (6 pages)
[run] decomposition CSV    -> runs/20260930T181850Z_sweep__action_characterization-Materiality_PP_Action_SDG__convert_to_USD-True__fama_factor_region-Developed__materiality_pp_action-transform__h4f9fffd9/initiative_decomposition.csv  (8188 rows)
[run] sweep__action_characterization-Materiality_PP_Action_SDG__convert_to_USD-True__fama_factor_region-Developed__materiality_pp_action-transform__h4f9fffd9: 4 artifacts
[run] archived (kept)     -> runs/20260930T181850Z_sweep__action_characterization-Materiality_PP_Action_SDG__convert_to_USD-True__fama_factor_region-Developed__materiality_pp_action-transform__h4f9fffd9/   (+ manifest.json/.md, dashboard.md)
[run] latest (overwrites) -> sweep_output/20260930T134756Z_developed_materiality_sdg_groups_x_behaviours/artifacts/sweep__action_characterization-Materiality_PP_Action_SDG__convert_to_USD-True__fama_factor_region-Developed__materiality_pp_action-transform__h4f9fffd9/
[run] debug prints        -> runs/20260930T181850Z_sweep__action_characterization-Materiality_PP_Action_SDG__convert_to_USD-True__fama_factor_region-Developed__materiality_pp_action-transform__h4f9fffd9/debug_prints.log
[run] view it:  python -m parity.show sweep__action_characterization-Materiality_PP_Action_SDG__convert_to_USD-True__fama_factor_region-Developed__materiality_pp_action-transform__h4f9fffd9
[sweep] rebuilt sweep_output/20260930T134756Z_developed_materiality_sdg_groups_x_behaviours/results.{pdf,csv,xlsx} (60 pages, 60 rows)

[sweep] (61/128) sweep__action_characterization-Materiality_PP_Action_SDG__convert_to_USD-True__drop_real_estate-False__drop_utilities-False__fama_factor_reg__h197c1257
[sweep]     action_characterization=Materiality_PP_Action_SDG, convert_to_USD=True, drop_real_estate=False, drop_utilities=False, fama_factor_region=Developed, materiality_pp_action=transformation, portfolio_weighting=equal, region_analysis=Developed
[run] decomposition PDF    -> runs/20260930T182400Z_sweep__action_characterization-Materiality_PP_Action_SDG__convert_to_USD-True__drop_real_estate-False__drop_utilities-False__fama_factor_reg__h197c1257/initiative_decomposition.pdf  (6 pages)
[run] decomposition CSV    -> runs/20260930T182400Z_sweep__action_characterization-Materiality_PP_Action_SDG__convert_to_USD-True__drop_real_estate-False__drop_utilities-False__fama_factor_reg__h197c1257/initiative_decomposition.csv  (8366 rows)
[run] sweep__action_characterization-Materiality_PP_Action_SDG__convert_to_USD-True__drop_real_estate-False__drop_utilities-False__fama_factor_reg__h197c1257: 4 artifacts
[run] archived (kept)     -> runs/20260930T182400Z_sweep__action_characterization-Materiality_PP_Action_SDG__convert_to_USD-True__drop_real_estate-False__drop_utilities-False__fama_factor_reg__h197c1257/   (+ manifest.json/.md, dashboard.md)
[run] latest (overwrites) -> sweep_output/20260930T134756Z_developed_materiality_sdg_groups_x_behaviours/artifacts/sweep__action_characterization-Materiality_PP_Action_SDG__convert_to_USD-True__drop_real_estate-False__drop_utilities-False__fama_factor_reg__h197c1257/
[run] debug prints        -> runs/20260930T182400Z_sweep__action_characterization-Materiality_PP_Action_SDG__convert_to_USD-True__drop_real_estate-False__drop_utilities-False__fama_factor_reg__h197c1257/debug_prints.log
[run] view it:  python -m parity.show sweep__action_characterization-Materiality_PP_Action_SDG__convert_to_USD-True__drop_real_estate-False__drop_utilities-False__fama_factor_reg__h197c1257

[sweep] (62/128) sweep__action_characterization-Materiality_PP_Action_SDG__convert_to_USD-True__fama_factor_region-Developed__materiality_pp_action-transform__hd21533e7
[sweep]     action_characterization=Materiality_PP_Action_SDG, convert_to_USD=True, fama_factor_region=Developed, materiality_pp_action=transformation, portfolio_weighting=equal, region_analysis=Developed
[run] decomposition PDF    -> runs/20260930T182810Z_sweep__action_characterization-Materiality_PP_Action_SDG__convert_to_USD-True__fama_factor_region-Developed__materiality_pp_action-transform__hd21533e7/initiative_decomposition.pdf  (6 pages)
[run] decomposition CSV    -> runs/20260930T182810Z_sweep__action_characterization-Materiality_PP_Action_SDG__convert_to_USD-True__fama_factor_region-Developed__materiality_pp_action-transform__hd21533e7/initiative_decomposition.csv  (8188 rows)
[run] sweep__action_characterization-Materiality_PP_Action_SDG__convert_to_USD-True__fama_factor_region-Developed__materiality_pp_action-transform__hd21533e7: 4 artifacts
[run] archived (kept)     -> runs/20260930T182810Z_sweep__action_characterization-Materiality_PP_Action_SDG__convert_to_USD-True__fama_factor_region-Developed__materiality_pp_action-transform__hd21533e7/   (+ manifest.json/.md, dashboard.md)
[run] latest (overwrites) -> sweep_output/20260930T134756Z_developed_materiality_sdg_groups_x_behaviours/artifacts/sweep__action_characterization-Materiality_PP_Action_SDG__convert_to_USD-True__fama_factor_region-Developed__materiality_pp_action-transform__hd21533e7/
[run] debug prints        -> runs/20260930T182810Z_sweep__action_characterization-Materiality_PP_Action_SDG__convert_to_USD-True__fama_factor_region-Developed__materiality_pp_action-transform__hd21533e7/debug_prints.log
[run] view it:  python -m parity.show sweep__action_characterization-Materiality_PP_Action_SDG__convert_to_USD-True__fama_factor_region-Developed__materiality_pp_action-transform__hd21533e7

[sweep] (63/128) sweep__action_characterization-Materiality_PP_Action_SDG__convert_to_USD-True__drop_real_estate-False__drop_utilities-False__fama_factor_reg__h1dcb7c65
[sweep]     action_characterization=Materiality_PP_Action_SDG, convert_to_USD=True, drop_real_estate=False, drop_utilities=False, fama_factor_region=Developed, materiality_pp_action=transformation, mktcap_covered_if_filter_by_cum_market_cap=0.99, portfolio_weighting=equal, region_analysis=Developed
[run] decomposition PDF    -> runs/20260930T183225Z_sweep__action_characterization-Materiality_PP_Action_SDG__convert_to_USD-True__drop_real_estate-False__drop_utilities-False__fama_factor_reg__h1dcb7c65/initiative_decomposition.pdf  (6 pages)
[run] decomposition CSV    -> runs/20260930T183225Z_sweep__action_characterization-Materiality_PP_Action_SDG__convert_to_USD-True__drop_real_estate-False__drop_utilities-False__fama_factor_reg__h1dcb7c65/initiative_decomposition.csv  (8366 rows)
[run] sweep__action_characterization-Materiality_PP_Action_SDG__convert_to_USD-True__drop_real_estate-False__drop_utilities-False__fama_factor_reg__h1dcb7c65: 4 artifacts/Users/cbruce1/Documents/GitHub/modular_fund_analysis/functions/data_functions/get_data.py:336: FutureWarning: Downcasting object dtype arrays on .fillna, .ffill, .bfill is deprecated and will change in a future version. Call result.infer_objects(copy=False) instead. To opt-in to the future behavior, set `pd.set_option('future.no_silent_downcasting', True)`
  fx_rates = fx_rates.ffill(axis=0)
/Users/cbruce1/Documents/GitHub/modular_fund_analysis/functions/data_functions/get_data.py:336: FutureWarning: Downcasting object dtype arrays on .fillna, .ffill, .bfill is deprecated and will change in a future version. Call result.infer_objects(copy=False) instead. To opt-in to the future behavior, set `pd.set_option('future.no_silent_downcasting', True)`
  fx_rates = fx_rates.ffill(axis=0)
/Users/cbruce1/Documents/GitHub/modular_fund_analysis/functions/data_functions/get_data.py:336: FutureWarning: Downcasting object dtype arrays on .fillna, .ffill, .bfill is deprecated and will change in a future version. Call result.infer_objects(copy=False) instead. To opt-in to the future behavior, set `pd.set_option('future.no_silent_downcasting', True)`
  fx_rates = fx_rates.ffill(axis=0)
/Users/cbruce1/Documents/GitHub/modular_fund_analysis/functions/data_functions/get_data.py:336: FutureWarning: Downcasting object dtype arrays on .fillna, .ffill, .bfill is deprecated and will change in a future version. Call result.infer_objects(copy=False) instead. To opt-in to the future behavior, set `pd.set_option('future.no_silent_downcasting', True)`
  fx_rates = fx_rates.ffill(axis=0)
/Users/cbruce1/Documents/GitHub/modular_fund_analysis/functions/data_functions/get_data.py:336: FutureWarning: Downcasting object dtype arrays on .fillna, .ffill, .bfill is deprecated and will change in a future version. Call result.infer_objects(copy=False) instead. To opt-in to the future behavior, set `pd.set_option('future.no_silent_downcasting', True)`
  fx_rates = fx_rates.ffill(axis=0)
/Users/cbruce1/Documents/GitHub/modular_fund_analysis/functions/data_functions/get_data.py:336: FutureWarning: Downcasting object dtype arrays on .fillna, .ffill, .bfill is deprecated and will change in a future version. Call result.infer_objects(copy=False) instead. To opt-in to the future behavior, set `pd.set_option('future.no_silent_downcasting', True)`
  fx_rates = fx_rates.ffill(axis=0)
/Users/cbruce1/Documents/GitHub/modular_fund_analysis/functions/data_functions/get_data.py:336: FutureWarning: Downcasting object dtype arrays on .fillna, .ffill, .bfill is deprecated and will change in a future version. Call result.infer_objects(copy=False) instead. To opt-in to the future behavior, set `pd.set_option('future.no_silent_downcasting', True)`
  fx_rates = fx_rates.ffill(axis=0)
/Users/cbruce1/Documents/GitHub/modular_fund_analysis/functions/data_functions/get_data.py:336: FutureWarning: Downcasting object dtype arrays on .fillna, .ffill, .bfill is deprecated and will change in a future version. Call result.infer_objects(copy=False) instead. To opt-in to the future behavior, set `pd.set_option('future.no_silent_downcasting', True)`
  fx_rates = fx_rates.ffill(axis=0)
/Users/cbruce1/Documents/GitHub/modular_fund_analysis/functions/data_functions/get_data.py:336: FutureWarning: Downcasting object dtype arrays on .fillna, .ffill, .bfill is deprecated and will change in a future version. Call result.infer_objects(copy=False) instead. To opt-in to the future behavior, set `pd.set_option('future.no_silent_downcasting', True)`
  fx_rates = fx_rates.ffill(axis=0)
/Users/cbruce1/Documents/GitHub/modular_fund_analysis/functions/data_functions/get_data.py:336: FutureWarning: Downcasting object dtype arrays on .fillna, .ffill, .bfill is deprecated and will change in a future version. Call result.infer_objects(copy=False) instead. To opt-in to the future behavior, set `pd.set_option('future.no_silent_downcasting', True)`
  fx_rates = fx_rates.ffill(axis=0)
/Users/cbruce1/Documents/GitHub/modular_fund_analysis/functions/data_functions/get_data.py:336: FutureWarning: Downcasting object dtype arrays on .fillna, .ffill, .bfill is deprecated and will change in a future version. Call result.infer_objects(copy=False) instead. To opt-in to the future behavior, set `pd.set_option('future.no_silent_downcasting', True)`
  fx_rates = fx_rates.ffill(axis=0)
/Users/cbruce1/Documents/GitHub/modular_fund_analysis/functions/data_functions/get_data.py:336: FutureWarning: Downcasting object dtype arrays on .fillna, .ffill, .bfill is deprecated and will change in a future version. Call result.infer_objects(copy=False) instead. To opt-in to the future behavior, set `pd.set_option('future.no_silent_downcasting', True)`
  fx_rates = fx_rates.ffill(axis=0)
/Users/cbruce1/Documents/GitHub/modular_fund_analysis/functions/data_functions/get_data.py:336: FutureWarning: Downcasting object dtype arrays on .fillna, .ffill, .bfill is deprecated and will change in a future version. Call result.infer_objects(copy=False) instead. To opt-in to the future behavior, set `pd.set_option('future.no_silent_downcasting', True)`
  fx_rates = fx_rates.ffill(axis=0)
/Users/cbruce1/Documents/GitHub/modular_fund_analysis/functions/data_functions/get_data.py:336: FutureWarning: Downcasting object dtype arrays on .fillna, .ffill, .bfill is deprecated and will change in a future version. Call result.infer_objects(copy=False) instead. To opt-in to the future behavior, set `pd.set_option('future.no_silent_downcasting', True)`
  fx_rates = fx_rates.ffill(axis=0)
/Users/cbruce1/Documents/GitHub/modular_fund_analysis/functions/data_functions/get_data.py:336: FutureWarning: Downcasting object dtype arrays on .fillna, .ffill, .bfill is deprecated and will change in a future version. Call result.infer_objects(copy=False) instead. To opt-in to the future behavior, set `pd.set_option('future.no_silent_downcasting', True)`
  fx_rates = fx_rates.ffill(axis=0)
/Users/cbruce1/Documents/GitHub/modular_fund_analysis/functions/data_functions/get_data.py:336: FutureWarning: Downcasting object dtype arrays on .fillna, .ffill, .bfill is deprecated and will change in a future version. Call result.infer_objects(copy=False) instead. To opt-in to the future behavior, set `pd.set_option('future.no_silent_downcasting', True)`
  fx_rates = fx_rates.ffill(axis=0)
/Users/cbruce1/Documents/GitHub/modular_fund_analysis/functions/data_functions/get_data.py:336: FutureWarning: Downcasting object dtype arrays on .fillna, .ffill, .bfill is deprecated and will change in a future version. Call result.infer_objects(copy=False) instead. To opt-in to the future behavior, set `pd.set_option('future.no_silent_downcasting', True)`
  fx_rates = fx_rates.ffill(axis=0)
/Users/cbruce1/Documents/GitHub/modular_fund_analysis/functions/data_functions/get_data.py:336: FutureWarning: Downcasting object dtype arrays on .fillna, .ffill, .bfill is deprecated and will change in a future version. Call result.infer_objects(copy=False) instead. To opt-in to the future behavior, set `pd.set_option('future.no_silent_downcasting', True)`
  fx_rates = fx_rates.ffill(axis=0)
/Users/cbruce1/Documents/GitHub/modular_fund_analysis/functions/data_functions/get_data.py:336: FutureWarning: Downcasting object dtype arrays on .fillna, .ffill, .bfill is deprecated and will change in a future version. Call result.infer_objects(copy=False) instead. To opt-in to the future behavior, set `pd.set_option('future.no_silent_downcasting', True)`
  fx_rates = fx_rates.ffill(axis=0)
/Users/cbruce1/Documents/GitHub/modular_fund_analysis/functions/data_functions/get_data.py:336: FutureWarning: Downcasting object dtype arrays on .fillna, .ffill, .bfill is deprecated and will change in a future version. Call result.infer_objects(copy=False) instead. To opt-in to the future behavior, set `pd.set_option('future.no_silent_downcasting', True)`
  fx_rates = fx_rates.ffill(axis=0)
/Users/cbruce1/Documents/GitHub/modular_fund_analysis/functions/data_functions/get_data.py:336: FutureWarning: Downcasting object dtype arrays on .fillna, .ffill, .bfill is deprecated and will change in a future version. Call result.infer_objects(copy=False) instead. To opt-in to the future behavior, set `pd.set_option('future.no_silent_downcasting', True)`
  fx_rates = fx_rates.ffill(axis=0)
/Users/cbruce1/Documents/GitHub/modular_fund_analysis/functions/data_functions/get_data.py:336: FutureWarning: Downcasting object dtype arrays on .fillna, .ffill, .bfill is deprecated and will change in a future version. Call result.infer_objects(copy=False) instead. To opt-in to the future behavior, set `pd.set_option('future.no_silent_downcasting', True)`
  fx_rates = fx_rates.ffill(axis=0)
/Users/cbruce1/Documents/GitHub/modular_fund_analysis/functions/data_functions/get_data.py:336: FutureWarning: Downcasting object dtype arrays on .fillna, .ffill, .bfill is deprecated and will change in a future version. Call result.infer_objects(copy=False) instead. To opt-in to the future behavior, set `pd.set_option('future.no_silent_downcasting', True)`
  fx_rates = fx_rates.ffill(axis=0)
/Users/cbruce1/Documents/GitHub/modular_fund_analysis/functions/data_functions/get_data.py:336: FutureWarning: Downcasting object dtype arrays on .fillna, .ffill, .bfill is deprecated and will change in a future version. Call result.infer_objects(copy=False) instead. To opt-in to the future behavior, set `pd.set_option('future.no_silent_downcasting', True)`
  fx_rates = fx_rates.ffill(axis=0)
/Users/cbruce1/Documents/GitHub/modular_fund_analysis/functions/data_functions/get_data.py:336: FutureWarning: Downcasting object dtype arrays on .fillna, .ffill, .bfill is deprecated and will change in a future version. Call result.infer_objects(copy=False) instead. To opt-in to the future behavior, set `pd.set_option('future.no_silent_downcasting', True)`
  fx_rates = fx_rates.ffill(axis=0)
/Users/cbruce1/Documents/GitHub/modular_fund_analysis/functions/data_functions/get_data.py:336: FutureWarning: Downcasting object dtype arrays on .fillna, .ffill, .bfill is deprecated and will change in a future version. Call result.infer_objects(copy=False) instead. To opt-in to the future behavior, set `pd.set_option('future.no_silent_downcasting', True)`
  fx_rates = fx_rates.ffill(axis=0)
/Users/cbruce1/Documents/GitHub/modular_fund_analysis/functions/data_functions/get_data.py:336: FutureWarning: Downcasting object dtype arrays on .fillna, .ffill, .bfill is deprecated and will change in a future version. Call result.infer_objects(copy=False) instead. To opt-in to the future behavior, set `pd.set_option('future.no_silent_downcasting', True)`
  fx_rates = fx_rates.ffill(axis=0)
/Users/cbruce1/Documents/GitHub/modular_fund_analysis/functions/data_functions/get_data.py:336: FutureWarning: Downcasting object dtype arrays on .fillna, .ffill, .bfill is deprecated and will change in a future version. Call result.infer_objects(copy=False) instead. To opt-in to the future behavior, set `pd.set_option('future.no_silent_downcasting', True)`
  fx_rates = fx_rates.ffill(axis=0)
/Users/cbruce1/Documents/GitHub/modular_fund_analysis/functions/data_functions/get_data.py:336: FutureWarning: Downcasting object dtype arrays on .fillna, .ffill, .bfill is deprecated and will change in a future version. Call result.infer_objects(copy=False) instead. To opt-in to the future behavior, set `pd.set_option('future.no_silent_downcasting', True)`
  fx_rates = fx_rates.ffill(axis=0)
/Users/cbruce1/Documents/GitHub/modular_fund_analysis/functions/data_functions/get_data.py:336: FutureWarning: Downcasting object dtype arrays on .fillna, .ffill, .bfill is deprecated and will change in a future version. Call result.infer_objects(copy=False) instead. To opt-in to the future behavior, set `pd.set_option('future.no_silent_downcasting', True)`
  fx_rates = fx_rates.ffill(axis=0)
/Users/cbruce1/Documents/GitHub/modular_fund_analysis/functions/data_functions/get_data.py:336: FutureWarning: Downcasting object dtype arrays on .fillna, .ffill, .bfill is deprecated and will change in a future version. Call result.infer_objects(copy=False) instead. To opt-in to the future behavior, set `pd.set_option('future.no_silent_downcasting', True)`
  fx_rates = fx_rates.ffill(axis=0)
/Users/cbruce1/Documents/GitHub/modular_fund_analysis/functions/data_functions/get_data.py:336: FutureWarning: Downcasting object dtype arrays on .fillna, .ffill, .bfill is deprecated and will change in a future version. Call result.infer_objects(copy=False) instead. To opt-in to the future behavior, set `pd.set_option('future.no_silent_downcasting', True)`
  fx_rates = fx_rates.ffill(axis=0)
/Users/cbruce1/Documents/GitHub/modular_fund_analysis/functions/data_functions/get_data.py:336: FutureWarning: Downcasting object dtype arrays on .fillna, .ffill, .bfill is deprecated and will change in a future version. Call result.infer_objects(copy=False) instead. To opt-in to the future behavior, set `pd.set_option('future.no_silent_downcasting', True)`
  fx_rates = fx_rates.ffill(axis=0)
/Users/cbruce1/Documents/GitHub/modular_fund_analysis/functions/data_functions/get_data.py:336: FutureWarning: Downcasting object dtype arrays on .fillna, .ffill, .bfill is deprecated and will change in a future version. Call result.infer_objects(copy=False) instead. To opt-in to the future behavior, set `pd.set_option('future.no_silent_downcasting', True)`
  fx_rates = fx_rates.ffill(axis=0)
/Users/cbruce1/Documents/GitHub/modular_fund_analysis/functions/data_functions/get_data.py:336: FutureWarning: Downcasting object dtype arrays on .fillna, .ffill, .bfill is deprecated and will change in a future version. Call result.infer_objects(copy=False) instead. To opt-in to the future behavior, set `pd.set_option('future.no_silent_downcasting', True)`
  fx_rates = fx_rates.ffill(axis=0)
/Users/cbruce1/Documents/GitHub/modular_fund_analysis/functions/data_functions/get_data.py:336: FutureWarning: Downcasting object dtype arrays on .fillna, .ffill, .bfill is deprecated and will change in a future version. Call result.infer_objects(copy=False) instead. To opt-in to the future behavior, set `pd.set_option('future.no_silent_downcasting', True)`
  fx_rates = fx_rates.ffill(axis=0)
/Users/cbruce1/Documents/GitHub/modular_fund_analysis/functions/data_functions/get_data.py:336: FutureWarning: Downcasting object dtype arrays on .fillna, .ffill, .bfill is deprecated and will change in a future version. Call result.infer_objects(copy=False) instead. To opt-in to the future behavior, set `pd.set_option('future.no_silent_downcasting', True)`
  fx_rates = fx_rates.ffill(axis=0)
/Users/cbruce1/Documents/GitHub/modular_fund_analysis/functions/data_functions/get_data.py:336: FutureWarning: Downcasting object dtype arrays on .fillna, .ffill, .bfill is deprecated and will change in a future version. Call result.infer_objects(copy=False) instead. To opt-in to the future behavior, set `pd.set_option('future.no_silent_downcasting', True)`
  fx_rates = fx_rates.ffill(axis=0)
/Users/cbruce1/Documents/GitHub/modular_fund_analysis/functions/data_functions/get_data.py:336: FutureWarning: Downcasting object dtype arrays on .fillna, .ffill, .bfill is deprecated and will change in a future version. Call result.infer_objects(copy=False) instead. To opt-in to the future behavior, set `pd.set_option('future.no_silent_downcasting', True)`
  fx_rates = fx_rates.ffill(axis=0)
/Users/cbruce1/Documents/GitHub/modular_fund_analysis/functions/data_functions/get_data.py:336: FutureWarning: Downcasting object dtype arrays on .fillna, .ffill, .bfill is deprecated and will change in a future version. Call result.infer_objects(copy=False) instead. To opt-in to the future behavior, set `pd.set_option('future.no_silent_downcasting', True)`
  fx_rates = fx_rates.ffill(axis=0)
/Users/cbruce1/Documents/GitHub/modular_fund_analysis/functions/data_functions/get_data.py:336: FutureWarning: Downcasting object dtype arrays on .fillna, .ffill, .bfill is deprecated and will change in a future version. Call result.infer_objects(copy=False) instead. To opt-in to the future behavior, set `pd.set_option('future.no_silent_downcasting', True)`
  fx_rates = fx_rates.ffill(axis=0)
/Users/cbruce1/Documents/GitHub/modular_fund_analysis/functions/data_functions/get_data.py:336: FutureWarning: Downcasting object dtype arrays on .fillna, .ffill, .bfill is deprecated and will change in a future version. Call result.infer_objects(copy=False) instead. To opt-in to the future behavior, set `pd.set_option('future.no_silent_downcasting', True)`
  fx_rates = fx_rates.ffill(axis=0)
/Users/cbruce1/Documents/GitHub/modular_fund_analysis/functions/data_functions/get_data.py:336: FutureWarning: Downcasting object dtype arrays on .fillna, .ffill, .bfill is deprecated and will change in a future version. Call result.infer_objects(copy=False) instead. To opt-in to the future behavior, set `pd.set_option('future.no_silent_downcasting', True)`
  fx_rates = fx_rates.ffill(axis=0)
/Users/cbruce1/Documents/GitHub/modular_fund_analysis/functions/data_functions/get_data.py:336: FutureWarning: Downcasting object dtype arrays on .fillna, .ffill, .bfill is deprecated and will change in a future version. Call result.infer_objects(copy=False) instead. To opt-in to the future behavior, set `pd.set_option('future.no_silent_downcasting', True)`
  fx_rates = fx_rates.ffill(axis=0)
/Users/cbruce1/Documents/GitHub/modular_fund_analysis/functions/data_functions/get_data.py:336: FutureWarning: Downcasting object dtype arrays on .fillna, .ffill, .bfill is deprecated and will change in a future version. Call result.infer_objects(copy=False) instead. To opt-in to the future behavior, set `pd.set_option('future.no_silent_downcasting', True)`
  fx_rates = fx_rates.ffill(axis=0)
/Users/cbruce1/Documents/GitHub/modular_fund_analysis/functions/data_functions/get_data.py:336: FutureWarning: Downcasting object dtype arrays on .fillna, .ffill, .bfill is deprecated and will change in a future version. Call result.infer_objects(copy=False) instead. To opt-in to the future behavior, set `pd.set_option('future.no_silent_downcasting', True)`
  fx_rates = fx_rates.ffill(axis=0)
/Users/cbruce1/Documents/GitHub/modular_fund_analysis/functions/data_functions/get_data.py:336: FutureWarning: Downcasting object dtype arrays on .fillna, .ffill, .bfill is deprecated and will change in a future version. Call result.infer_objects(copy=False) instead. To opt-in to the future behavior, set `pd.set_option('future.no_silent_downcasting', True)`
  fx_rates = fx_rates.ffill(axis=0)
/Users/cbruce1/Documents/GitHub/modular_fund_analysis/functions/data_functions/get_data.py:336: FutureWarning: Downcasting object dtype arrays on .fillna, .ffill, .bfill is deprecated and will change in a future version. Call result.infer_objects(copy=False) instead. To opt-in to the future behavior, set `pd.set_option('future.no_silent_downcasting', True)`
  fx_rates = fx_rates.ffill(axis=0)
/Users/cbruce1/Documents/GitHub/modular_fund_analysis/functions/data_functions/get_data.py:336: FutureWarning: Downcasting object dtype arrays on .fillna, .ffill, .bfill is deprecated and will change in a future version. Call result.infer_objects(copy=False) instead. To opt-in to the future behavior, set `pd.set_option('future.no_silent_downcasting', True)`
  fx_rates = fx_rates.ffill(axis=0)
/Users/cbruce1/Documents/GitHub/modular_fund_analysis/functions/data_functions/get_data.py:336: FutureWarning: Downcasting object dtype arrays on .fillna, .ffill, .bfill is deprecated and will change in a future version. Call result.infer_objects(copy=False) instead. To opt-in to the future behavior, set `pd.set_option('future.no_silent_downcasting', True)`
  fx_rates = fx_rates.ffill(axis=0)
/Users/cbruce1/Documents/GitHub/modular_fund_analysis/functions/data_functions/get_data.py:336: FutureWarning: Downcasting object dtype arrays on .fillna, .ffill, .bfill is deprecated and will change in a future version. Call result.infer_objects(copy=False) instead. To opt-in to the future behavior, set `pd.set_option('future.no_silent_downcasting', True)`
  fx_rates = fx_rates.ffill(axis=0)
/Users/cbruce1/Documents/GitHub/modular_fund_analysis/functions/data_functions/get_data.py:336: FutureWarning: Downcasting object dtype arrays on .fillna, .ffill, .bfill is deprecated and will change in a future version. Call result.infer_objects(copy=False) instead. To opt-in to the future behavior, set `pd.set_option('future.no_silent_downcasting', True)`
  fx_rates = fx_rates.ffill(axis=0)
/Users/cbruce1/Documents/GitHub/modular_fund_analysis/functions/data_functions/get_data.py:336: FutureWarning: Downcasting object dtype arrays on .fillna, .ffill, .bfill is deprecated and will change in a future version. Call result.infer_objects(copy=False) instead. To opt-in to the future behavior, set `pd.set_option('future.no_silent_downcasting', True)`
  fx_rates = fx_rates.ffill(axis=0)
/Users/cbruce1/Documents/GitHub/modular_fund_analysis/functions/data_functions/get_data.py:336: FutureWarning: Downcasting object dtype arrays on .fillna, .ffill, .bfill is deprecated and will change in a future version. Call result.infer_objects(copy=False) instead. To opt-in to the future behavior, set `pd.set_option('future.no_silent_downcasting', True)`
  fx_rates = fx_rates.ffill(axis=0)
/Users/cbruce1/Documents/GitHub/modular_fund_analysis/functions/data_functions/get_data.py:336: FutureWarning: Downcasting object dtype arrays on .fillna, .ffill, .bfill is deprecated and will change in a future version. Call result.infer_objects(copy=False) instead. To opt-in to the future behavior, set `pd.set_option('future.no_silent_downcasting', True)`
  fx_rates = fx_rates.ffill(axis=0)
/Users/cbruce1/Documents/GitHub/modular_fund_analysis/functions/data_functions/get_data.py:336: FutureWarning: Downcasting object dtype arrays on .fillna, .ffill, .bfill is deprecated and will change in a future version. Call result.infer_objects(copy=False) instead. To opt-in to the future behavior, set `pd.set_option('future.no_silent_downcasting', True)`
  fx_rates = fx_rates.ffill(axis=0)
/Users/cbruce1/Documents/GitHub/modular_fund_analysis/functions/data_functions/get_data.py:336: FutureWarning: Downcasting object dtype arrays on .fillna, .ffill, .bfill is deprecated and will change in a future version. Call result.infer_objects(copy=False) instead. To opt-in to the future behavior, set `pd.set_option('future.no_silent_downcasting', True)`
  fx_rates = fx_rates.ffill(axis=0)
/Users/cbruce1/Documents/GitHub/modular_fund_analysis/functions/data_functions/get_data.py:336: FutureWarning: Downcasting object dtype arrays on .fillna, .ffill, .bfill is deprecated and will change in a future version. Call result.infer_objects(copy=False) instead. To opt-in to the future behavior, set `pd.set_option('future.no_silent_downcasting', True)`
  fx_rates = fx_rates.ffill(axis=0)
/Users/cbruce1/Documents/GitHub/modular_fund_analysis/functions/data_functions/get_data.py:336: FutureWarning: Downcasting object dtype arrays on .fillna, .ffill, .bfill is deprecated and will change in a future version. Call result.infer_objects(copy=False) instead. To opt-in to the future behavior, set `pd.set_option('future.no_silent_downcasting', True)`
  fx_rates = fx_rates.ffill(axis=0)
/Users/cbruce1/Documents/GitHub/modular_fund_analysis/functions/data_functions/get_data.py:336: FutureWarning: Downcasting object dtype arrays on .fillna, .ffill, .bfill is deprecated and will change in a future version. Call result.infer_objects(copy=False) instead. To opt-in to the future behavior, set `pd.set_option('future.no_silent_downcasting', True)`
  fx_rates = fx_rates.ffill(axis=0)
/Users/cbruce1/Documents/GitHub/modular_fund_analysis/functions/data_functions/get_data.py:336: FutureWarning: Downcasting object dtype arrays on .fillna, .ffill, .bfill is deprecated and will change in a future version. Call result.infer_objects(copy=False) instead. To opt-in to the future behavior, set `pd.set_option('future.no_silent_downcasting', True)`
  fx_rates = fx_rates.ffill(axis=0)

[run] archived (kept)     -> runs/20260930T183225Z_sweep__action_characterization-Materiality_PP_Action_SDG__convert_to_USD-True__drop_real_estate-False__drop_utilities-False__fama_factor_reg__h1dcb7c65/   (+ manifest.json/.md, dashboard.md)
[run] latest (overwrites) -> sweep_output/20260930T134756Z_developed_materiality_sdg_groups_x_behaviours/artifacts/sweep__action_characterization-Materiality_PP_Action_SDG__convert_to_USD-True__drop_real_estate-False__drop_utilities-False__fama_factor_reg__h1dcb7c65/
[run] debug prints        -> runs/20260930T183225Z_sweep__action_characterization-Materiality_PP_Action_SDG__convert_to_USD-True__drop_real_estate-False__drop_utilities-False__fama_factor_reg__h1dcb7c65/debug_prints.log
[run] view it:  python -m parity.show sweep__action_characterization-Materiality_PP_Action_SDG__convert_to_USD-True__drop_real_estate-False__drop_utilities-False__fama_factor_reg__h1dcb7c65

[sweep] (64/128) sweep__action_characterization-Materiality_PP_Action_SDG__convert_to_USD-True__fama_factor_region-Developed__materiality_pp_action-transform__hb1071df1
[sweep]     action_characterization=Materiality_PP_Action_SDG, convert_to_USD=True, fama_factor_region=Developed, materiality_pp_action=transformation, mktcap_covered_if_filter_by_cum_market_cap=0.99, portfolio_weighting=equal, region_analysis=Developed
[run] decomposition PDF    -> runs/20260930T183659Z_sweep__action_characterization-Materiality_PP_Action_SDG__convert_to_USD-True__fama_factor_region-Developed__materiality_pp_action-transform__hb1071df1/initiative_decomposition.pdf  (6 pages)
[run] decomposition CSV    -> runs/20260930T183659Z_sweep__action_characterization-Materiality_PP_Action_SDG__convert_to_USD-True__fama_factor_region-Developed__materiality_pp_action-transform__hb1071df1/initiative_decomposition.csv  (8188 rows)
[run] sweep__action_characterization-Materiality_PP_Action_SDG__convert_to_USD-True__fama_factor_region-Developed__materiality_pp_action-transform__hb1071df1: 4 artifacts
[run] archived (kept)     -> runs/20260930T183659Z_sweep__action_characterization-Materiality_PP_Action_SDG__convert_to_USD-True__fama_factor_region-Developed__materiality_pp_action-transform__hb1071df1/   (+ manifest.json/.md, dashboard.md)
[run] latest (overwrites) -> sweep_output/20260930T134756Z_developed_materiality_sdg_groups_x_behaviours/artifacts/sweep__action_characterization-Materiality_PP_Action_SDG__convert_to_USD-True__fama_factor_region-Developed__materiality_pp_action-transform__hb1071df1/
[run] debug prints        -> runs/20260930T183659Z_sweep__action_characterization-Materiality_PP_Action_SDG__convert_to_USD-True__fama_factor_region-Developed__materiality_pp_action-transform__hb1071df1/debug_prints.log
[run] view it:  python -m parity.show sweep__action_characterization-Materiality_PP_Action_SDG__convert_to_USD-True__fama_factor_region-Developed__materiality_pp_action-transform__hb1071df1

[sweep] (65/128) sweep__action_characterization-Materiality_People_Action_SDG__convert_to_USD-True__drop_real_estate-False__drop_utilities-False__fama_factor__hf0fa7142
[sweep]     action_characterization=Materiality_People_Action_SDG, convert_to_USD=True, drop_real_estate=False, drop_utilities=False, fama_factor_region=Developed, materiality_people_action=total, region_analysis=Developed
[run] decomposition PDF    -> runs/20260930T184130Z_sweep__action_characterization-Materiality_People_Action_SDG__convert_to_USD-True__drop_real_estate-False__drop_utilities-False__fama_factor__hf0fa7142/initiative_decomposition.pdf  (6 pages)
[run] decomposition CSV    -> runs/20260930T184130Z_sweep__action_characterization-Materiality_People_Action_SDG__convert_to_USD-True__drop_real_estate-False__drop_utilities-False__fama_factor__hf0fa7142/initiative_decomposition.csv  (8633 rows)
[run] sweep__action_characterization-Materiality_People_Action_SDG__convert_to_USD-True__drop_real_estate-False__drop_utilities-False__fama_factor__hf0fa7142: 4 artifacts
[run] archived (kept)     -> runs/20260930T184130Z_sweep__action_characterization-Materiality_People_Action_SDG__convert_to_USD-True__drop_real_estate-False__drop_utilities-False__fama_factor__hf0fa7142/   (+ manifest.json/.md, dashboard.md)
[run] latest (overwrites) -> sweep_output/20260930T134756Z_developed_materiality_sdg_groups_x_behaviours/artifacts/sweep__action_characterization-Materiality_People_Action_SDG__convert_to_USD-True__drop_real_estate-False__drop_utilities-False__fama_factor__hf0fa7142/
[run] debug prints        -> runs/20260930T184130Z_sweep__action_characterization-Materiality_People_Action_SDG__convert_to_USD-True__drop_real_estate-False__drop_utilities-False__fama_factor__hf0fa7142/debug_prints.log
[run] view it:  python -m parity.show sweep__action_characterization-Materiality_People_Action_SDG__convert_to_USD-True__drop_real_estate-False__drop_utilities-False__fama_factor__hf0fa7142

[sweep] (66/128) sweep__action_characterization-Materiality_People_Action_SDG__convert_to_USD-True__fama_factor_region-Developed__materiality_people_action-t__hd056c4ea
[sweep]     action_characterization=Materiality_People_Action_SDG, convert_to_USD=True, fama_factor_region=Developed, materiality_people_action=total, region_analysis=Developed
[run] decomposition PDF    -> runs/20260930T184546Z_sweep__action_characterization-Materiality_People_Action_SDG__convert_to_USD-True__fama_factor_region-Developed__materiality_people_action-t__hd056c4ea/initiative_decomposition.pdf  (6 pages)
[run] decomposition CSV    -> runs/20260930T184546Z_sweep__action_characterization-Materiality_People_Action_SDG__convert_to_USD-True__fama_factor_region-Developed__materiality_people_action-t__hd056c4ea/initiative_decomposition.csv  (8455 rows)
[run] sweep__action_characterization-Materiality_People_Action_SDG__convert_to_USD-True__fama_factor_region-Developed__materiality_people_action-t__hd056c4ea: 4 artifacts
[run] archived (kept)     -> runs/20260930T184546Z_sweep__action_characterization-Materiality_People_Action_SDG__convert_to_USD-True__fama_factor_region-Developed__materiality_people_action-t__hd056c4ea/   (+ manifest.json/.md, dashboard.md)
[run] latest (overwrites) -> sweep_output/20260930T134756Z_developed_materiality_sdg_groups_x_behaviours/artifacts/sweep__action_characterization-Materiality_People_Action_SDG__convert_to_USD-True__fama_factor_region-Developed__materiality_people_action-t__hd056c4ea/
[run] debug prints        -> runs/20260930T184546Z_sweep__action_characterization-Materiality_People_Action_SDG__convert_to_USD-True__fama_factor_region-Developed__materiality_people_action-t__hd056c4ea/debug_prints.log
[run] view it:  python -m parity.show sweep__action_characterization-Materiality_People_Action_SDG__convert_to_USD-True__fama_factor_region-Developed__materiality_people_action-t__hd056c4ea

[sweep] (67/128) sweep__action_characterization-Materiality_People_Action_SDG__convert_to_USD-True__drop_real_estate-False__drop_utilities-False__fama_factor__h7c4ec4c6
[sweep]     action_characterization=Materiality_People_Action_SDG, convert_to_USD=True, drop_real_estate=False, drop_utilities=False, fama_factor_region=Developed, materiality_people_action=total, mktcap_covered_if_filter_by_cum_market_cap=0.99, region_analysis=Developed
[run] decomposition PDF    -> runs/20260930T184957Z_sweep__action_characterization-Materiality_People_Action_SDG__convert_to_USD-True__drop_real_estate-False__drop_utilities-False__fama_factor__h7c4ec4c6/initiative_decomposition.pdf  (6 pages)
[run] decomposition CSV    -> runs/20260930T184957Z_sweep__action_characterization-Materiality_People_Action_SDG__convert_to_USD-True__drop_real_estate-False__drop_utilities-False__fama_factor__h7c4ec4c6/initiative_decomposition.csv  (8633 rows)
[run] sweep__action_characterization-Materiality_People_Action_SDG__convert_to_USD-True__drop_real_estate-False__drop_utilities-False__fama_factor__h7c4ec4c6: 4 artifacts
[run] archived (kept)     -> runs/20260930T184957Z_sweep__action_characterization-Materiality_People_Action_SDG__convert_to_USD-True__drop_real_estate-False__drop_utilities-False__fama_factor__h7c4ec4c6/   (+ manifest.json/.md, dashboard.md)
[run] latest (overwrites) -> sweep_output/20260930T134756Z_developed_materiality_sdg_groups_x_behaviours/artifacts/sweep__action_characterization-Materiality_People_Action_SDG__convert_to_USD-True__drop_real_estate-False__drop_utilities-False__fama_factor__h7c4ec4c6/
[run] debug prints        -> runs/20260930T184957Z_sweep__action_characterization-Materiality_People_Action_SDG__convert_to_USD-True__drop_real_estate-False__drop_utilities-False__fama_factor__h7c4ec4c6/debug_prints.log
[run] view it:  python -m parity.show sweep__action_characterization-Materiality_People_Action_SDG__convert_to_USD-True__drop_real_estate-False__drop_utilities-False__fama_factor__h7c4ec4c6

[sweep] (68/128) sweep__action_characterization-Materiality_People_Action_SDG__convert_to_USD-True__fama_factor_region-Developed__materiality_people_action-t__h8f66f3e0
[sweep]     action_characterization=Materiality_People_Action_SDG, convert_to_USD=True, fama_factor_region=Developed, materiality_people_action=total, mktcap_covered_if_filter_by_cum_market_cap=0.99, region_analysis=Developed
[run] decomposition PDF    -> runs/20260930T185437Z_sweep__action_characterization-Materiality_People_Action_SDG__convert_to_USD-True__fama_factor_region-Developed__materiality_people_action-t__h8f66f3e0/initiative_decomposition.pdf  (6 pages)
[run] decomposition CSV    -> runs/20260930T185437Z_sweep__action_characterization-Materiality_People_Action_SDG__convert_to_USD-True__fama_factor_region-Developed__materiality_people_action-t__h8f66f3e0/initiative_decomposition.csv  (8455 rows)
[run] sweep__action_characterization-Materiality_People_Action_SDG__convert_to_USD-True__fama_factor_region-Developed__materiality_people_action-t__h8f66f3e0: 4 artifacts
[run] archived (kept)     -> runs/20260930T185437Z_sweep__action_characterization-Materiality_People_Action_SDG__convert_to_USD-True__fama_factor_region-Developed__materiality_people_action-t__h8f66f3e0/   (+ manifest.json/.md, dashboard.md)
[run] latest (overwrites) -> sweep_output/20260930T134756Z_developed_materiality_sdg_groups_x_behaviours/artifacts/sweep__action_characterization-Materiality_People_Action_SDG__convert_to_USD-True__fama_factor_region-Developed__materiality_people_action-t__h8f66f3e0/
[run] debug prints        -> runs/20260930T185437Z_sweep__action_characterization-Materiality_People_Action_SDG__convert_to_USD-True__fama_factor_region-Developed__materiality_people_action-t__h8f66f3e0/debug_prints.log
[run] view it:  python -m parity.show sweep__action_characterization-Materiality_People_Action_SDG__convert_to_USD-True__fama_factor_region-Developed__materiality_people_action-t__h8f66f3e0

[sweep] (69/128) sweep__action_characterization-Materiality_People_Action_SDG__convert_to_USD-True__drop_real_estate-False__drop_utilities-False__fama_factor__h70603894
[sweep]     action_characterization=Materiality_People_Action_SDG, convert_to_USD=True, drop_real_estate=False, drop_utilities=False, fama_factor_region=Developed, materiality_people_action=total, portfolio_weighting=equal, region_analysis=Developed
[run] decomposition PDF    -> runs/20260930T185910Z_sweep__action_characterization-Materiality_People_Action_SDG__convert_to_USD-True__drop_real_estate-False__drop_utilities-False__fama_factor__h70603894/initiative_decomposition.pdf  (6 pages)
[run] decomposition CSV    -> runs/20260930T185910Z_sweep__action_characterization-Materiality_People_Action_SDG__convert_to_USD-True__drop_real_estate-False__drop_utilities-False__fama_factor__h70603894/initiative_decomposition.csv  (8633 rows)
[run] sweep__action_characterization-Materiality_People_Action_SDG__convert_to_USD-True__drop_real_estate-False__drop_utilities-False__fama_factor__h70603894: 4 artifacts
[run] archived (kept)     -> runs/20260930T185910Z_sweep__action_characterization-Materiality_People_Action_SDG__convert_to_USD-True__drop_real_estate-False__drop_utilities-False__fama_factor__h70603894/   (+ manifest.json/.md, dashboard.md)
[run] latest (overwrites) -> sweep_output/20260930T134756Z_developed_materiality_sdg_groups_x_behaviours/artifacts/sweep__action_characterization-Materiality_People_Action_SDG__convert_to_USD-True__drop_real_estate-False__drop_utilities-False__fama_factor__h70603894/
[run] debug prints        -> runs/20260930T185910Z_sweep__action_characterization-Materiality_People_Action_SDG__convert_to_USD-True__drop_real_estate-False__drop_utilities-False__fama_factor__h70603894/debug_prints.log
[run] view it:  python -m parity.show sweep__action_characterization-Materiality_People_Action_SDG__convert_to_USD-True__drop_real_estate-False__drop_utilities-False__fama_factor__h70603894

[sweep] (70/128) sweep__action_characterization-Materiality_People_Action_SDG__convert_to_USD-True__fama_factor_region-Developed__materiality_people_action-t__hc450ff4c
[sweep]     action_characterization=Materiality_People_Action_SDG, convert_to_USD=True, fama_factor_region=Developed, materiality_people_action=total, portfolio_weighting=equal, region_analysis=Developed
[run] decomposition PDF    -> runs/20260930T190320Z_sweep__action_characterization-Materiality_People_Action_SDG__convert_to_USD-True__fama_factor_region-Developed__materiality_people_action-t__hc450ff4c/initiative_decomposition.pdf  (6 pages)
[run] decomposition CSV    -> runs/20260930T190320Z_sweep__action_characterization-Materiality_People_Action_SDG__convert_to_USD-True__fama_factor_region-Developed__materiality_people_action-t__hc450ff4c/initiative_decomposition.csv  (8455 rows)
[run] sweep__action_characterization-Materiality_People_Action_SDG__convert_to_USD-True__fama_factor_region-Developed__materiality_people_action-t__hc450ff4c: 4 artifacts
[run] archived (kept)     -> runs/20260930T190320Z_sweep__action_characterization-Materiality_People_Action_SDG__convert_to_USD-True__fama_factor_region-Developed__materiality_people_action-t__hc450ff4c/   (+ manifest.json/.md, dashboard.md)
[run] latest (overwrites) -> sweep_output/20260930T134756Z_developed_materiality_sdg_groups_x_behaviours/artifacts/sweep__action_characterization-Materiality_People_Action_SDG__convert_to_USD-True__fama_factor_region-Developed__materiality_people_action-t__hc450ff4c/
[run] debug prints        -> runs/20260930T190320Z_sweep__action_characterization-Materiality_People_Action_SDG__convert_to_USD-True__fama_factor_region-Developed__materiality_people_action-t__hc450ff4c/debug_prints.log
[run] view it:  python -m parity.show sweep__action_characterization-Materiality_People_Action_SDG__convert_to_USD-True__fama_factor_region-Developed__materiality_people_action-t__hc450ff4c
[sweep] rebuilt sweep_output/20260930T134756Z_developed_materiality_sdg_groups_x_behaviours/results.{pdf,csv,xlsx} (70 pages, 70 rows)

[sweep] (71/128) sweep__action_characterization-Materiality_People_Action_SDG__convert_to_USD-True__drop_real_estate-False__drop_utilities-False__fama_factor__h87d2fbbc
[sweep]     action_characterization=Materiality_People_Action_SDG, convert_to_USD=True, drop_real_estate=False, drop_utilities=False, fama_factor_region=Developed, materiality_people_action=total, mktcap_covered_if_filter_by_cum_market_cap=0.99, portfolio_weighting=equal, region_analysis=Developed
[run] decomposition PDF    -> runs/20260930T190810Z_sweep__action_characterization-Materiality_People_Action_SDG__convert_to_USD-True__drop_real_estate-False__drop_utilities-False__fama_factor__h87d2fbbc/initiative_decomposition.pdf  (6 pages)
[run] decomposition CSV    -> runs/20260930T190810Z_sweep__action_characterization-Materiality_People_Action_SDG__convert_to_USD-True__drop_real_estate-False__drop_utilities-False__fama_factor__h87d2fbbc/initiative_decomposition.csv  (8633 rows)
[run] sweep__action_characterization-Materiality_People_Action_SDG__convert_to_USD-True__drop_real_estate-False__drop_utilities-False__fama_factor__h87d2fbbc: 4 artifacts
[run] archived (kept)     -> runs/20260930T190810Z_sweep__action_characterization-Materiality_People_Action_SDG__convert_to_USD-True__drop_real_estate-False__drop_utilities-False__fama_factor__h87d2fbbc/   (+ manifest.json/.md, dashboard.md)
[run] latest (overwrites) -> sweep_output/20260930T134756Z_developed_materiality_sdg_groups_x_behaviours/artifacts/sweep__action_characterization-Materiality_People_Action_SDG__convert_to_USD-True__drop_real_estate-False__drop_utilities-False__fama_factor__h87d2fbbc/
[run] debug prints        -> runs/20260930T190810Z_sweep__action_characterization-Materiality_People_Action_SDG__convert_to_USD-True__drop_real_estate-False__drop_utilities-False__fama_factor__h87d2fbbc/debug_prints.log
[run] view it:  python -m parity.show sweep__action_characterization-Materiality_People_Action_SDG__convert_to_USD-True__drop_real_estate-False__drop_utilities-False__fama_factor__h87d2fbbc

[sweep] (72/128) sweep__action_characterization-Materiality_People_Action_SDG__convert_to_USD-True__fama_factor_region-Developed__materiality_people_action-t__hc1370073
[sweep]     action_characterization=Materiality_People_Action_SDG, convert_to_USD=True, fama_factor_region=Developed, materiality_people_action=total, mktcap_covered_if_filter_by_cum_market_cap=0.99, portfolio_weighting=equal, region_analysis=Developed
[run] decomposition PDF    -> runs/20260930T191247Z_sweep__action_characterization-Materiality_People_Action_SDG__convert_to_USD-True__fama_factor_region-Developed__materiality_people_action-t__hc1370073/initiative_decomposition.pdf  (6 pages)
[run] decomposition CSV    -> runs/20260930T191247Z_sweep__action_characterization-Materiality_People_Action_SDG__convert_to_USD-True__fama_factor_region-Developed__materiality_people_action-t__hc1370073/initiative_decomposition.csv  (8455 rows)
[run] sweep__action_characterization-Materiality_People_Action_SDG__convert_to_USD-True__fama_factor_region-Developed__materiality_people_action-t__hc1370073: 4 artifacts
[run] archived (kept)     -> runs/20260930T191247Z_sweep__action_characterization-Materiality_People_Action_SDG__convert_to_USD-True__fama_factor_region-Developed__materiality_people_action-t__hc1370073/   (+ manifest.json/.md, dashboard.md)
[run] latest (overwrites) -> sweep_output/20260930T134756Z_developed_materiality_sdg_groups_x_behaviours/artifacts/sweep__action_characterization-Materiality_People_Action_SDG__convert_to_USD-True__fama_factor_region-Developed__materiality_people_action-t__hc1370073/
[run] debug prints        -> runs/20260930T191247Z_sweep__action_characterization-Materiality_People_Action_SDG__convert_to_USD-True__fama_factor_region-Developed__materiality_people_action-t__hc1370073/debug_prints.log
[run] view it:  python -m parity.show sweep__action_characterization-Materiality_People_Action_SDG__convert_to_USD-True__fama_factor_region-Developed__materiality_people_action-t__hc1370073

[sweep] (73/128) sweep__action_characterization-Materiality_People_Action_SDG__convert_to_USD-True__drop_real_estate-False__drop_utilities-False__fama_factor__hbb929927
[sweep]     action_characterization=Materiality_People_Action_SDG, convert_to_USD=True, drop_real_estate=False, drop_utilities=False, fama_factor_region=Developed, materiality_people_action=advocacy_old_def, region_analysis=Developed
[run] decomposition PDF    -> runs/20260930T191719Z_sweep__action_characterization-Materiality_People_Action_SDG__convert_to_USD-True__drop_real_estate-False__drop_utilities-False__fama_factor__hbb929927/initiative_decomposition.pdf  (6 pages)
[run] decomposition CSV    -> runs/20260930T191719Z_sweep__action_characterization-Materiality_People_Action_SDG__convert_to_USD-True__drop_real_estate-False__drop_utilities-False__fama_factor__hbb929927/initiative_decomposition.csv  (5785 rows)
[run] sweep__action_characterization-Materiality_People_Action_SDG__convert_to_USD-True__drop_real_estate-False__drop_utilities-False__fama_factor__hbb929927: 4 artifacts
[run] archived (kept)     -> runs/20260930T191719Z_sweep__action_characterization-Materiality_People_Action_SDG__convert_to_USD-True__drop_real_estate-False__drop_utilities-False__fama_factor__hbb929927/   (+ manifest.json/.md, dashboard.md)
[run] latest (overwrites) -> sweep_output/20260930T134756Z_developed_materiality_sdg_groups_x_behaviours/artifacts/sweep__action_characterization-Materiality_People_Action_SDG__convert_to_USD-True__drop_real_estate-False__drop_utilities-False__fama_factor__hbb929927/
[run] debug prints        -> runs/20260930T191719Z_sweep__action_characterization-Materiality_People_Action_SDG__convert_to_USD-True__drop_real_estate-False__drop_utilities-False__fama_factor__hbb929927/debug_prints.log
[run] view it:  python -m parity.show sweep__action_characterization-Materiality_People_Action_SDG__convert_to_USD-True__drop_real_estate-False__drop_utilities-False__fama_factor__hbb929927

[sweep] (74/128) sweep__action_characterization-Materiality_People_Action_SDG__convert_to_USD-True__fama_factor_region-Developed__materiality_people_action-a__h0135c3b6
[sweep]     action_characterization=Materiality_People_Action_SDG, convert_to_USD=True, fama_factor_region=Developed, materiality_people_action=advocacy_old_def, region_analysis=Developed
[run] decomposition PDF    -> runs/20260930T192127Z_sweep__action_characterization-Materiality_People_Action_SDG__convert_to_USD-True__fama_factor_region-Developed__materiality_people_action-a__h0135c3b6/initiative_decomposition.pdf  (6 pages)
[run] decomposition CSV    -> runs/20260930T192127Z_sweep__action_characterization-Materiality_People_Action_SDG__convert_to_USD-True__fama_factor_region-Developed__materiality_people_action-a__h0135c3b6/initiative_decomposition.csv  (5607 rows)
[run] sweep__action_characterization-Materiality_People_Action_SDG__convert_to_USD-True__fama_factor_region-Developed__materiality_people_action-a__h0135c3b6: 4 artifacts
[run] archived (kept)     -> runs/20260930T192127Z_sweep__action_characterization-Materiality_People_Action_SDG__convert_to_USD-True__fama_factor_region-Developed__materiality_people_action-a__h0135c3b6/   (+ manifest.json/.md, dashboard.md)
[run] latest (overwrites) -> sweep_output/20260930T134756Z_developed_materiality_sdg_groups_x_behaviours/artifacts/sweep__action_characterization-Materiality_People_Action_SDG__convert_to_USD-True__fama_factor_region-Developed__materiality_people_action-a__h0135c3b6/
[run] debug prints        -> runs/20260930T192127Z_sweep__action_characterization-Materiality_People_Action_SDG__convert_to_USD-True__fama_factor_region-Developed__materiality_people_action-a__h0135c3b6/debug_prints.log
[run] view it:  python -m parity.show sweep__action_characterization-Materiality_People_Action_SDG__convert_to_USD-True__fama_factor_region-Developed__materiality_people_action-a__h0135c3b6

[sweep] (75/128) sweep__action_characterization-Materiality_People_Action_SDG__convert_to_USD-True__drop_real_estate-False__drop_utilities-False__fama_factor__h6d0f1dc0
[sweep]     action_characterization=Materiality_People_Action_SDG, convert_to_USD=True, drop_real_estate=False, drop_utilities=False, fama_factor_region=Developed, materiality_people_action=advocacy_old_def, mktcap_covered_if_filter_by_cum_market_cap=0.99, region_analysis=Developed
[run] decomposition PDF    -> runs/20260930T192536Z_sweep__action_characterization-Materiality_People_Action_SDG__convert_to_USD-True__drop_real_estate-False__drop_utilities-False__fama_factor__h6d0f1dc0/initiative_decomposition.pdf  (6 pages)
[run] decomposition CSV    -> runs/20260930T192536Z_sweep__action_characterization-Materiality_People_Action_SDG__convert_to_USD-True__drop_real_estate-False__drop_utilities-False__fama_factor__h6d0f1dc0/initiative_decomposition.csv  (5696 rows)
[run] sweep__action_characterization-Materiality_People_Action_SDG__convert_to_USD-True__drop_real_estate-False__drop_utilities-False__fama_factor__h6d0f1dc0: 4 artifacts
[run] archived (kept)     -> runs/20260930T192536Z_sweep__action_characterization-Materiality_People_Action_SDG__convert_to_USD-True__drop_real_estate-False__drop_utilities-False__fama_factor__h6d0f1dc0/   (+ manifest.json/.md, dashboard.md)
[run] latest (overwrites) -> sweep_output/20260930T134756Z_developed_materiality_sdg_groups_x_behaviours/artifacts/sweep__action_characterization-Materiality_People_Action_SDG__convert_to_USD-True__drop_real_estate-False__drop_utilities-False__fama_factor__h6d0f1dc0/
[run] debug prints        -> runs/20260930T192536Z_sweep__action_characterization-Materiality_People_Action_SDG__convert_to_USD-True__drop_real_estate-False__drop_utilities-False__fama_factor__h6d0f1dc0/debug_prints.log
[run] view it:  python -m parity.show sweep__action_characterization-Materiality_People_Action_SDG__convert_to_USD-True__drop_real_estate-False__drop_utilities-False__fama_factor__h6d0f1dc0

[sweep] (76/128) sweep__action_characterization-Materiality_People_Action_SDG__convert_to_USD-True__fama_factor_region-Developed__materiality_people_action-a__h6791eb77
[sweep]     action_characterization=Materiality_People_Action_SDG, convert_to_USD=True, fama_factor_region=Developed, materiality_people_action=advocacy_old_def, mktcap_covered_if_filter_by_cum_market_cap=0.99, region_analysis=Developed
[run] decomposition PDF    -> runs/20260930T193017Z_sweep__action_characterization-Materiality_People_Action_SDG__convert_to_USD-True__fama_factor_region-Developed__materiality_people_action-a__h6791eb77/initiative_decomposition.pdf  (6 pages)
[run] decomposition CSV    -> runs/20260930T193017Z_sweep__action_characterization-Materiality_People_Action_SDG__convert_to_USD-True__fama_factor_region-Developed__materiality_people_action-a__h6791eb77/initiative_decomposition.csv  (5607 rows)
[run] sweep__action_characterization-Materiality_People_Action_SDG__convert_to_USD-True__fama_factor_region-Developed__materiality_people_action-a__h6791eb77: 4 artifacts
[run] archived (kept)     -> runs/20260930T193017Z_sweep__action_characterization-Materiality_People_Action_SDG__convert_to_USD-True__fama_factor_region-Developed__materiality_people_action-a__h6791eb77/   (+ manifest.json/.md, dashboard.md)
[run] latest (overwrites) -> sweep_output/20260930T134756Z_developed_materiality_sdg_groups_x_behaviours/artifacts/sweep__action_characterization-Materiality_People_Action_SDG__convert_to_USD-True__fama_factor_region-Developed__materiality_people_action-a__h6791eb77/
[run] debug prints        -> runs/20260930T193017Z_sweep__action_characterization-Materiality_People_Action_SDG__convert_to_USD-True__fama_factor_region-Developed__materiality_people_action-a__h6791eb77/debug_prints.log
[run] view it:  python -m parity.show sweep__action_characterization-Materiality_People_Action_SDG__convert_to_USD-True__fama_factor_region-Developed__materiality_people_action-a__h6791eb77

[sweep] (77/128) sweep__action_characterization-Materiality_People_Action_SDG__convert_to_USD-True__drop_real_estate-False__drop_utilities-False__fama_factor__h22b6f3a6
[sweep]     action_characterization=Materiality_People_Action_SDG, convert_to_USD=True, drop_real_estate=False, drop_utilities=False, fama_factor_region=Developed, materiality_people_action=advocacy_old_def, portfolio_weighting=equal, region_analysis=Developed
[run] decomposition PDF    -> runs/20260930T193446Z_sweep__action_characterization-Materiality_People_Action_SDG__convert_to_USD-True__drop_real_estate-False__drop_utilities-False__fama_factor__h22b6f3a6/initiative_decomposition.pdf  (6 pages)
[run] decomposition CSV    -> runs/20260930T193446Z_sweep__action_characterization-Materiality_People_Action_SDG__convert_to_USD-True__drop_real_estate-False__drop_utilities-False__fama_factor__h22b6f3a6/initiative_decomposition.csv  (5785 rows)
[run] sweep__action_characterization-Materiality_People_Action_SDG__convert_to_USD-True__drop_real_estate-False__drop_utilities-False__fama_factor__h22b6f3a6: 4 artifacts
[run] archived (kept)     -> runs/20260930T193446Z_sweep__action_characterization-Materiality_People_Action_SDG__convert_to_USD-True__drop_real_estate-False__drop_utilities-False__fama_factor__h22b6f3a6/   (+ manifest.json/.md, dashboard.md)
[run] latest (overwrites) -> sweep_output/20260930T134756Z_developed_materiality_sdg_groups_x_behaviours/artifacts/sweep__action_characterization-Materiality_People_Action_SDG__convert_to_USD-True__drop_real_estate-False__drop_utilities-False__fama_factor__h22b6f3a6/
[run] debug prints        -> runs/20260930T193446Z_sweep__action_characterization-Materiality_People_Action_SDG__convert_to_USD-True__drop_real_estate-False__drop_utilities-False__fama_factor__h22b6f3a6/debug_prints.log
[run] view it:  python -m parity.show sweep__action_characterization-Materiality_People_Action_SDG__convert_to_USD-True__drop_real_estate-False__drop_utilities-False__fama_factor__h22b6f3a6

[sweep] (78/128) sweep__action_characterization-Materiality_People_Action_SDG__convert_to_USD-True__fama_factor_region-Developed__materiality_people_action-a__h4e9d509b
[sweep]     action_characterization=Materiality_People_Action_SDG, convert_to_USD=True, fama_factor_region=Developed, materiality_people_action=advocacy_old_def, portfolio_weighting=equal, region_analysis=Developed
[run] decomposition PDF    -> runs/20260930T193855Z_sweep__action_characterization-Materiality_People_Action_SDG__convert_to_USD-True__fama_factor_region-Developed__materiality_people_action-a__h4e9d509b/initiative_decomposition.pdf  (6 pages)
[run] decomposition CSV    -> runs/20260930T193855Z_sweep__action_characterization-Materiality_People_Action_SDG__convert_to_USD-True__fama_factor_region-Developed__materiality_people_action-a__h4e9d509b/initiative_decomposition.csv  (5607 rows)
[run] sweep__action_characterization-Materiality_People_Action_SDG__convert_to_USD-True__fama_factor_region-Developed__materiality_people_action-a__h4e9d509b: 4 artifacts
[run] archived (kept)     -> runs/20260930T193855Z_sweep__action_characterization-Materiality_People_Action_SDG__convert_to_USD-True__fama_factor_region-Developed__materiality_people_action-a__h4e9d509b/   (+ manifest.json/.md, dashboard.md)
[run] latest (overwrites) -> sweep_output/20260930T134756Z_developed_materiality_sdg_groups_x_behaviours/artifacts/sweep__action_characterization-Materiality_People_Action_SDG__convert_to_USD-True__fama_factor_region-Developed__materiality_people_action-a__h4e9d509b/
[run] debug prints        -> runs/20260930T193855Z_sweep__action_characterization-Materiality_People_Action_SDG__convert_to_USD-True__fama_factor_region-Developed__materiality_people_action-a__h4e9d509b/debug_prints.log
[run] view it:  python -m parity.show sweep__action_characterization-Materiality_People_Action_SDG__convert_to_USD-True__fama_factor_region-Developed__materiality_people_action-a__h4e9d509b

[sweep] (79/128) sweep__action_characterization-Materiality_People_Action_SDG__convert_to_USD-True__drop_real_estate-False__drop_utilities-False__fama_factor__hf1614bfa
[sweep]     action_characterization=Materiality_People_Action_SDG, convert_to_USD=True, drop_real_estate=False, drop_utilities=False, fama_factor_region=Developed, materiality_people_action=advocacy_old_def, mktcap_covered_if_filter_by_cum_market_cap=0.99, portfolio_weighting=equal, region_analysis=Developed
[run] decomposition PDF    -> runs/20260930T194305Z_sweep__action_characterization-Materiality_People_Action_SDG__convert_to_USD-True__drop_real_estate-False__drop_utilities-False__fama_factor__hf1614bfa/initiative_decomposition.pdf  (6 pages)
[run] decomposition CSV    -> runs/20260930T194305Z_sweep__action_characterization-Materiality_People_Action_SDG__convert_to_USD-True__drop_real_estate-False__drop_utilities-False__fama_factor__hf1614bfa/initiative_decomposition.csv  (5696 rows)
[run] sweep__action_characterization-Materiality_People_Action_SDG__convert_to_USD-True__drop_real_estate-False__drop_utilities-False__fama_factor__hf1614bfa: 4 artifacts
[run] archived (kept)     -> runs/20260930T194305Z_sweep__action_characterization-Materiality_People_Action_SDG__convert_to_USD-True__drop_real_estate-False__drop_utilities-False__fama_factor__hf1614bfa/   (+ manifest.json/.md, dashboard.md)
[run] latest (overwrites) -> sweep_output/20260930T134756Z_developed_materiality_sdg_groups_x_behaviours/artifacts/sweep__action_characterization-Materiality_People_Action_SDG__convert_to_USD-True__drop_real_estate-False__drop_utilities-False__fama_factor__hf1614bfa/
[run] debug prints        -> runs/20260930T194305Z_sweep__action_characterization-Materiality_People_Action_SDG__convert_to_USD-True__drop_real_estate-False__drop_utilities-False__fama_factor__hf1614bfa/debug_prints.log
[run] view it:  python -m parity.show sweep__action_characterization-Materiality_People_Action_SDG__convert_to_USD-True__drop_real_estate-False__drop_utilities-False__fama_factor__hf1614bfa

[sweep] (80/128) sweep__action_characterization-Materiality_People_Action_SDG__convert_to_USD-True__fama_factor_region-Developed__materiality_people_action-a__h7fe77ad8
[sweep]     action_characterization=Materiality_People_Action_SDG, convert_to_USD=True, fama_factor_region=Developed, materiality_people_action=advocacy_old_def, mktcap_covered_if_filter_by_cum_market_cap=0.99, portfolio_weighting=equal, region_analysis=Developed
[run] decomposition PDF    -> runs/20260930T194741Z_sweep__action_characterization-Materiality_People_Action_SDG__convert_to_USD-True__fama_factor_region-Developed__materiality_people_action-a__h7fe77ad8/initiative_decomposition.pdf  (6 pages)
[run] decomposition CSV    -> runs/20260930T194741Z_sweep__action_characterization-Materiality_People_Action_SDG__convert_to_USD-True__fama_factor_region-Developed__materiality_people_action-a__h7fe77ad8/initiative_decomposition.csv  (5607 rows)
[run] sweep__action_characterization-Materiality_People_Action_SDG__convert_to_USD-True__fama_factor_region-Developed__materiality_people_action-a__h7fe77ad8: 4 artifacts
[run] archived (kept)     -> runs/20260930T194741Z_sweep__action_characterization-Materiality_People_Action_SDG__convert_to_USD-True__fama_factor_region-Developed__materiality_people_action-a__h7fe77ad8/   (+ manifest.json/.md, dashboard.md)
[run] latest (overwrites) -> sweep_output/20260930T134756Z_developed_materiality_sdg_groups_x_behaviours/artifacts/sweep__action_characterization-Materiality_People_Action_SDG__convert_to_USD-True__fama_factor_region-Developed__materiality_people_action-a__h7fe77ad8/
[run] debug prints        -> runs/20260930T194741Z_sweep__action_characterization-Materiality_People_Action_SDG__convert_to_USD-True__fama_factor_region-Developed__materiality_people_action-a__h7fe77ad8/debug_prints.log
[run] view it:  python -m parity.show sweep__action_characterization-Materiality_People_Action_SDG__convert_to_USD-True__fama_factor_region-Developed__materiality_people_action-a__h7fe77ad8
[sweep] rebuilt sweep_output/20260930T134756Z_developed_materiality_sdg_groups_x_behaviours/results.{pdf,csv,xlsx} (80 pages, 80 rows)

[sweep] (81/128) sweep__action_characterization-Materiality_People_Action_SDG__convert_to_USD-True__drop_real_estate-False__drop_utilities-False__fama_factor__h745b1c87
[sweep]     action_characterization=Materiality_People_Action_SDG, convert_to_USD=True, drop_real_estate=False, drop_utilities=False, fama_factor_region=Developed, materiality_people_action=preparation, region_analysis=Developed
[run] decomposition PDF    -> runs/20260930T195259Z_sweep__action_characterization-Materiality_People_Action_SDG__convert_to_USD-True__drop_real_estate-False__drop_utilities-False__fama_factor__h745b1c87/initiative_decomposition.pdf  (6 pages)
[run] decomposition CSV    -> runs/20260930T195259Z_sweep__action_characterization-Materiality_People_Action_SDG__convert_to_USD-True__drop_real_estate-False__drop_utilities-False__fama_factor__h745b1c87/initiative_decomposition.csv  (5607 rows)
[run] sweep__action_characterization-Materiality_People_Action_SDG__convert_to_USD-True__drop_real_estate-False__drop_utilities-False__fama_factor__h745b1c87: 4 artifacts
[run] archived (kept)     -> runs/20260930T195259Z_sweep__action_characterization-Materiality_People_Action_SDG__convert_to_USD-True__drop_real_estate-False__drop_utilities-False__fama_factor__h745b1c87/   (+ manifest.json/.md, dashboard.md)
[run] latest (overwrites) -> sweep_output/20260930T134756Z_developed_materiality_sdg_groups_x_behaviours/artifacts/sweep__action_characterization-Materiality_People_Action_SDG__convert_to_USD-True__drop_real_estate-False__drop_utilities-False__fama_factor__h745b1c87/
[run] debug prints        -> runs/20260930T195259Z_sweep__action_characterization-Materiality_People_Action_SDG__convert_to_USD-True__drop_real_estate-False__drop_utilities-False__fama_factor__h745b1c87/debug_prints.log
[run] view it:  python -m parity.show sweep__action_characterization-Materiality_People_Action_SDG__convert_to_USD-True__drop_real_estate-False__drop_utilities-False__fama_factor__h745b1c87

[sweep] (82/128) sweep__action_characterization-Materiality_People_Action_SDG__convert_to_USD-True__fama_factor_region-Developed__materiality_people_action-p__h1bd51c1c
[sweep]     action_characterization=Materiality_People_Action_SDG, convert_to_USD=True, fama_factor_region=Developed, materiality_people_action=preparation, region_analysis=Developed
[run] decomposition PDF    -> runs/20260930T195712Z_sweep__action_characterization-Materiality_People_Action_SDG__convert_to_USD-True__fama_factor_region-Developed__materiality_people_action-p__h1bd51c1c/initiative_decomposition.pdf  (6 pages)
[run] decomposition CSV    -> runs/20260930T195712Z_sweep__action_characterization-Materiality_People_Action_SDG__convert_to_USD-True__fama_factor_region-Developed__materiality_people_action-p__h1bd51c1c/initiative_decomposition.csv  (5518 rows)
[run] sweep__action_characterization-Materiality_People_Action_SDG__convert_to_USD-True__fama_factor_region-Developed__materiality_people_action-p__h1bd51c1c: 4 artifacts
[run] archived (kept)     -> runs/20260930T195712Z_sweep__action_characterization-Materiality_People_Action_SDG__convert_to_USD-True__fama_factor_region-Developed__materiality_people_action-p__h1bd51c1c/   (+ manifest.json/.md, dashboard.md)
[run] latest (overwrites) -> sweep_output/20260930T134756Z_developed_materiality_sdg_groups_x_behaviours/artifacts/sweep__action_characterization-Materiality_People_Action_SDG__convert_to_USD-True__fama_factor_region-Developed__materiality_people_action-p__h1bd51c1c/
[run] debug prints        -> runs/20260930T195712Z_sweep__action_characterization-Materiality_People_Action_SDG__convert_to_USD-True__fama_factor_region-Developed__materiality_people_action-p__h1bd51c1c/debug_prints.log
[run] view it:  python -m parity.show sweep__action_characterization-Materiality_People_Action_SDG__convert_to_USD-True__fama_factor_region-Developed__materiality_people_action-p__h1bd51c1c

[sweep] (83/128) sweep__action_characterization-Materiality_People_Action_SDG__convert_to_USD-True__drop_real_estate-False__drop_utilities-False__fama_factor__hb2bdd853
[sweep]     action_characterization=Materiality_People_Action_SDG, convert_to_USD=True, drop_real_estate=False, drop_utilities=False, fama_factor_region=Developed, materiality_people_action=preparation, mktcap_covered_if_filter_by_cum_market_cap=0.99, region_analysis=Developed
[run] decomposition PDF    -> runs/20260930T200125Z_sweep__action_characterization-Materiality_People_Action_SDG__convert_to_USD-True__drop_real_estate-False__drop_utilities-False__fama_factor__hb2bdd853/initiative_decomposition.pdf  (6 pages)
[run] decomposition CSV    -> runs/20260930T200125Z_sweep__action_characterization-Materiality_People_Action_SDG__convert_to_USD-True__drop_real_estate-False__drop_utilities-False__fama_factor__hb2bdd853/initiative_decomposition.csv  (5607 rows)
[run] sweep__action_characterization-Materiality_People_Action_SDG__convert_to_USD-True__drop_real_estate-False__drop_utilities-False__fama_factor__hb2bdd853: 4 artifacts
[run] archived (kept)     -> runs/20260930T200125Z_sweep__action_characterization-Materiality_People_Action_SDG__convert_to_USD-True__drop_real_estate-False__drop_utilities-False__fama_factor__hb2bdd853/   (+ manifest.json/.md, dashboard.md)
[run] latest (overwrites) -> sweep_output/20260930T134756Z_developed_materiality_sdg_groups_x_behaviours/artifacts/sweep__action_characterization-Materiality_People_Action_SDG__convert_to_USD-True__drop_real_estate-False__drop_utilities-False__fama_factor__hb2bdd853/
[run] debug prints        -> runs/20260930T200125Z_sweep__action_characterization-Materiality_People_Action_SDG__convert_to_USD-True__drop_real_estate-False__drop_utilities-False__fama_factor__hb2bdd853/debug_prints.log
[run] view it:  python -m parity.show sweep__action_characterization-Materiality_People_Action_SDG__convert_to_USD-True__drop_real_estate-False__drop_utilities-False__fama_factor__hb2bdd853

[sweep] (84/128) sweep__action_characterization-Materiality_People_Action_SDG__convert_to_USD-True__fama_factor_region-Developed__materiality_people_action-p__h3b14860b
[sweep]     action_characterization=Materiality_People_Action_SDG, convert_to_USD=True, fama_factor_region=Developed, materiality_people_action=preparation, mktcap_covered_if_filter_by_cum_market_cap=0.99, region_analysis=Developed
[run] decomposition PDF    -> runs/20260930T200601Z_sweep__action_characterization-Materiality_People_Action_SDG__convert_to_USD-True__fama_factor_region-Developed__materiality_people_action-p__h3b14860b/initiative_decomposition.pdf  (6 pages)
[run] decomposition CSV    -> runs/20260930T200601Z_sweep__action_characterization-Materiality_People_Action_SDG__convert_to_USD-True__fama_factor_region-Developed__materiality_people_action-p__h3b14860b/initiative_decomposition.csv  (5518 rows)
[run] sweep__action_characterization-Materiality_People_Action_SDG__convert_to_USD-True__fama_factor_region-Developed__materiality_people_action-p__h3b14860b: 4 artifacts
[run] archived (kept)     -> runs/20260930T200601Z_sweep__action_characterization-Materiality_People_Action_SDG__convert_to_USD-True__fama_factor_region-Developed__materiality_people_action-p__h3b14860b/   (+ manifest.json/.md, dashboard.md)
[run] latest (overwrites) -> sweep_output/20260930T134756Z_developed_materiality_sdg_groups_x_behaviours/artifacts/sweep__action_characterization-Materiality_People_Action_SDG__convert_to_USD-True__fama_factor_region-Developed__materiality_people_action-p__h3b14860b/
[run] debug prints        -> runs/20260930T200601Z_sweep__action_characterization-Materiality_People_Action_SDG__convert_to_USD-True__fama_factor_region-Developed__materiality_people_action-p__h3b14860b/debug_prints.log
[run] view it:  python -m parity.show sweep__action_characterization-Materiality_People_Action_SDG__convert_to_USD-True__fama_factor_region-Developed__materiality_people_action-p__h3b14860b

[sweep] (85/128) sweep__action_characterization-Materiality_People_Action_SDG__convert_to_USD-True__drop_real_estate-False__drop_utilities-False__fama_factor__he7b80371
[sweep]     action_characterization=Materiality_People_Action_SDG, convert_to_USD=True, drop_real_estate=False, drop_utilities=False, fama_factor_region=Developed, materiality_people_action=preparation, portfolio_weighting=equal, region_analysis=Developed
[run] decomposition PDF    -> runs/20260930T201038Z_sweep__action_characterization-Materiality_People_Action_SDG__convert_to_USD-True__drop_real_estate-False__drop_utilities-False__fama_factor__he7b80371/initiative_decomposition.pdf  (6 pages)
[run] decomposition CSV    -> runs/20260930T201038Z_sweep__action_characterization-Materiality_People_Action_SDG__convert_to_USD-True__drop_real_estate-False__drop_utilities-False__fama_factor__he7b80371/initiative_decomposition.csv  (5607 rows)
[run] sweep__action_characterization-Materiality_People_Action_SDG__convert_to_USD-True__drop_real_estate-False__drop_utilities-False__fama_factor__he7b80371: 4 artifacts
[run] archived (kept)     -> runs/20260930T201038Z_sweep__action_characterization-Materiality_People_Action_SDG__convert_to_USD-True__drop_real_estate-False__drop_utilities-False__fama_factor__he7b80371/   (+ manifest.json/.md, dashboard.md)
[run] latest (overwrites) -> sweep_output/20260930T134756Z_developed_materiality_sdg_groups_x_behaviours/artifacts/sweep__action_characterization-Materiality_People_Action_SDG__convert_to_USD-True__drop_real_estate-False__drop_utilities-False__fama_factor__he7b80371/
[run] debug prints        -> runs/20260930T201038Z_sweep__action_characterization-Materiality_People_Action_SDG__convert_to_USD-True__drop_real_estate-False__drop_utilities-False__fama_factor__he7b80371/debug_prints.log
[run] view it:  python -m parity.show sweep__action_characterization-Materiality_People_Action_SDG__convert_to_USD-True__drop_real_estate-False__drop_utilities-False__fama_factor__he7b80371

[sweep] (86/128) sweep__action_characterization-Materiality_People_Action_SDG__convert_to_USD-True__fama_factor_region-Developed__materiality_people_action-p__ha1df3e84
[sweep]     action_characterization=Materiality_People_Action_SDG, convert_to_USD=True, fama_factor_region=Developed, materiality_people_action=preparation, portfolio_weighting=equal, region_analysis=Developed
[run] decomposition PDF    -> runs/20260930T201447Z_sweep__action_characterization-Materiality_People_Action_SDG__convert_to_USD-True__fama_factor_region-Developed__materiality_people_action-p__ha1df3e84/initiative_decomposition.pdf  (6 pages)
[run] decomposition CSV    -> runs/20260930T201447Z_sweep__action_characterization-Materiality_People_Action_SDG__convert_to_USD-True__fama_factor_region-Developed__materiality_people_action-p__ha1df3e84/initiative_decomposition.csv  (5518 rows)
[run] sweep__action_characterization-Materiality_People_Action_SDG__convert_to_USD-True__fama_factor_region-Developed__materiality_people_action-p__ha1df3e84: 4 artifacts
[run] archived (kept)     -> runs/20260930T201447Z_sweep__action_characterization-Materiality_People_Action_SDG__convert_to_USD-True__fama_factor_region-Developed__materiality_people_action-p__ha1df3e84/   (+ manifest.json/.md, dashboard.md)
[run] latest (overwrites) -> sweep_output/20260930T134756Z_developed_materiality_sdg_groups_x_behaviours/artifacts/sweep__action_characterization-Materiality_People_Action_SDG__convert_to_USD-True__fama_factor_region-Developed__materiality_people_action-p__ha1df3e84/
[run] debug prints        -> runs/20260930T201447Z_sweep__action_characterization-Materiality_People_Action_SDG__convert_to_USD-True__fama_factor_region-Developed__materiality_people_action-p__ha1df3e84/debug_prints.log
[run] view it:  python -m parity.show sweep__action_characterization-Materiality_People_Action_SDG__convert_to_USD-True__fama_factor_region-Developed__materiality_people_action-p__ha1df3e84

[sweep] (87/128) sweep__action_characterization-Materiality_People_Action_SDG__convert_to_USD-True__drop_real_estate-False__drop_utilities-False__fama_factor__hcb473093
[sweep]     action_characterization=Materiality_People_Action_SDG, convert_to_USD=True, drop_real_estate=False, drop_utilities=False, fama_factor_region=Developed, materiality_people_action=preparation, mktcap_covered_if_filter_by_cum_market_cap=0.99, portfolio_weighting=equal, region_analysis=Developed
[run] decomposition PDF    -> runs/20260930T201856Z_sweep__action_characterization-Materiality_People_Action_SDG__convert_to_USD-True__drop_real_estate-False__drop_utilities-False__fama_factor__hcb473093/initiative_decomposition.pdf  (6 pages)
[run] decomposition CSV    -> runs/20260930T201856Z_sweep__action_characterization-Materiality_People_Action_SDG__convert_to_USD-True__drop_real_estate-False__drop_utilities-False__fama_factor__hcb473093/initiative_decomposition.csv  (5607 rows)
[run] sweep__action_characterization-Materiality_People_Action_SDG__convert_to_USD-True__drop_real_estate-False__drop_utilities-False__fama_factor__hcb473093: 4 artifacts
[run] archived (kept)     -> runs/20260930T201856Z_sweep__action_characterization-Materiality_People_Action_SDG__convert_to_USD-True__drop_real_estate-False__drop_utilities-False__fama_factor__hcb473093/   (+ manifest.json/.md, dashboard.md)
[run] latest (overwrites) -> sweep_output/20260930T134756Z_developed_materiality_sdg_groups_x_behaviours/artifacts/sweep__action_characterization-Materiality_People_Action_SDG__convert_to_USD-True__drop_real_estate-False__drop_utilities-False__fama_factor__hcb473093/
[run] debug prints        -> runs/20260930T201856Z_sweep__action_characterization-Materiality_People_Action_SDG__convert_to_USD-True__drop_real_estate-False__drop_utilities-False__fama_factor__hcb473093/debug_prints.log
[run] view it:  python -m parity.show sweep__action_characterization-Materiality_People_Action_SDG__convert_to_USD-True__drop_real_estate-False__drop_utilities-False__fama_factor__hcb473093

[sweep] (88/128) sweep__action_characterization-Materiality_People_Action_SDG__convert_to_USD-True__fama_factor_region-Developed__materiality_people_action-p__h9b8c57df
[sweep]     action_characterization=Materiality_People_Action_SDG, convert_to_USD=True, fama_factor_region=Developed, materiality_people_action=preparation, mktcap_covered_if_filter_by_cum_market_cap=0.99, portfolio_weighting=equal, region_analysis=Developed
[run] decomposition PDF    -> runs/20260930T202332Z_sweep__action_characterization-Materiality_People_Action_SDG__convert_to_USD-True__fama_factor_region-Developed__materiality_people_action-p__h9b8c57df/initiative_decomposition.pdf  (6 pages)
[run] decomposition CSV    -> runs/20260930T202332Z_sweep__action_characterization-Materiality_People_Action_SDG__convert_to_USD-True__fama_factor_region-Developed__materiality_people_action-p__h9b8c57df/initiative_decomposition.csv  (5518 rows)
[run] sweep__action_characterization-Materiality_People_Action_SDG__convert_to_USD-True__fama_factor_region-Developed__materiality_people_action-p__h9b8c57df: 4 artifacts
[run] archived (kept)     -> runs/20260930T202332Z_sweep__action_characterization-Materiality_People_Action_SDG__convert_to_USD-True__fama_factor_region-Developed__materiality_people_action-p__h9b8c57df/   (+ manifest.json/.md, dashboard.md)
[run] latest (overwrites) -> sweep_output/20260930T134756Z_developed_materiality_sdg_groups_x_behaviours/artifacts/sweep__action_characterization-Materiality_People_Action_SDG__convert_to_USD-True__fama_factor_region-Developed__materiality_people_action-p__h9b8c57df/
[run] debug prints        -> runs/20260930T202332Z_sweep__action_characterization-Materiality_People_Action_SDG__convert_to_USD-True__fama_factor_region-Developed__materiality_people_action-p__h9b8c57df/debug_prints.log
[run] view it:  python -m parity.show sweep__action_characterization-Materiality_People_Action_SDG__convert_to_USD-True__fama_factor_region-Developed__materiality_people_action-p__h9b8c57df

[sweep] (89/128) sweep__action_characterization-Materiality_People_Action_SDG__convert_to_USD-True__drop_real_estate-False__drop_utilities-False__fama_factor__h59c30d43
[sweep]     action_characterization=Materiality_People_Action_SDG, convert_to_USD=True, drop_real_estate=False, drop_utilities=False, fama_factor_region=Developed, materiality_people_action=transformation, region_analysis=Developed
[run] decomposition PDF    -> runs/20260930T202803Z_sweep__action_characterization-Materiality_People_Action_SDG__convert_to_USD-True__drop_real_estate-False__drop_utilities-False__fama_factor__h59c30d43/initiative_decomposition.pdf  (6 pages)
[run] decomposition CSV    -> runs/20260930T202803Z_sweep__action_characterization-Materiality_People_Action_SDG__convert_to_USD-True__drop_real_estate-False__drop_utilities-False__fama_factor__h59c30d43/initiative_decomposition.csv  (5696 rows)
[run] sweep__action_characterization-Materiality_People_Action_SDG__convert_to_USD-True__drop_real_estate-False__drop_utilities-False__fama_factor__h59c30d43: 4 artifacts
[run] archived (kept)     -> runs/20260930T202803Z_sweep__action_characterization-Materiality_People_Action_SDG__convert_to_USD-True__drop_real_estate-False__drop_utilities-False__fama_factor__h59c30d43/   (+ manifest.json/.md, dashboard.md)
[run] latest (overwrites) -> sweep_output/20260930T134756Z_developed_materiality_sdg_groups_x_behaviours/artifacts/sweep__action_characterization-Materiality_People_Action_SDG__convert_to_USD-True__drop_real_estate-False__drop_utilities-False__fama_factor__h59c30d43/
[run] debug prints        -> runs/20260930T202803Z_sweep__action_characterization-Materiality_People_Action_SDG__convert_to_USD-True__drop_real_estate-False__drop_utilities-False__fama_factor__h59c30d43/debug_prints.log
[run] view it:  python -m parity.show sweep__action_characterization-Materiality_People_Action_SDG__convert_to_USD-True__drop_real_estate-False__drop_utilities-False__fama_factor__h59c30d43

[sweep] (90/128) sweep__action_characterization-Materiality_People_Action_SDG__convert_to_USD-True__fama_factor_region-Developed__materiality_people_action-t__hbe03ee40
[sweep]     action_characterization=Materiality_People_Action_SDG, convert_to_USD=True, fama_factor_region=Developed, materiality_people_action=transformation, region_analysis=Developed
[run] decomposition PDF    -> runs/20260930T203211Z_sweep__action_characterization-Materiality_People_Action_SDG__convert_to_USD-True__fama_factor_region-Developed__materiality_people_action-t__hbe03ee40/initiative_decomposition.pdf  (6 pages)
[run] decomposition CSV    -> runs/20260930T203211Z_sweep__action_characterization-Materiality_People_Action_SDG__convert_to_USD-True__fama_factor_region-Developed__materiality_people_action-t__hbe03ee40/initiative_decomposition.csv  (5518 rows)
[run] sweep__action_characterization-Materiality_People_Action_SDG__convert_to_USD-True__fama_factor_region-Developed__materiality_people_action-t__hbe03ee40: 4 artifacts
[run] archived (kept)     -> runs/20260930T203211Z_sweep__action_characterization-Materiality_People_Action_SDG__convert_to_USD-True__fama_factor_region-Developed__materiality_people_action-t__hbe03ee40/   (+ manifest.json/.md, dashboard.md)
[run] latest (overwrites) -> sweep_output/20260930T134756Z_developed_materiality_sdg_groups_x_behaviours/artifacts/sweep__action_characterization-Materiality_People_Action_SDG__convert_to_USD-True__fama_factor_region-Developed__materiality_people_action-t__hbe03ee40/
[run] debug prints        -> runs/20260930T203211Z_sweep__action_characterization-Materiality_People_Action_SDG__convert_to_USD-True__fama_factor_region-Developed__materiality_people_action-t__hbe03ee40/debug_prints.log
[run] view it:  python -m parity.show sweep__action_characterization-Materiality_People_Action_SDG__convert_to_USD-True__fama_factor_region-Developed__materiality_people_action-t__hbe03ee40
[sweep] rebuilt sweep_output/20260930T134756Z_developed_materiality_sdg_groups_x_behaviours/results.{pdf,csv,xlsx} (90 pages, 90 rows)

[sweep] (91/128) sweep__action_characterization-Materiality_People_Action_SDG__convert_to_USD-True__drop_real_estate-False__drop_utilities-False__fama_factor__h71e230fa
[sweep]     action_characterization=Materiality_People_Action_SDG, convert_to_USD=True, drop_real_estate=False, drop_utilities=False, fama_factor_region=Developed, materiality_people_action=transformation, mktcap_covered_if_filter_by_cum_market_cap=0.99, region_analysis=Developed
[run] decomposition PDF    -> runs/20260930T203705Z_sweep__action_characterization-Materiality_People_Action_SDG__convert_to_USD-True__drop_real_estate-False__drop_utilities-False__fama_factor__h71e230fa/initiative_decomposition.pdf  (6 pages)
[run] decomposition CSV    -> runs/20260930T203705Z_sweep__action_characterization-Materiality_People_Action_SDG__convert_to_USD-True__drop_real_estate-False__drop_utilities-False__fama_factor__h71e230fa/initiative_decomposition.csv  (5607 rows)
[run] sweep__action_characterization-Materiality_People_Action_SDG__convert_to_USD-True__drop_real_estate-False__drop_utilities-False__fama_factor__h71e230fa: 4 artifacts
[run] archived (kept)     -> runs/20260930T203705Z_sweep__action_characterization-Materiality_People_Action_SDG__convert_to_USD-True__drop_real_estate-False__drop_utilities-False__fama_factor__h71e230fa/   (+ manifest.json/.md, dashboard.md)
[run] latest (overwrites) -> sweep_output/20260930T134756Z_developed_materiality_sdg_groups_x_behaviours/artifacts/sweep__action_characterization-Materiality_People_Action_SDG__convert_to_USD-True__drop_real_estate-False__drop_utilities-False__fama_factor__h71e230fa/
[run] debug prints        -> runs/20260930T203705Z_sweep__action_characterization-Materiality_People_Action_SDG__convert_to_USD-True__drop_real_estate-False__drop_utilities-False__fama_factor__h71e230fa/debug_prints.log
[run] view it:  python -m parity.show sweep__action_characterization-Materiality_People_Action_SDG__convert_to_USD-True__drop_real_estate-False__drop_utilities-False__fama_factor__h71e230fa

[sweep] (92/128) sweep__action_characterization-Materiality_People_Action_SDG__convert_to_USD-True__fama_factor_region-Developed__materiality_people_action-t__hc6a51a03
[sweep]     action_characterization=Materiality_People_Action_SDG, convert_to_USD=True, fama_factor_region=Developed, materiality_people_action=transformation, mktcap_covered_if_filter_by_cum_market_cap=0.99, region_analysis=Developed
[run] decomposition PDF    -> runs/20260930T204139Z_sweep__action_characterization-Materiality_People_Action_SDG__convert_to_USD-True__fama_factor_region-Developed__materiality_people_action-t__hc6a51a03/initiative_decomposition.pdf  (6 pages)
[run] decomposition CSV    -> runs/20260930T204139Z_sweep__action_characterization-Materiality_People_Action_SDG__convert_to_USD-True__fama_factor_region-Developed__materiality_people_action-t__hc6a51a03/initiative_decomposition.csv  (5518 rows)
[run] sweep__action_characterization-Materiality_People_Action_SDG__convert_to_USD-True__fama_factor_region-Developed__materiality_people_action-t__hc6a51a03: 4 artifacts
[run] archived (kept)     -> runs/20260930T204139Z_sweep__action_characterization-Materiality_People_Action_SDG__convert_to_USD-True__fama_factor_region-Developed__materiality_people_action-t__hc6a51a03/   (+ manifest.json/.md, dashboard.md)
[run] latest (overwrites) -> sweep_output/20260930T134756Z_developed_materiality_sdg_groups_x_behaviours/artifacts/sweep__action_characterization-Materiality_People_Action_SDG__convert_to_USD-True__fama_factor_region-Developed__materiality_people_action-t__hc6a51a03/
[run] debug prints        -> runs/20260930T204139Z_sweep__action_characterization-Materiality_People_Action_SDG__convert_to_USD-True__fama_factor_region-Developed__materiality_people_action-t__hc6a51a03/debug_prints.log
[run] view it:  python -m parity.show sweep__action_characterization-Materiality_People_Action_SDG__convert_to_USD-True__fama_factor_region-Developed__materiality_people_action-t__hc6a51a03

[sweep] (93/128) sweep__action_characterization-Materiality_People_Action_SDG__convert_to_USD-True__drop_real_estate-False__drop_utilities-False__fama_factor__h00b1ff19
[sweep]     action_characterization=Materiality_People_Action_SDG, convert_to_USD=True, drop_real_estate=False, drop_utilities=False, fama_factor_region=Developed, materiality_people_action=transformation, portfolio_weighting=equal, region_analysis=Developed
[run] decomposition PDF    -> runs/20260930T204613Z_sweep__action_characterization-Materiality_People_Action_SDG__convert_to_USD-True__drop_real_estate-False__drop_utilities-False__fama_factor__h00b1ff19/initiative_decomposition.pdf  (6 pages)
[run] decomposition CSV    -> runs/20260930T204613Z_sweep__action_characterization-Materiality_People_Action_SDG__convert_to_USD-True__drop_real_estate-False__drop_utilities-False__fama_factor__h00b1ff19/initiative_decomposition.csv  (5696 rows)
[run] sweep__action_characterization-Materiality_People_Action_SDG__convert_to_USD-True__drop_real_estate-False__drop_utilities-False__fama_factor__h00b1ff19: 4 artifacts
[run] archived (kept)     -> runs/20260930T204613Z_sweep__action_characterization-Materiality_People_Action_SDG__convert_to_USD-True__drop_real_estate-False__drop_utilities-False__fama_factor__h00b1ff19/   (+ manifest.json/.md, dashboard.md)
[run] latest (overwrites) -> sweep_output/20260930T134756Z_developed_materiality_sdg_groups_x_behaviours/artifacts/sweep__action_characterization-Materiality_People_Action_SDG__convert_to_USD-True__drop_real_estate-False__drop_utilities-False__fama_factor__h00b1ff19/
[run] debug prints        -> runs/20260930T204613Z_sweep__action_characterization-Materiality_People_Action_SDG__convert_to_USD-True__drop_real_estate-False__drop_utilities-False__fama_factor__h00b1ff19/debug_prints.log
[run] view it:  python -m parity.show sweep__action_characterization-Materiality_People_Action_SDG__convert_to_USD-True__drop_real_estate-False__drop_utilities-False__fama_factor__h00b1ff19

[sweep] (94/128) sweep__action_characterization-Materiality_People_Action_SDG__convert_to_USD-True__fama_factor_region-Developed__materiality_people_action-t__h2402dae2
[sweep]     action_characterization=Materiality_People_Action_SDG, convert_to_USD=True, fama_factor_region=Developed, materiality_people_action=transformation, portfolio_weighting=equal, region_analysis=Developed
[run] decomposition PDF    -> runs/20260930T205020Z_sweep__action_characterization-Materiality_People_Action_SDG__convert_to_USD-True__fama_factor_region-Developed__materiality_people_action-t__h2402dae2/initiative_decomposition.pdf  (6 pages)
[run] decomposition CSV    -> runs/20260930T205020Z_sweep__action_characterization-Materiality_People_Action_SDG__convert_to_USD-True__fama_factor_region-Developed__materiality_people_action-t__h2402dae2/initiative_decomposition.csv  (5518 rows)
[run] sweep__action_characterization-Materiality_People_Action_SDG__convert_to_USD-True__fama_factor_region-Developed__materiality_people_action-t__h2402dae2: 4 artifacts
[run] archived (kept)     -> runs/20260930T205020Z_sweep__action_characterization-Materiality_People_Action_SDG__convert_to_USD-True__fama_factor_region-Developed__materiality_people_action-t__h2402dae2/   (+ manifest.json/.md, dashboard.md)
[run] latest (overwrites) -> sweep_output/20260930T134756Z_developed_materiality_sdg_groups_x_behaviours/artifacts/sweep__action_characterization-Materiality_People_Action_SDG__convert_to_USD-True__fama_factor_region-Developed__materiality_people_action-t__h2402dae2/
[run] debug prints        -> runs/20260930T205020Z_sweep__action_characterization-Materiality_People_Action_SDG__convert_to_USD-True__fama_factor_region-Developed__materiality_people_action-t__h2402dae2/debug_prints.log
[run] view it:  python -m parity.show sweep__action_characterization-Materiality_People_Action_SDG__convert_to_USD-True__fama_factor_region-Developed__materiality_people_action-t__h2402dae2

[sweep] (95/128) sweep__action_characterization-Materiality_People_Action_SDG__convert_to_USD-True__drop_real_estate-False__drop_utilities-False__fama_factor__h5dd80344
[sweep]     action_characterization=Materiality_People_Action_SDG, convert_to_USD=True, drop_real_estate=False, drop_utilities=False, fama_factor_region=Developed, materiality_people_action=transformation, mktcap_covered_if_filter_by_cum_market_cap=0.99, portfolio_weighting=equal, region_analysis=Developed
[run] decomposition PDF    -> runs/20260930T205427Z_sweep__action_characterization-Materiality_People_Action_SDG__convert_to_USD-True__drop_real_estate-False__drop_utilities-False__fama_factor__h5dd80344/initiative_decomposition.pdf  (6 pages)
[run] decomposition CSV    -> runs/20260930T205427Z_sweep__action_characterization-Materiality_People_Action_SDG__convert_to_USD-True__drop_real_estate-False__drop_utilities-False__fama_factor__h5dd80344/initiative_decomposition.csv  (5607 rows)
[run] sweep__action_characterization-Materiality_People_Action_SDG__convert_to_USD-True__drop_real_estate-False__drop_utilities-False__fama_factor__h5dd80344: 4 artifacts
[run] archived (kept)     -> runs/20260930T205427Z_sweep__action_characterization-Materiality_People_Action_SDG__convert_to_USD-True__drop_real_estate-False__drop_utilities-False__fama_factor__h5dd80344/   (+ manifest.json/.md, dashboard.md)
[run] latest (overwrites) -> sweep_output/20260930T134756Z_developed_materiality_sdg_groups_x_behaviours/artifacts/sweep__action_characterization-Materiality_People_Action_SDG__convert_to_USD-True__drop_real_estate-False__drop_utilities-False__fama_factor__h5dd80344/
[run] debug prints        -> runs/20260930T205427Z_sweep__action_characterization-Materiality_People_Action_SDG__convert_to_USD-True__drop_real_estate-False__drop_utilities-False__fama_factor__h5dd80344/debug_prints.log
[run] view it:  python -m parity.show sweep__action_characterization-Materiality_People_Action_SDG__convert_to_USD-True__drop_real_estate-False__drop_utilities-False__fama_factor__h5dd80344

[sweep] (96/128) sweep__action_characterization-Materiality_People_Action_SDG__convert_to_USD-True__fama_factor_region-Developed__materiality_people_action-t__h40d43a2a
[sweep]     action_characterization=Materiality_People_Action_SDG, convert_to_USD=True, fama_factor_region=Developed, materiality_people_action=transformation, mktcap_covered_if_filter_by_cum_market_cap=0.99, portfolio_weighting=equal, region_analysis=Developed
[run] decomposition PDF    -> runs/20260930T205900Z_sweep__action_characterization-Materiality_People_Action_SDG__convert_to_USD-True__fama_factor_region-Developed__materiality_people_action-t__h40d43a2a/initiative_decomposition.pdf  (6 pages)
[run] decomposition CSV    -> runs/20260930T205900Z_sweep__action_characterization-Materiality_People_Action_SDG__convert_to_USD-True__fama_factor_region-Developed__materiality_people_action-t__h40d43a2a/initiative_decomposition.csv  (5518 rows)
[run] sweep__action_characterization-Materiality_People_Action_SDG__convert_to_USD-True__fama_factor_region-Developed__materiality_people_action-t__h40d43a2a: 4 artifacts
[run] archived (kept)     -> runs/20260930T205900Z_sweep__action_characterization-Materiality_People_Action_SDG__convert_to_USD-True__fama_factor_region-Developed__materiality_people_action-t__h40d43a2a/   (+ manifest.json/.md, dashboard.md)
[run] latest (overwrites) -> sweep_output/20260930T134756Z_developed_materiality_sdg_groups_x_behaviours/artifacts/sweep__action_characterization-Materiality_People_Action_SDG__convert_to_USD-True__fama_factor_region-Developed__materiality_people_action-t__h40d43a2a/
[run] debug prints        -> runs/20260930T205900Z_sweep__action_characterization-Materiality_People_Action_SDG__convert_to_USD-True__fama_factor_region-Developed__materiality_people_action-t__h40d43a2a/debug_prints.log
[run] view it:  python -m parity.show sweep__action_characterization-Materiality_People_Action_SDG__convert_to_USD-True__fama_factor_region-Developed__materiality_people_action-t__h40d43a2a

[sweep] (97/128) sweep__action_characterization-Materiality_Planet_Action_SDG__convert_to_USD-True__drop_real_estate-False__drop_utilities-False__fama_factor__hdaeb9975
[sweep]     action_characterization=Materiality_Planet_Action_SDG, convert_to_USD=True, drop_real_estate=False, drop_utilities=False, fama_factor_region=Developed, materiality_planet_action=total, region_analysis=Developed
[run] decomposition PDF    -> runs/20260930T210329Z_sweep__action_characterization-Materiality_Planet_Action_SDG__convert_to_USD-True__drop_real_estate-False__drop_utilities-False__fama_factor__hdaeb9975/initiative_decomposition.pdf  (6 pages)
[run] decomposition CSV    -> runs/20260930T210329Z_sweep__action_characterization-Materiality_Planet_Action_SDG__convert_to_USD-True__drop_real_estate-False__drop_utilities-False__fama_factor__hdaeb9975/initiative_decomposition.csv  (8366 rows)
[run] sweep__action_characterization-Materiality_Planet_Action_SDG__convert_to_USD-True__drop_real_estate-False__drop_utilities-False__fama_factor__hdaeb9975: 4 artifacts
[run] archived (kept)     -> runs/20260930T210329Z_sweep__action_characterization-Materiality_Planet_Action_SDG__convert_to_USD-True__drop_real_estate-False__drop_utilities-False__fama_factor__hdaeb9975/   (+ manifest.json/.md, dashboard.md)
[run] latest (overwrites) -> sweep_output/20260930T134756Z_developed_materiality_sdg_groups_x_behaviours/artifacts/sweep__action_characterization-Materiality_Planet_Action_SDG__convert_to_USD-True__drop_real_estate-False__drop_utilities-False__fama_factor__hdaeb9975/
[run] debug prints        -> runs/20260930T210329Z_sweep__action_characterization-Materiality_Planet_Action_SDG__convert_to_USD-True__drop_real_estate-False__drop_utilities-False__fama_factor__hdaeb9975/debug_prints.log
[run] view it:  python -m parity.show sweep__action_characterization-Materiality_Planet_Action_SDG__convert_to_USD-True__drop_real_estate-False__drop_utilities-False__fama_factor__hdaeb9975

[sweep] (98/128) sweep__action_characterization-Materiality_Planet_Action_SDG__convert_to_USD-True__fama_factor_region-Developed__materiality_planet_action-t__h991cb4b2
[sweep]     action_characterization=Materiality_Planet_Action_SDG, convert_to_USD=True, fama_factor_region=Developed, materiality_planet_action=total, region_analysis=Developed
[run] decomposition PDF    -> runs/20260930T210745Z_sweep__action_characterization-Materiality_Planet_Action_SDG__convert_to_USD-True__fama_factor_region-Developed__materiality_planet_action-t__h991cb4b2/initiative_decomposition.pdf  (6 pages)
[run] decomposition CSV    -> runs/20260930T210745Z_sweep__action_characterization-Materiality_Planet_Action_SDG__convert_to_USD-True__fama_factor_region-Developed__materiality_planet_action-t__h991cb4b2/initiative_decomposition.csv  (8188 rows)
[run] sweep__action_characterization-Materiality_Planet_Action_SDG__convert_to_USD-True__fama_factor_region-Developed__materiality_planet_action-t__h991cb4b2: 4 artifacts
[run] archived (kept)     -> runs/20260930T210745Z_sweep__action_characterization-Materiality_Planet_Action_SDG__convert_to_USD-True__fama_factor_region-Developed__materiality_planet_action-t__h991cb4b2/   (+ manifest.json/.md, dashboard.md)
[run] latest (overwrites) -> sweep_output/20260930T134756Z_developed_materiality_sdg_groups_x_behaviours/artifacts/sweep__action_characterization-Materiality_Planet_Action_SDG__convert_to_USD-True__fama_factor_region-Developed__materiality_planet_action-t__h991cb4b2/
[run] debug prints        -> runs/20260930T210745Z_sweep__action_characterization-Materiality_Planet_Action_SDG__convert_to_USD-True__fama_factor_region-Developed__materiality_planet_action-t__h991cb4b2/debug_prints.log
[run] view it:  python -m parity.show sweep__action_characterization-Materiality_Planet_Action_SDG__convert_to_USD-True__fama_factor_region-Developed__materiality_planet_action-t__h991cb4b2

[sweep] (99/128) sweep__action_characterization-Materiality_Planet_Action_SDG__convert_to_USD-True__drop_real_estate-False__drop_utilities-False__fama_factor__h483cc1e7
[sweep]     action_characterization=Materiality_Planet_Action_SDG, convert_to_USD=True, drop_real_estate=False, drop_utilities=False, fama_factor_region=Developed, materiality_planet_action=total, mktcap_covered_if_filter_by_cum_market_cap=0.99, region_analysis=Developed
[run] decomposition PDF    -> runs/20260930T211226Z_sweep__action_characterization-Materiality_Planet_Action_SDG__convert_to_USD-True__drop_real_estate-False__drop_utilities-False__fama_factor__h483cc1e7/initiative_decomposition.pdf  (6 pages)
[run] decomposition CSV    -> runs/20260930T211226Z_sweep__action_characterization-Materiality_Planet_Action_SDG__convert_to_USD-True__drop_real_estate-False__drop_utilities-False__fama_factor__h483cc1e7/initiative_decomposition.csv  (8366 rows)
[run] sweep__action_characterization-Materiality_Planet_Action_SDG__convert_to_USD-True__drop_real_estate-False__drop_utilities-False__fama_factor__h483cc1e7: 4 artifacts
[run] archived (kept)     -> runs/20260930T211226Z_sweep__action_characterization-Materiality_Planet_Action_SDG__convert_to_USD-True__drop_real_estate-False__drop_utilities-False__fama_factor__h483cc1e7/   (+ manifest.json/.md, dashboard.md)
[run] latest (overwrites) -> sweep_output/20260930T134756Z_developed_materiality_sdg_groups_x_behaviours/artifacts/sweep__action_characterization-Materiality_Planet_Action_SDG__convert_to_USD-True__drop_real_estate-False__drop_utilities-False__fama_factor__h483cc1e7/
[run] debug prints        -> runs/20260930T211226Z_sweep__action_characterization-Materiality_Planet_Action_SDG__convert_to_USD-True__drop_real_estate-False__drop_utilities-False__fama_factor__h483cc1e7/debug_prints.log
[run] view it:  python -m parity.show sweep__action_characterization-Materiality_Planet_Action_SDG__convert_to_USD-True__drop_real_estate-False__drop_utilities-False__fama_factor__h483cc1e7

[sweep] (100/128) sweep__action_characterization-Materiality_Planet_Action_SDG__convert_to_USD-True__fama_factor_region-Developed__materiality_planet_action-t__h41ce878a
[sweep]     action_characterization=Materiality_Planet_Action_SDG, convert_to_USD=True, fama_factor_region=Developed, materiality_planet_action=total, mktcap_covered_if_filter_by_cum_market_cap=0.99, region_analysis=Developed
[run] decomposition PDF    -> runs/20260930T211708Z_sweep__action_characterization-Materiality_Planet_Action_SDG__convert_to_USD-True__fama_factor_region-Developed__materiality_planet_action-t__h41ce878a/initiative_decomposition.pdf  (6 pages)
[run] decomposition CSV    -> runs/20260930T211708Z_sweep__action_characterization-Materiality_Planet_Action_SDG__convert_to_USD-True__fama_factor_region-Developed__materiality_planet_action-t__h41ce878a/initiative_decomposition.csv  (8188 rows)
[run] sweep__action_characterization-Materiality_Planet_Action_SDG__convert_to_USD-True__fama_factor_region-Developed__materiality_planet_action-t__h41ce878a: 4 artifacts
[run] archived (kept)     -> runs/20260930T211708Z_sweep__action_characterization-Materiality_Planet_Action_SDG__convert_to_USD-True__fama_factor_region-Developed__materiality_planet_action-t__h41ce878a/   (+ manifest.json/.md, dashboard.md)
[run] latest (overwrites) -> sweep_output/20260930T134756Z_developed_materiality_sdg_groups_x_behaviours/artifacts/sweep__action_characterization-Materiality_Planet_Action_SDG__convert_to_USD-True__fama_factor_region-Developed__materiality_planet_action-t__h41ce878a/
[run] debug prints        -> runs/20260930T211708Z_sweep__action_characterization-Materiality_Planet_Action_SDG__convert_to_USD-True__fama_factor_region-Developed__materiality_planet_action-t__h41ce878a/debug_prints.log
[run] view it:  python -m parity.show sweep__action_characterization-Materiality_Planet_Action_SDG__convert_to_USD-True__fama_factor_region-Developed__materiality_planet_action-t__h41ce878a
[sweep] rebuilt sweep_output/20260930T134756Z_developed_materiality_sdg_groups_x_behaviours/results.{pdf,csv,xlsx} (100 pages, 100 rows)

[sweep] (101/128) sweep__action_characterization-Materiality_Planet_Action_SDG__convert_to_USD-True__drop_real_estate-False__drop_utilities-False__fama_factor__had6a7be6
[sweep]     action_characterization=Materiality_Planet_Action_SDG, convert_to_USD=True, drop_real_estate=False, drop_utilities=False, fama_factor_region=Developed, materiality_planet_action=total, portfolio_weighting=equal, region_analysis=Developed
[run] decomposition PDF    -> runs/20260930T212251Z_sweep__action_characterization-Materiality_Planet_Action_SDG__convert_to_USD-True__drop_real_estate-False__drop_utilities-False__fama_factor__had6a7be6/initiative_decomposition.pdf  (6 pages)
[run] decomposition CSV    -> runs/20260930T212251Z_sweep__action_characterization-Materiality_Planet_Action_SDG__convert_to_USD-True__drop_real_estate-False__drop_utilities-False__fama_factor__had6a7be6/initiative_decomposition.csv  (8366 rows)
[run] sweep__action_characterization-Materiality_Planet_Action_SDG__convert_to_USD-True__drop_real_estate-False__drop_utilities-False__fama_factor__had6a7be6: 4 artifacts
[run] archived (kept)     -> runs/20260930T212251Z_sweep__action_characterization-Materiality_Planet_Action_SDG__convert_to_USD-True__drop_real_estate-False__drop_utilities-False__fama_factor__had6a7be6/   (+ manifest.json/.md, dashboard.md)
[run] latest (overwrites) -> sweep_output/20260930T134756Z_developed_materiality_sdg_groups_x_behaviours/artifacts/sweep__action_characterization-Materiality_Planet_Action_SDG__convert_to_USD-True__drop_real_estate-False__drop_utilities-False__fama_factor__had6a7be6/
[run] debug prints        -> runs/20260930T212251Z_sweep__action_characterization-Materiality_Planet_Action_SDG__convert_to_USD-True__drop_real_estate-False__drop_utilities-False__fama_factor__had6a7be6/debug_prints.log
[run] view it:  python -m parity.show sweep__action_characterization-Materiality_Planet_Action_SDG__convert_to_USD-True__drop_real_estate-False__drop_utilities-False__fama_factor__had6a7be6

[sweep] (102/128) sweep__action_characterization-Materiality_Planet_Action_SDG__convert_to_USD-True__fama_factor_region-Developed__materiality_planet_action-t__he1da23a9
[sweep]     action_characterization=Materiality_Planet_Action_SDG, convert_to_USD=True, fama_factor_region=Developed, materiality_planet_action=total, portfolio_weighting=equal, region_analysis=Developed
[run] decomposition PDF    -> runs/20260930T212707Z_sweep__action_characterization-Materiality_Planet_Action_SDG__convert_to_USD-True__fama_factor_region-Developed__materiality_planet_action-t__he1da23a9/initiative_decomposition.pdf  (6 pages)
[run] decomposition CSV    -> runs/20260930T212707Z_sweep__action_characterization-Materiality_Planet_Action_SDG__convert_to_USD-True__fama_factor_region-Developed__materiality_planet_action-t__he1da23a9/initiative_decomposition.csv  (8188 rows)
[run] sweep__action_characterization-Materiality_Planet_Action_SDG__convert_to_USD-True__fama_factor_region-Developed__materiality_planet_action-t__he1da23a9: 4 artifacts
[run] archived (kept)     -> runs/20260930T212707Z_sweep__action_characterization-Materiality_Planet_Action_SDG__convert_to_USD-True__fama_factor_region-Developed__materiality_planet_action-t__he1da23a9/   (+ manifest.json/.md, dashboard.md)
[run] latest (overwrites) -> sweep_output/20260930T134756Z_developed_materiality_sdg_groups_x_behaviours/artifacts/sweep__action_characterization-Materiality_Planet_Action_SDG__convert_to_USD-True__fama_factor_region-Developed__materiality_planet_action-t__he1da23a9/
[run] debug prints        -> runs/20260930T212707Z_sweep__action_characterization-Materiality_Planet_Action_SDG__convert_to_USD-True__fama_factor_region-Developed__materiality_planet_action-t__he1da23a9/debug_prints.log
[run] view it:  python -m parity.show sweep__action_characterization-Materiality_Planet_Action_SDG__convert_to_USD-True__fama_factor_region-Developed__materiality_planet_action-t__he1da23a9

[sweep] (103/128) sweep__action_characterization-Materiality_Planet_Action_SDG__convert_to_USD-True__drop_real_estate-False__drop_utilities-False__fama_factor__ha0484653
[sweep]     action_characterization=Materiality_Planet_Action_SDG, convert_to_USD=True, drop_real_estate=False, drop_utilities=False, fama_factor_region=Developed, materiality_planet_action=total, mktcap_covered_if_filter_by_cum_market_cap=0.99, portfolio_weighting=equal, region_analysis=Developed
[run] decomposition PDF    -> runs/20260930T213122Z_sweep__action_characterization-Materiality_Planet_Action_SDG__convert_to_USD-True__drop_real_estate-False__drop_utilities-False__fama_factor__ha0484653/initiative_decomposition.pdf  (6 pages)
[run] decomposition CSV    -> runs/20260930T213122Z_sweep__action_characterization-Materiality_Planet_Action_SDG__convert_to_USD-True__drop_real_estate-False__drop_utilities-False__fama_factor__ha0484653/initiative_decomposition.csv  (8366 rows)
[run] sweep__action_characterization-Materiality_Planet_Action_SDG__convert_to_USD-True__drop_real_estate-False__drop_utilities-False__fama_factor__ha0484653: 4 artifacts
[run] archived (kept)     -> runs/20260930T213122Z_sweep__action_characterization-Materiality_Planet_Action_SDG__convert_to_USD-True__drop_real_estate-False__drop_utilities-False__fama_factor__ha0484653/   (+ manifest.json/.md, dashboard.md)
[run] latest (overwrites) -> sweep_output/20260930T134756Z_developed_materiality_sdg_groups_x_behaviours/artifacts/sweep__action_characterization-Materiality_Planet_Action_SDG__convert_to_USD-True__drop_real_estate-False__drop_utilities-False__fama_factor__ha0484653/
[run] debug prints        -> runs/20260930T213122Z_sweep__action_characterization-Materiality_Planet_Action_SDG__convert_to_USD-True__drop_real_estate-False__drop_utilities-False__fama_factor__ha0484653/debug_prints.log
[run] view it:  python -m parity.show sweep__action_characterization-Materiality_Planet_Action_SDG__convert_to_USD-True__drop_real_estate-False__drop_utilities-False__fama_factor__ha0484653

[sweep] (104/128) sweep__action_characterization-Materiality_Planet_Action_SDG__convert_to_USD-True__fama_factor_region-Developed__materiality_planet_action-t__h0897bed9
[sweep]     action_characterization=Materiality_Planet_Action_SDG, convert_to_USD=True, fama_factor_region=Developed, materiality_planet_action=total, mktcap_covered_if_filter_by_cum_market_cap=0.99, portfolio_weighting=equal, region_analysis=Developed
[run] decomposition PDF    -> runs/20260930T213559Z_sweep__action_characterization-Materiality_Planet_Action_SDG__convert_to_USD-True__fama_factor_region-Developed__materiality_planet_action-t__h0897bed9/initiative_decomposition.pdf  (6 pages)
[run] decomposition CSV    -> runs/20260930T213559Z_sweep__action_characterization-Materiality_Planet_Action_SDG__convert_to_USD-True__fama_factor_region-Developed__materiality_planet_action-t__h0897bed9/initiative_decomposition.csv  (8188 rows)
[run] sweep__action_characterization-Materiality_Planet_Action_SDG__convert_to_USD-True__fama_factor_region-Developed__materiality_planet_action-t__h0897bed9: 4 artifacts
[run] archived (kept)     -> runs/20260930T213559Z_sweep__action_characterization-Materiality_Planet_Action_SDG__convert_to_USD-True__fama_factor_region-Developed__materiality_planet_action-t__h0897bed9/   (+ manifest.json/.md, dashboard.md)
[run] latest (overwrites) -> sweep_output/20260930T134756Z_developed_materiality_sdg_groups_x_behaviours/artifacts/sweep__action_characterization-Materiality_Planet_Action_SDG__convert_to_USD-True__fama_factor_region-Developed__materiality_planet_action-t__h0897bed9/
[run] debug prints        -> runs/20260930T213559Z_sweep__action_characterization-Materiality_Planet_Action_SDG__convert_to_USD-True__fama_factor_region-Developed__materiality_planet_action-t__h0897bed9/debug_prints.log
[run] view it:  python -m parity.show sweep__action_characterization-Materiality_Planet_Action_SDG__convert_to_USD-True__fama_factor_region-Developed__materiality_planet_action-t__h0897bed9

[sweep] (105/128) sweep__action_characterization-Materiality_Planet_Action_SDG__convert_to_USD-True__drop_real_estate-False__drop_utilities-False__fama_factor__h10d88973
[sweep]     action_characterization=Materiality_Planet_Action_SDG, convert_to_USD=True, drop_real_estate=False, drop_utilities=False, fama_factor_region=Developed, materiality_planet_action=advocacy_old_def, region_analysis=Developed
[run] decomposition PDF    -> runs/20260930T214038Z_sweep__action_characterization-Materiality_Planet_Action_SDG__convert_to_USD-True__drop_real_estate-False__drop_utilities-False__fama_factor__h10d88973/initiative_decomposition.pdf  (6 pages)
[run] decomposition CSV    -> runs/20260930T214038Z_sweep__action_characterization-Materiality_Planet_Action_SDG__convert_to_USD-True__drop_real_estate-False__drop_utilities-False__fama_factor__h10d88973/initiative_decomposition.csv  (5607 rows)
[run] sweep__action_characterization-Materiality_Planet_Action_SDG__convert_to_USD-True__drop_real_estate-False__drop_utilities-False__fama_factor__h10d88973: 4 artifacts
[run] archived (kept)     -> runs/20260930T214038Z_sweep__action_characterization-Materiality_Planet_Action_SDG__convert_to_USD-True__drop_real_estate-False__drop_utilities-False__fama_factor__h10d88973/   (+ manifest.json/.md, dashboard.md)
[run] latest (overwrites) -> sweep_output/20260930T134756Z_developed_materiality_sdg_groups_x_behaviours/artifacts/sweep__action_characterization-Materiality_Planet_Action_SDG__convert_to_USD-True__drop_real_estate-False__drop_utilities-False__fama_factor__h10d88973/
[run] debug prints        -> runs/20260930T214038Z_sweep__action_characterization-Materiality_Planet_Action_SDG__convert_to_USD-True__drop_real_estate-False__drop_utilities-False__fama_factor__h10d88973/debug_prints.log
[run] view it:  python -m parity.show sweep__action_characterization-Materiality_Planet_Action_SDG__convert_to_USD-True__drop_real_estate-False__drop_utilities-False__fama_factor__h10d88973

[sweep] (106/128) sweep__action_characterization-Materiality_Planet_Action_SDG__convert_to_USD-True__fama_factor_region-Developed__materiality_planet_action-a__h5e98b1d0
[sweep]     action_characterization=Materiality_Planet_Action_SDG, convert_to_USD=True, fama_factor_region=Developed, materiality_planet_action=advocacy_old_def, region_analysis=Developed
[run] decomposition PDF    -> runs/20260930T214448Z_sweep__action_characterization-Materiality_Planet_Action_SDG__convert_to_USD-True__fama_factor_region-Developed__materiality_planet_action-a__h5e98b1d0/initiative_decomposition.pdf  (6 pages)
[run] decomposition CSV    -> runs/20260930T214448Z_sweep__action_characterization-Materiality_Planet_Action_SDG__convert_to_USD-True__fama_factor_region-Developed__materiality_planet_action-a__h5e98b1d0/initiative_decomposition.csv  (5429 rows)
[run] sweep__action_characterization-Materiality_Planet_Action_SDG__convert_to_USD-True__fama_factor_region-Developed__materiality_planet_action-a__h5e98b1d0: 4 artifacts
[run] archived (kept)     -> runs/20260930T214448Z_sweep__action_characterization-Materiality_Planet_Action_SDG__convert_to_USD-True__fama_factor_region-Developed__materiality_planet_action-a__h5e98b1d0/   (+ manifest.json/.md, dashboard.md)
[run] latest (overwrites) -> sweep_output/20260930T134756Z_developed_materiality_sdg_groups_x_behaviours/artifacts/sweep__action_characterization-Materiality_Planet_Action_SDG__convert_to_USD-True__fama_factor_region-Developed__materiality_planet_action-a__h5e98b1d0/
[run] debug prints        -> runs/20260930T214448Z_sweep__action_characterization-Materiality_Planet_Action_SDG__convert_to_USD-True__fama_factor_region-Developed__materiality_planet_action-a__h5e98b1d0/debug_prints.log
[run] view it:  python -m parity.show sweep__action_characterization-Materiality_Planet_Action_SDG__convert_to_USD-True__fama_factor_region-Developed__materiality_planet_action-a__h5e98b1d0

[sweep] (107/128) sweep__action_characterization-Materiality_Planet_Action_SDG__convert_to_USD-True__drop_real_estate-False__drop_utilities-False__fama_factor__h9fa67a77
[sweep]     action_characterization=Materiality_Planet_Action_SDG, convert_to_USD=True, drop_real_estate=False, drop_utilities=False, fama_factor_region=Developed, materiality_planet_action=advocacy_old_def, mktcap_covered_if_filter_by_cum_market_cap=0.99, region_analysis=Developed
[run] decomposition PDF    -> runs/20260930T214856Z_sweep__action_characterization-Materiality_Planet_Action_SDG__convert_to_USD-True__drop_real_estate-False__drop_utilities-False__fama_factor__h9fa67a77/initiative_decomposition.pdf  (6 pages)
[run] decomposition CSV    -> runs/20260930T214856Z_sweep__action_characterization-Materiality_Planet_Action_SDG__convert_to_USD-True__drop_real_estate-False__drop_utilities-False__fama_factor__h9fa67a77/initiative_decomposition.csv  (5607 rows)
[run] sweep__action_characterization-Materiality_Planet_Action_SDG__convert_to_USD-True__drop_real_estate-False__drop_utilities-False__fama_factor__h9fa67a77: 4 artifacts
[run] archived (kept)     -> runs/20260930T214856Z_sweep__action_characterization-Materiality_Planet_Action_SDG__convert_to_USD-True__drop_real_estate-False__drop_utilities-False__fama_factor__h9fa67a77/   (+ manifest.json/.md, dashboard.md)
[run] latest (overwrites) -> sweep_output/20260930T134756Z_developed_materiality_sdg_groups_x_behaviours/artifacts/sweep__action_characterization-Materiality_Planet_Action_SDG__convert_to_USD-True__drop_real_estate-False__drop_utilities-False__fama_factor__h9fa67a77/
[run] debug prints        -> runs/20260930T214856Z_sweep__action_characterization-Materiality_Planet_Action_SDG__convert_to_USD-True__drop_real_estate-False__drop_utilities-False__fama_factor__h9fa67a77/debug_prints.log
[run] view it:  python -m parity.show sweep__action_characterization-Materiality_Planet_Action_SDG__convert_to_USD-True__drop_real_estate-False__drop_utilities-False__fama_factor__h9fa67a77

[sweep] (108/128) sweep__action_characterization-Materiality_Planet_Action_SDG__convert_to_USD-True__fama_factor_region-Developed__materiality_planet_action-a__hb0b49a25
[sweep]     action_characterization=Materiality_Planet_Action_SDG, convert_to_USD=True, fama_factor_region=Developed, materiality_planet_action=advocacy_old_def, mktcap_covered_if_filter_by_cum_market_cap=0.99, region_analysis=Developed
[run] decomposition PDF    -> runs/20260930T215328Z_sweep__action_characterization-Materiality_Planet_Action_SDG__convert_to_USD-True__fama_factor_region-Developed__materiality_planet_action-a__hb0b49a25/initiative_decomposition.pdf  (6 pages)
[run] decomposition CSV    -> runs/20260930T215328Z_sweep__action_characterization-Materiality_Planet_Action_SDG__convert_to_USD-True__fama_factor_region-Developed__materiality_planet_action-a__hb0b49a25/initiative_decomposition.csv  (5429 rows)
[run] sweep__action_characterization-Materiality_Planet_Action_SDG__convert_to_USD-True__fama_factor_region-Developed__materiality_planet_action-a__hb0b49a25: 4 artifacts
[run] archived (kept)     -> runs/20260930T215328Z_sweep__action_characterization-Materiality_Planet_Action_SDG__convert_to_USD-True__fama_factor_region-Developed__materiality_planet_action-a__hb0b49a25/   (+ manifest.json/.md, dashboard.md)
[run] latest (overwrites) -> sweep_output/20260930T134756Z_developed_materiality_sdg_groups_x_behaviours/artifacts/sweep__action_characterization-Materiality_Planet_Action_SDG__convert_to_USD-True__fama_factor_region-Developed__materiality_planet_action-a__hb0b49a25/
[run] debug prints        -> runs/20260930T215328Z_sweep__action_characterization-Materiality_Planet_Action_SDG__convert_to_USD-True__fama_factor_region-Developed__materiality_planet_action-a__hb0b49a25/debug_prints.log
[run] view it:  python -m parity.show sweep__action_characterization-Materiality_Planet_Action_SDG__convert_to_USD-True__fama_factor_region-Developed__materiality_planet_action-a__hb0b49a25

[sweep] (109/128) sweep__action_characterization-Materiality_Planet_Action_SDG__convert_to_USD-True__drop_real_estate-False__drop_utilities-False__fama_factor__h79966a77
[sweep]     action_characterization=Materiality_Planet_Action_SDG, convert_to_USD=True, drop_real_estate=False, drop_utilities=False, fama_factor_region=Developed, materiality_planet_action=advocacy_old_def, portfolio_weighting=equal, region_analysis=Developed
[run] decomposition PDF    -> runs/20260930T215757Z_sweep__action_characterization-Materiality_Planet_Action_SDG__convert_to_USD-True__drop_real_estate-False__drop_utilities-False__fama_factor__h79966a77/initiative_decomposition.pdf  (6 pages)
[run] decomposition CSV    -> runs/20260930T215757Z_sweep__action_characterization-Materiality_Planet_Action_SDG__convert_to_USD-True__drop_real_estate-False__drop_utilities-False__fama_factor__h79966a77/initiative_decomposition.csv  (5607 rows)
[run] sweep__action_characterization-Materiality_Planet_Action_SDG__convert_to_USD-True__drop_real_estate-False__drop_utilities-False__fama_factor__h79966a77: 4 artifacts
[run] archived (kept)     -> runs/20260930T215757Z_sweep__action_characterization-Materiality_Planet_Action_SDG__convert_to_USD-True__drop_real_estate-False__drop_utilities-False__fama_factor__h79966a77/   (+ manifest.json/.md, dashboard.md)
[run] latest (overwrites) -> sweep_output/20260930T134756Z_developed_materiality_sdg_groups_x_behaviours/artifacts/sweep__action_characterization-Materiality_Planet_Action_SDG__convert_to_USD-True__drop_real_estate-False__drop_utilities-False__fama_factor__h79966a77/
[run] debug prints        -> runs/20260930T215757Z_sweep__action_characterization-Materiality_Planet_Action_SDG__convert_to_USD-True__drop_real_estate-False__drop_utilities-False__fama_factor__h79966a77/debug_prints.log
[run] view it:  python -m parity.show sweep__action_characterization-Materiality_Planet_Action_SDG__convert_to_USD-True__drop_real_estate-False__drop_utilities-False__fama_factor__h79966a77

[sweep] (110/128) sweep__action_characterization-Materiality_Planet_Action_SDG__convert_to_USD-True__fama_factor_region-Developed__materiality_planet_action-a__h9957d02c
[sweep]     action_characterization=Materiality_Planet_Action_SDG, convert_to_USD=True, fama_factor_region=Developed, materiality_planet_action=advocacy_old_def, portfolio_weighting=equal, region_analysis=Developed
[run] decomposition PDF    -> runs/20260930T220209Z_sweep__action_characterization-Materiality_Planet_Action_SDG__convert_to_USD-True__fama_factor_region-Developed__materiality_planet_action-a__h9957d02c/initiative_decomposition.pdf  (6 pages)
[run] decomposition CSV    -> runs/20260930T220209Z_sweep__action_characterization-Materiality_Planet_Action_SDG__convert_to_USD-True__fama_factor_region-Developed__materiality_planet_action-a__h9957d02c/initiative_decomposition.csv  (5429 rows)
[run] sweep__action_characterization-Materiality_Planet_Action_SDG__convert_to_USD-True__fama_factor_region-Developed__materiality_planet_action-a__h9957d02c: 4 artifacts
[run] archived (kept)     -> runs/20260930T220209Z_sweep__action_characterization-Materiality_Planet_Action_SDG__convert_to_USD-True__fama_factor_region-Developed__materiality_planet_action-a__h9957d02c/   (+ manifest.json/.md, dashboard.md)
[run] latest (overwrites) -> sweep_output/20260930T134756Z_developed_materiality_sdg_groups_x_behaviours/artifacts/sweep__action_characterization-Materiality_Planet_Action_SDG__convert_to_USD-True__fama_factor_region-Developed__materiality_planet_action-a__h9957d02c/
[run] debug prints        -> runs/20260930T220209Z_sweep__action_characterization-Materiality_Planet_Action_SDG__convert_to_USD-True__fama_factor_region-Developed__materiality_planet_action-a__h9957d02c/debug_prints.log
[run] view it:  python -m parity.show sweep__action_characterization-Materiality_Planet_Action_SDG__convert_to_USD-True__fama_factor_region-Developed__materiality_planet_action-a__h9957d02c
[sweep] rebuilt sweep_output/20260930T134756Z_developed_materiality_sdg_groups_x_behaviours/results.{pdf,csv,xlsx} (110 pages, 110 rows)

[sweep] (111/128) sweep__action_characterization-Materiality_Planet_Action_SDG__convert_to_USD-True__drop_real_estate-False__drop_utilities-False__fama_factor__h68277024
[sweep]     action_characterization=Materiality_Planet_Action_SDG, convert_to_USD=True, drop_real_estate=False, drop_utilities=False, fama_factor_region=Developed, materiality_planet_action=advocacy_old_def, mktcap_covered_if_filter_by_cum_market_cap=0.99, portfolio_weighting=equal, region_analysis=Developed
[run] decomposition PDF    -> runs/20260930T220712Z_sweep__action_characterization-Materiality_Planet_Action_SDG__convert_to_USD-True__drop_real_estate-False__drop_utilities-False__fama_factor__h68277024/initiative_decomposition.pdf  (6 pages)
[run] decomposition CSV    -> runs/20260930T220712Z_sweep__action_characterization-Materiality_Planet_Action_SDG__convert_to_USD-True__drop_real_estate-False__drop_utilities-False__fama_factor__h68277024/initiative_decomposition.csv  (5607 rows)
[run] sweep__action_characterization-Materiality_Planet_Action_SDG__convert_to_USD-True__drop_real_estate-False__drop_utilities-False__fama_factor__h68277024: 4 artifacts
[run] archived (kept)     -> runs/20260930T220712Z_sweep__action_characterization-Materiality_Planet_Action_SDG__convert_to_USD-True__drop_real_estate-False__drop_utilities-False__fama_factor__h68277024/   (+ manifest.json/.md, dashboard.md)
[run] latest (overwrites) -> sweep_output/20260930T134756Z_developed_materiality_sdg_groups_x_behaviours/artifacts/sweep__action_characterization-Materiality_Planet_Action_SDG__convert_to_USD-True__drop_real_estate-False__drop_utilities-False__fama_factor__h68277024/
[run] debug prints        -> runs/20260930T220712Z_sweep__action_characterization-Materiality_Planet_Action_SDG__convert_to_USD-True__drop_real_estate-False__drop_utilities-False__fama_factor__h68277024/debug_prints.log
[run] view it:  python -m parity.show sweep__action_characterization-Materiality_Planet_Action_SDG__convert_to_USD-True__drop_real_estate-False__drop_utilities-False__fama_factor__h68277024

[sweep] (112/128) sweep__action_characterization-Materiality_Planet_Action_SDG__convert_to_USD-True__fama_factor_region-Developed__materiality_planet_action-a__hdd5a1d9f
[sweep]     action_characterization=Materiality_Planet_Action_SDG, convert_to_USD=True, fama_factor_region=Developed, materiality_planet_action=advocacy_old_def, mktcap_covered_if_filter_by_cum_market_cap=0.99, portfolio_weighting=equal, region_analysis=Developed
[run] decomposition PDF    -> runs/20260930T221144Z_sweep__action_characterization-Materiality_Planet_Action_SDG__convert_to_USD-True__fama_factor_region-Developed__materiality_planet_action-a__hdd5a1d9f/initiative_decomposition.pdf  (6 pages)
[run] decomposition CSV    -> runs/20260930T221144Z_sweep__action_characterization-Materiality_Planet_Action_SDG__convert_to_USD-True__fama_factor_region-Developed__materiality_planet_action-a__hdd5a1d9f/initiative_decomposition.csv  (5429 rows)
[run] sweep__action_characterization-Materiality_Planet_Action_SDG__convert_to_USD-True__fama_factor_region-Developed__materiality_planet_action-a__hdd5a1d9f: 4 artifacts
[run] archived (kept)     -> runs/20260930T221144Z_sweep__action_characterization-Materiality_Planet_Action_SDG__convert_to_USD-True__fama_factor_region-Developed__materiality_planet_action-a__hdd5a1d9f/   (+ manifest.json/.md, dashboard.md)
[run] latest (overwrites) -> sweep_output/20260930T134756Z_developed_materiality_sdg_groups_x_behaviours/artifacts/sweep__action_characterization-Materiality_Planet_Action_SDG__convert_to_USD-True__fama_factor_region-Developed__materiality_planet_action-a__hdd5a1d9f/
[run] debug prints        -> runs/20260930T221144Z_sweep__action_characterization-Materiality_Planet_Action_SDG__convert_to_USD-True__fama_factor_region-Developed__materiality_planet_action-a__hdd5a1d9f/debug_prints.log
[run] view it:  python -m parity.show sweep__action_characterization-Materiality_Planet_Action_SDG__convert_to_USD-True__fama_factor_region-Developed__materiality_planet_action-a__hdd5a1d9f

[sweep] (113/128) sweep__action_characterization-Materiality_Planet_Action_SDG__convert_to_USD-True__drop_real_estate-False__drop_utilities-False__fama_factor__h69eec8df
[sweep]     action_characterization=Materiality_Planet_Action_SDG, convert_to_USD=True, drop_real_estate=False, drop_utilities=False, fama_factor_region=Developed, materiality_planet_action=preparation, region_analysis=Developed
[run] decomposition PDF    -> runs/20260930T221609Z_sweep__action_characterization-Materiality_Planet_Action_SDG__convert_to_USD-True__drop_real_estate-False__drop_utilities-False__fama_factor__h69eec8df/initiative_decomposition.pdf  (6 pages)
[run] decomposition CSV    -> runs/20260930T221609Z_sweep__action_characterization-Materiality_Planet_Action_SDG__convert_to_USD-True__drop_real_estate-False__drop_utilities-False__fama_factor__h69eec8df/initiative_decomposition.csv  (5429 rows)
[run] sweep__action_characterization-Materiality_Planet_Action_SDG__convert_to_USD-True__drop_real_estate-False__drop_utilities-False__fama_factor__h69eec8df: 4 artifacts
[run] archived (kept)     -> runs/20260930T221609Z_sweep__action_characterization-Materiality_Planet_Action_SDG__convert_to_USD-True__drop_real_estate-False__drop_utilities-False__fama_factor__h69eec8df/   (+ manifest.json/.md, dashboard.md)
[run] latest (overwrites) -> sweep_output/20260930T134756Z_developed_materiality_sdg_groups_x_behaviours/artifacts/sweep__action_characterization-Materiality_Planet_Action_SDG__convert_to_USD-True__drop_real_estate-False__drop_utilities-False__fama_factor__h69eec8df/
[run] debug prints        -> runs/20260930T221609Z_sweep__action_characterization-Materiality_Planet_Action_SDG__convert_to_USD-True__drop_real_estate-False__drop_utilities-False__fama_factor__h69eec8df/debug_prints.log
[run] view it:  python -m parity.show sweep__action_characterization-Materiality_Planet_Action_SDG__convert_to_USD-True__drop_real_estate-False__drop_utilities-False__fama_factor__h69eec8df

[sweep] (114/128) sweep__action_characterization-Materiality_Planet_Action_SDG__convert_to_USD-True__fama_factor_region-Developed__materiality_planet_action-p__heb2a88cd
[sweep]     action_characterization=Materiality_Planet_Action_SDG, convert_to_USD=True, fama_factor_region=Developed, materiality_planet_action=preparation, region_analysis=Developed
[run] decomposition PDF    -> runs/20260930T222017Z_sweep__action_characterization-Materiality_Planet_Action_SDG__convert_to_USD-True__fama_factor_region-Developed__materiality_planet_action-p__heb2a88cd/initiative_decomposition.pdf  (6 pages)
[run] decomposition CSV    -> runs/20260930T222017Z_sweep__action_characterization-Materiality_Planet_Action_SDG__convert_to_USD-True__fama_factor_region-Developed__materiality_planet_action-p__heb2a88cd/initiative_decomposition.csv  (5251 rows)
[run] sweep__action_characterization-Materiality_Planet_Action_SDG__convert_to_USD-True__fama_factor_region-Developed__materiality_planet_action-p__heb2a88cd: 4 artifacts
[run] archived (kept)     -> runs/20260930T222017Z_sweep__action_characterization-Materiality_Planet_Action_SDG__convert_to_USD-True__fama_factor_region-Developed__materiality_planet_action-p__heb2a88cd/   (+ manifest.json/.md, dashboard.md)
[run] latest (overwrites) -> sweep_output/20260930T134756Z_developed_materiality_sdg_groups_x_behaviours/artifacts/sweep__action_characterization-Materiality_Planet_Action_SDG__convert_to_USD-True__fama_factor_region-Developed__materiality_planet_action-p__heb2a88cd/
[run] debug prints        -> runs/20260930T222017Z_sweep__action_characterization-Materiality_Planet_Action_SDG__convert_to_USD-True__fama_factor_region-Developed__materiality_planet_action-p__heb2a88cd/debug_prints.log
[run] view it:  python -m parity.show sweep__action_characterization-Materiality_Planet_Action_SDG__convert_to_USD-True__fama_factor_region-Developed__materiality_planet_action-p__heb2a88cd

[sweep] (115/128) sweep__action_characterization-Materiality_Planet_Action_SDG__convert_to_USD-True__drop_real_estate-False__drop_utilities-False__fama_factor__had8637c3
[sweep]     action_characterization=Materiality_Planet_Action_SDG, convert_to_USD=True, drop_real_estate=False, drop_utilities=False, fama_factor_region=Developed, materiality_planet_action=preparation, mktcap_covered_if_filter_by_cum_market_cap=0.99, region_analysis=Developed
[run] decomposition PDF    -> runs/20260930T222428Z_sweep__action_characterization-Materiality_Planet_Action_SDG__convert_to_USD-True__drop_real_estate-False__drop_utilities-False__fama_factor__had8637c3/initiative_decomposition.pdf  (6 pages)
[run] decomposition CSV    -> runs/20260930T222428Z_sweep__action_characterization-Materiality_Planet_Action_SDG__convert_to_USD-True__drop_real_estate-False__drop_utilities-False__fama_factor__had8637c3/initiative_decomposition.csv  (5340 rows)
[run] sweep__action_characterization-Materiality_Planet_Action_SDG__convert_to_USD-True__drop_real_estate-False__drop_utilities-False__fama_factor__had8637c3: 4 artifacts
[run] archived (kept)     -> runs/20260930T222428Z_sweep__action_characterization-Materiality_Planet_Action_SDG__convert_to_USD-True__drop_real_estate-False__drop_utilities-False__fama_factor__had8637c3/   (+ manifest.json/.md, dashboard.md)
[run] latest (overwrites) -> sweep_output/20260930T134756Z_developed_materiality_sdg_groups_x_behaviours/artifacts/sweep__action_characterization-Materiality_Planet_Action_SDG__convert_to_USD-True__drop_real_estate-False__drop_utilities-False__fama_factor__had8637c3/
[run] debug prints        -> runs/20260930T222428Z_sweep__action_characterization-Materiality_Planet_Action_SDG__convert_to_USD-True__drop_real_estate-False__drop_utilities-False__fama_factor__had8637c3/debug_prints.log
[run] view it:  python -m parity.show sweep__action_characterization-Materiality_Planet_Action_SDG__convert_to_USD-True__drop_real_estate-False__drop_utilities-False__fama_factor__had8637c3

[sweep] (116/128) sweep__action_characterization-Materiality_Planet_Action_SDG__convert_to_USD-True__fama_factor_region-Developed__materiality_planet_action-p__h7fadadc2
[sweep]     action_characterization=Materiality_Planet_Action_SDG, convert_to_USD=True, fama_factor_region=Developed, materiality_planet_action=preparation, mktcap_covered_if_filter_by_cum_market_cap=0.99, region_analysis=Developed
[run] decomposition PDF    -> runs/20260930T222904Z_sweep__action_characterization-Materiality_Planet_Action_SDG__convert_to_USD-True__fama_factor_region-Developed__materiality_planet_action-p__h7fadadc2/initiative_decomposition.pdf  (6 pages)
[run] decomposition CSV    -> runs/20260930T222904Z_sweep__action_characterization-Materiality_Planet_Action_SDG__convert_to_USD-True__fama_factor_region-Developed__materiality_planet_action-p__h7fadadc2/initiative_decomposition.csv  (5162 rows)
[run] sweep__action_characterization-Materiality_Planet_Action_SDG__convert_to_USD-True__fama_factor_region-Developed__materiality_planet_action-p__h7fadadc2: 4 artifacts
[run] archived (kept)     -> runs/20260930T222904Z_sweep__action_characterization-Materiality_Planet_Action_SDG__convert_to_USD-True__fama_factor_region-Developed__materiality_planet_action-p__h7fadadc2/   (+ manifest.json/.md, dashboard.md)
[run] latest (overwrites) -> sweep_output/20260930T134756Z_developed_materiality_sdg_groups_x_behaviours/artifacts/sweep__action_characterization-Materiality_Planet_Action_SDG__convert_to_USD-True__fama_factor_region-Developed__materiality_planet_action-p__h7fadadc2/
[run] debug prints        -> runs/20260930T222904Z_sweep__action_characterization-Materiality_Planet_Action_SDG__convert_to_USD-True__fama_factor_region-Developed__materiality_planet_action-p__h7fadadc2/debug_prints.log
[run] view it:  python -m parity.show sweep__action_characterization-Materiality_Planet_Action_SDG__convert_to_USD-True__fama_factor_region-Developed__materiality_planet_action-p__h7fadadc2

[sweep] (117/128) sweep__action_characterization-Materiality_Planet_Action_SDG__convert_to_USD-True__drop_real_estate-False__drop_utilities-False__fama_factor__hd9fde3f8
[sweep]     action_characterization=Materiality_Planet_Action_SDG, convert_to_USD=True, drop_real_estate=False, drop_utilities=False, fama_factor_region=Developed, materiality_planet_action=preparation, portfolio_weighting=equal, region_analysis=Developed
[run] decomposition PDF    -> runs/20260930T223336Z_sweep__action_characterization-Materiality_Planet_Action_SDG__convert_to_USD-True__drop_real_estate-False__drop_utilities-False__fama_factor__hd9fde3f8/initiative_decomposition.pdf  (6 pages)
[run] decomposition CSV    -> runs/20260930T223336Z_sweep__action_characterization-Materiality_Planet_Action_SDG__convert_to_USD-True__drop_real_estate-False__drop_utilities-False__fama_factor__hd9fde3f8/initiative_decomposition.csv  (5429 rows)
[run] sweep__action_characterization-Materiality_Planet_Action_SDG__convert_to_USD-True__drop_real_estate-False__drop_utilities-False__fama_factor__hd9fde3f8: 4 artifacts
[run] archived (kept)     -> runs/20260930T223336Z_sweep__action_characterization-Materiality_Planet_Action_SDG__convert_to_USD-True__drop_real_estate-False__drop_utilities-False__fama_factor__hd9fde3f8/   (+ manifest.json/.md, dashboard.md)
[run] latest (overwrites) -> sweep_output/20260930T134756Z_developed_materiality_sdg_groups_x_behaviours/artifacts/sweep__action_characterization-Materiality_Planet_Action_SDG__convert_to_USD-True__drop_real_estate-False__drop_utilities-False__fama_factor__hd9fde3f8/
[run] debug prints        -> runs/20260930T223336Z_sweep__action_characterization-Materiality_Planet_Action_SDG__convert_to_USD-True__drop_real_estate-False__drop_utilities-False__fama_factor__hd9fde3f8/debug_prints.log
[run] view it:  python -m parity.show sweep__action_characterization-Materiality_Planet_Action_SDG__convert_to_USD-True__drop_real_estate-False__drop_utilities-False__fama_factor__hd9fde3f8

[sweep] (118/128) sweep__action_characterization-Materiality_Planet_Action_SDG__convert_to_USD-True__fama_factor_region-Developed__materiality_planet_action-p__hd5978e73
[sweep]     action_characterization=Materiality_Planet_Action_SDG, convert_to_USD=True, fama_factor_region=Developed, materiality_planet_action=preparation, portfolio_weighting=equal, region_analysis=Developed
[run] decomposition PDF    -> runs/20260930T223746Z_sweep__action_characterization-Materiality_Planet_Action_SDG__convert_to_USD-True__fama_factor_region-Developed__materiality_planet_action-p__hd5978e73/initiative_decomposition.pdf  (6 pages)
[run] decomposition CSV    -> runs/20260930T223746Z_sweep__action_characterization-Materiality_Planet_Action_SDG__convert_to_USD-True__fama_factor_region-Developed__materiality_planet_action-p__hd5978e73/initiative_decomposition.csv  (5251 rows)
[run] sweep__action_characterization-Materiality_Planet_Action_SDG__convert_to_USD-True__fama_factor_region-Developed__materiality_planet_action-p__hd5978e73: 4 artifacts
[run] archived (kept)     -> runs/20260930T223746Z_sweep__action_characterization-Materiality_Planet_Action_SDG__convert_to_USD-True__fama_factor_region-Developed__materiality_planet_action-p__hd5978e73/   (+ manifest.json/.md, dashboard.md)
[run] latest (overwrites) -> sweep_output/20260930T134756Z_developed_materiality_sdg_groups_x_behaviours/artifacts/sweep__action_characterization-Materiality_Planet_Action_SDG__convert_to_USD-True__fama_factor_region-Developed__materiality_planet_action-p__hd5978e73/
[run] debug prints        -> runs/20260930T223746Z_sweep__action_characterization-Materiality_Planet_Action_SDG__convert_to_USD-True__fama_factor_region-Developed__materiality_planet_action-p__hd5978e73/debug_prints.log
[run] view it:  python -m parity.show sweep__action_characterization-Materiality_Planet_Action_SDG__convert_to_USD-True__fama_factor_region-Developed__materiality_planet_action-p__hd5978e73

[sweep] (119/128) sweep__action_characterization-Materiality_Planet_Action_SDG__convert_to_USD-True__drop_real_estate-False__drop_utilities-False__fama_factor__h59b6e9ed
[sweep]     action_characterization=Materiality_Planet_Action_SDG, convert_to_USD=True, drop_real_estate=False, drop_utilities=False, fama_factor_region=Developed, materiality_planet_action=preparation, mktcap_covered_if_filter_by_cum_market_cap=0.99, portfolio_weighting=equal, region_analysis=Developed
[run] decomposition PDF    -> runs/20260930T224157Z_sweep__action_characterization-Materiality_Planet_Action_SDG__convert_to_USD-True__drop_real_estate-False__drop_utilities-False__fama_factor__h59b6e9ed/initiative_decomposition.pdf  (6 pages)
[run] decomposition CSV    -> runs/20260930T224157Z_sweep__action_characterization-Materiality_Planet_Action_SDG__convert_to_USD-True__drop_real_estate-False__drop_utilities-False__fama_factor__h59b6e9ed/initiative_decomposition.csv  (5340 rows)
[run] sweep__action_characterization-Materiality_Planet_Action_SDG__convert_to_USD-True__drop_real_estate-False__drop_utilities-False__fama_factor__h59b6e9ed: 4 artifacts
[run] archived (kept)     -> runs/20260930T224157Z_sweep__action_characterization-Materiality_Planet_Action_SDG__convert_to_USD-True__drop_real_estate-False__drop_utilities-False__fama_factor__h59b6e9ed/   (+ manifest.json/.md, dashboard.md)
[run] latest (overwrites) -> sweep_output/20260930T134756Z_developed_materiality_sdg_groups_x_behaviours/artifacts/sweep__action_characterization-Materiality_Planet_Action_SDG__convert_to_USD-True__drop_real_estate-False__drop_utilities-False__fama_factor__h59b6e9ed/
[run] debug prints        -> runs/20260930T224157Z_sweep__action_characterization-Materiality_Planet_Action_SDG__convert_to_USD-True__drop_real_estate-False__drop_utilities-False__fama_factor__h59b6e9ed/debug_prints.log
[run] view it:  python -m parity.show sweep__action_characterization-Materiality_Planet_Action_SDG__convert_to_USD-True__drop_real_estate-False__drop_utilities-False__fama_factor__h59b6e9ed

[sweep] (120/128) sweep__action_characterization-Materiality_Planet_Action_SDG__convert_to_USD-True__fama_factor_region-Developed__materiality_planet_action-p__h97733d27
[sweep]     action_characterization=Materiality_Planet_Action_SDG, convert_to_USD=True, fama_factor_region=Developed, materiality_planet_action=preparation, mktcap_covered_if_filter_by_cum_market_cap=0.99, portfolio_weighting=equal, region_analysis=Developed
[run] decomposition PDF    -> runs/20260930T224627Z_sweep__action_characterization-Materiality_Planet_Action_SDG__convert_to_USD-True__fama_factor_region-Developed__materiality_planet_action-p__h97733d27/initiative_decomposition.pdf  (6 pages)
[run] decomposition CSV    -> runs/20260930T224627Z_sweep__action_characterization-Materiality_Planet_Action_SDG__convert_to_USD-True__fama_factor_region-Developed__materiality_planet_action-p__h97733d27/initiative_decomposition.csv  (5162 rows)
[run] sweep__action_characterization-Materiality_Planet_Action_SDG__convert_to_USD-True__fama_factor_region-Developed__materiality_planet_action-p__h97733d27: 4 artifacts
[run] archived (kept)     -> runs/20260930T224627Z_sweep__action_characterization-Materiality_Planet_Action_SDG__convert_to_USD-True__fama_factor_region-Developed__materiality_planet_action-p__h97733d27/   (+ manifest.json/.md, dashboard.md)
[run] latest (overwrites) -> sweep_output/20260930T134756Z_developed_materiality_sdg_groups_x_behaviours/artifacts/sweep__action_characterization-Materiality_Planet_Action_SDG__convert_to_USD-True__fama_factor_region-Developed__materiality_planet_action-p__h97733d27/
[run] debug prints        -> runs/20260930T224627Z_sweep__action_characterization-Materiality_Planet_Action_SDG__convert_to_USD-True__fama_factor_region-Developed__materiality_planet_action-p__h97733d27/debug_prints.log
[run] view it:  python -m parity.show sweep__action_characterization-Materiality_Planet_Action_SDG__convert_to_USD-True__fama_factor_region-Developed__materiality_planet_action-p__h97733d27
[sweep] rebuilt sweep_output/20260930T134756Z_developed_materiality_sdg_groups_x_behaviours/results.{pdf,csv,xlsx} (120 pages, 120 rows)

[sweep] (121/128) sweep__action_characterization-Materiality_Planet_Action_SDG__convert_to_USD-True__drop_real_estate-False__drop_utilities-False__fama_factor__h4988630e
[sweep]     action_characterization=Materiality_Planet_Action_SDG, convert_to_USD=True, drop_real_estate=False, drop_utilities=False, fama_factor_region=Developed, materiality_planet_action=transformation, region_analysis=Developed
[run] decomposition PDF    -> runs/20260930T225200Z_sweep__action_characterization-Materiality_Planet_Action_SDG__convert_to_USD-True__drop_real_estate-False__drop_utilities-False__fama_factor__h4988630e/initiative_decomposition.pdf  (6 pages)
[run] decomposition CSV    -> runs/20260930T225200Z_sweep__action_characterization-Materiality_Planet_Action_SDG__convert_to_USD-True__drop_real_estate-False__drop_utilities-False__fama_factor__h4988630e/initiative_decomposition.csv  (5429 rows)
[run] sweep__action_characterization-Materiality_Planet_Action_SDG__convert_to_USD-True__drop_real_estate-False__drop_utilities-False__fama_factor__h4988630e: 4 artifacts
[run] archived (kept)     -> runs/20260930T225200Z_sweep__action_characterization-Materiality_Planet_Action_SDG__convert_to_USD-True__drop_real_estate-False__drop_utilities-False__fama_factor__h4988630e/   (+ manifest.json/.md, dashboard.md)
[run] latest (overwrites) -> sweep_output/20260930T134756Z_developed_materiality_sdg_groups_x_behaviours/artifacts/sweep__action_characterization-Materiality_Planet_Action_SDG__convert_to_USD-True__drop_real_estate-False__drop_utilities-False__fama_factor__h4988630e/
[run] debug prints        -> runs/20260930T225200Z_sweep__action_characterization-Materiality_Planet_Action_SDG__convert_to_USD-True__drop_real_estate-False__drop_utilities-False__fama_factor__h4988630e/debug_prints.log
[run] view it:  python -m parity.show sweep__action_characterization-Materiality_Planet_Action_SDG__convert_to_USD-True__drop_real_estate-False__drop_utilities-False__fama_factor__h4988630e

[sweep] (122/128) sweep__action_characterization-Materiality_Planet_Action_SDG__convert_to_USD-True__fama_factor_region-Developed__materiality_planet_action-t__h605e8f4d
[sweep]     action_characterization=Materiality_Planet_Action_SDG, convert_to_USD=True, fama_factor_region=Developed, materiality_planet_action=transformation, region_analysis=Developed
[run] decomposition PDF    -> runs/20260930T225609Z_sweep__action_characterization-Materiality_Planet_Action_SDG__convert_to_USD-True__fama_factor_region-Developed__materiality_planet_action-t__h605e8f4d/initiative_decomposition.pdf  (6 pages)
[run] decomposition CSV    -> runs/20260930T225609Z_sweep__action_characterization-Materiality_Planet_Action_SDG__convert_to_USD-True__fama_factor_region-Developed__materiality_planet_action-t__h605e8f4d/initiative_decomposition.csv  (5251 rows)
[run] sweep__action_characterization-Materiality_Planet_Action_SDG__convert_to_USD-True__fama_factor_region-Developed__materiality_planet_action-t__h605e8f4d: 4 artifacts
[run] archived (kept)     -> runs/20260930T225609Z_sweep__action_characterization-Materiality_Planet_Action_SDG__convert_to_USD-True__fama_factor_region-Developed__materiality_planet_action-t__h605e8f4d/   (+ manifest.json/.md, dashboard.md)
[run] latest (overwrites) -> sweep_output/20260930T134756Z_developed_materiality_sdg_groups_x_behaviours/artifacts/sweep__action_characterization-Materiality_Planet_Action_SDG__convert_to_USD-True__fama_factor_region-Developed__materiality_planet_action-t__h605e8f4d/
[run] debug prints        -> runs/20260930T225609Z_sweep__action_characterization-Materiality_Planet_Action_SDG__convert_to_USD-True__fama_factor_region-Developed__materiality_planet_action-t__h605e8f4d/debug_prints.log
[run] view it:  python -m parity.show sweep__action_characterization-Materiality_Planet_Action_SDG__convert_to_USD-True__fama_factor_region-Developed__materiality_planet_action-t__h605e8f4d

[sweep] (123/128) sweep__action_characterization-Materiality_Planet_Action_SDG__convert_to_USD-True__drop_real_estate-False__drop_utilities-False__fama_factor__h882fc725
[sweep]     action_characterization=Materiality_Planet_Action_SDG, convert_to_USD=True, drop_real_estate=False, drop_utilities=False, fama_factor_region=Developed, materiality_planet_action=transformation, mktcap_covered_if_filter_by_cum_market_cap=0.99, region_analysis=Developed
[run] decomposition PDF    -> runs/20260930T230026Z_sweep__action_characterization-Materiality_Planet_Action_SDG__convert_to_USD-True__drop_real_estate-False__drop_utilities-False__fama_factor__h882fc725/initiative_decomposition.pdf  (6 pages)
[run] decomposition CSV    -> runs/20260930T230026Z_sweep__action_characterization-Materiality_Planet_Action_SDG__convert_to_USD-True__drop_real_estate-False__drop_utilities-False__fama_factor__h882fc725/initiative_decomposition.csv  (5340 rows)
[run] sweep__action_characterization-Materiality_Planet_Action_SDG__convert_to_USD-True__drop_real_estate-False__drop_utilities-False__fama_factor__h882fc725: 4 artifacts
[run] archived (kept)     -> runs/20260930T230026Z_sweep__action_characterization-Materiality_Planet_Action_SDG__convert_to_USD-True__drop_real_estate-False__drop_utilities-False__fama_factor__h882fc725/   (+ manifest.json/.md, dashboard.md)
[run] latest (overwrites) -> sweep_output/20260930T134756Z_developed_materiality_sdg_groups_x_behaviours/artifacts/sweep__action_characterization-Materiality_Planet_Action_SDG__convert_to_USD-True__drop_real_estate-False__drop_utilities-False__fama_factor__h882fc725/
[run] debug prints        -> runs/20260930T230026Z_sweep__action_characterization-Materiality_Planet_Action_SDG__convert_to_USD-True__drop_real_estate-False__drop_utilities-False__fama_factor__h882fc725/debug_prints.log
[run] view it:  python -m parity.show sweep__action_characterization-Materiality_Planet_Action_SDG__convert_to_USD-True__drop_real_estate-False__drop_utilities-False__fama_factor__h882fc725

[sweep] (124/128) sweep__action_characterization-Materiality_Planet_Action_SDG__convert_to_USD-True__fama_factor_region-Developed__materiality_planet_action-t__h7b3d9fa2
[sweep]     action_characterization=Materiality_Planet_Action_SDG, convert_to_USD=True, fama_factor_region=Developed, materiality_planet_action=transformation, mktcap_covered_if_filter_by_cum_market_cap=0.99, region_analysis=Developed
[run] decomposition PDF    -> runs/20260930T230516Z_sweep__action_characterization-Materiality_Planet_Action_SDG__convert_to_USD-True__fama_factor_region-Developed__materiality_planet_action-t__h7b3d9fa2/initiative_decomposition.pdf  (6 pages)
[run] decomposition CSV    -> runs/20260930T230516Z_sweep__action_characterization-Materiality_Planet_Action_SDG__convert_to_USD-True__fama_factor_region-Developed__materiality_planet_action-t__h7b3d9fa2/initiative_decomposition.csv  (5251 rows)
[run] sweep__action_characterization-Materiality_Planet_Action_SDG__convert_to_USD-True__fama_factor_region-Developed__materiality_planet_action-t__h7b3d9fa2: 4 artifacts
[run] archived (kept)     -> runs/20260930T230516Z_sweep__action_characterization-Materiality_Planet_Action_SDG__convert_to_USD-True__fama_factor_region-Developed__materiality_planet_action-t__h7b3d9fa2/   (+ manifest.json/.md, dashboard.md)
[run] latest (overwrites) -> sweep_output/20260930T134756Z_developed_materiality_sdg_groups_x_behaviours/artifacts/sweep__action_characterization-Materiality_Planet_Action_SDG__convert_to_USD-True__fama_factor_region-Developed__materiality_planet_action-t__h7b3d9fa2/
[run] debug prints        -> runs/20260930T230516Z_sweep__action_characterization-Materiality_Planet_Action_SDG__convert_to_USD-True__fama_factor_region-Developed__materiality_planet_action-t__h7b3d9fa2/debug_prints.log
[run] view it:  python -m parity.show sweep__action_characterization-Materiality_Planet_Action_SDG__convert_to_USD-True__fama_factor_region-Developed__materiality_planet_action-t__h7b3d9fa2

[sweep] (125/128) sweep__action_characterization-Materiality_Planet_Action_SDG__convert_to_USD-True__drop_real_estate-False__drop_utilities-False__fama_factor__h2f108046
[sweep]     action_characterization=Materiality_Planet_Action_SDG, convert_to_USD=True, drop_real_estate=False, drop_utilities=False, fama_factor_region=Developed, materiality_planet_action=transformation, portfolio_weighting=equal, region_analysis=Developed
[run] decomposition PDF    -> runs/20260930T230959Z_sweep__action_characterization-Materiality_Planet_Action_SDG__convert_to_USD-True__drop_real_estate-False__drop_utilities-False__fama_factor__h2f108046/initiative_decomposition.pdf  (6 pages)
[run] decomposition CSV    -> runs/20260930T230959Z_sweep__action_characterization-Materiality_Planet_Action_SDG__convert_to_USD-True__drop_real_estate-False__drop_utilities-False__fama_factor__h2f108046/initiative_decomposition.csv  (5429 rows)
[run] sweep__action_characterization-Materiality_Planet_Action_SDG__convert_to_USD-True__drop_real_estate-False__drop_utilities-False__fama_factor__h2f108046: 4 artifacts
[run] archived (kept)     -> runs/20260930T230959Z_sweep__action_characterization-Materiality_Planet_Action_SDG__convert_to_USD-True__drop_real_estate-False__drop_utilities-False__fama_factor__h2f108046/   (+ manifest.json/.md, dashboard.md)
[run] latest (overwrites) -> sweep_output/20260930T134756Z_developed_materiality_sdg_groups_x_behaviours/artifacts/sweep__action_characterization-Materiality_Planet_Action_SDG__convert_to_USD-True__drop_real_estate-False__drop_utilities-False__fama_factor__h2f108046/
[run] debug prints        -> runs/20260930T230959Z_sweep__action_characterization-Materiality_Planet_Action_SDG__convert_to_USD-True__drop_real_estate-False__drop_utilities-False__fama_factor__h2f108046/debug_prints.log
[run] view it:  python -m parity.show sweep__action_characterization-Materiality_Planet_Action_SDG__convert_to_USD-True__drop_real_estate-False__drop_utilities-False__fama_factor__h2f108046

[sweep] (126/128) sweep__action_characterization-Materiality_Planet_Action_SDG__convert_to_USD-True__fama_factor_region-Developed__materiality_planet_action-t__h25a0df35
[sweep]     action_characterization=Materiality_Planet_Action_SDG, convert_to_USD=True, fama_factor_region=Developed, materiality_planet_action=transformation, portfolio_weighting=equal, region_analysis=Developed
[run] decomposition PDF    -> runs/20260930T231420Z_sweep__action_characterization-Materiality_Planet_Action_SDG__convert_to_USD-True__fama_factor_region-Developed__materiality_planet_action-t__h25a0df35/initiative_decomposition.pdf  (6 pages)
[run] decomposition CSV    -> runs/20260930T231420Z_sweep__action_characterization-Materiality_Planet_Action_SDG__convert_to_USD-True__fama_factor_region-Developed__materiality_planet_action-t__h25a0df35/initiative_decomposition.csv  (5251 rows)
[run] sweep__action_characterization-Materiality_Planet_Action_SDG__convert_to_USD-True__fama_factor_region-Developed__materiality_planet_action-t__h25a0df35: 4 artifacts
[run] archived (kept)     -> runs/20260930T231420Z_sweep__action_characterization-Materiality_Planet_Action_SDG__convert_to_USD-True__fama_factor_region-Developed__materiality_planet_action-t__h25a0df35/   (+ manifest.json/.md, dashboard.md)
[run] latest (overwrites) -> sweep_output/20260930T134756Z_developed_materiality_sdg_groups_x_behaviours/artifacts/sweep__action_characterization-Materiality_Planet_Action_SDG__convert_to_USD-True__fama_factor_region-Developed__materiality_planet_action-t__h25a0df35/
[run] debug prints        -> runs/20260930T231420Z_sweep__action_characterization-Materiality_Planet_Action_SDG__convert_to_USD-True__fama_factor_region-Developed__materiality_planet_action-t__h25a0df35/debug_prints.log
[run] view it:  python -m parity.show sweep__action_characterization-Materiality_Planet_Action_SDG__convert_to_USD-True__fama_factor_region-Developed__materiality_planet_action-t__h25a0df35

[sweep] (127/128) sweep__action_characterization-Materiality_Planet_Action_SDG__convert_to_USD-True__drop_real_estate-False__drop_utilities-False__fama_factor__h390e3b4e
[sweep]     action_characterization=Materiality_Planet_Action_SDG, convert_to_USD=True, drop_real_estate=False, drop_utilities=False, fama_factor_region=Developed, materiality_planet_action=transformation, mktcap_covered_if_filter_by_cum_market_cap=0.99, portfolio_weighting=equal, region_analysis=Developed
[run] decomposition PDF    -> runs/20260930T231838Z_sweep__action_characterization-Materiality_Planet_Action_SDG__convert_to_USD-True__drop_real_estate-False__drop_utilities-False__fama_factor__h390e3b4e/initiative_decomposition.pdf  (6 pages)
[run] decomposition CSV    -> runs/20260930T231838Z_sweep__action_characterization-Materiality_Planet_Action_SDG__convert_to_USD-True__drop_real_estate-False__drop_utilities-False__fama_factor__h390e3b4e/initiative_decomposition.csv  (5340 rows)
[run] sweep__action_characterization-Materiality_Planet_Action_SDG__convert_to_USD-True__drop_real_estate-False__drop_utilities-False__fama_factor__h390e3b4e: 4 artifacts
[run] archived (kept)     -> runs/20260930T231838Z_sweep__action_characterization-Materiality_Planet_Action_SDG__convert_to_USD-True__drop_real_estate-False__drop_utilities-False__fama_factor__h390e3b4e/   (+ manifest.json/.md, dashboard.md)
[run] latest (overwrites) -> sweep_output/20260930T134756Z_developed_materiality_sdg_groups_x_behaviours/artifacts/sweep__action_characterization-Materiality_Planet_Action_SDG__convert_to_USD-True__drop_real_estate-False__drop_utilities-False__fama_factor__h390e3b4e/
[run] debug prints        -> runs/20260930T231838Z_sweep__action_characterization-Materiality_Planet_Action_SDG__convert_to_USD-True__drop_real_estate-False__drop_utilities-False__fama_factor__h390e3b4e/debug_prints.log
[run] view it:  python -m parity.show sweep__action_characterization-Materiality_Planet_Action_SDG__convert_to_USD-True__drop_real_estate-False__drop_utilities-False__fama_factor__h390e3b4e

[sweep] (128/128) sweep__action_characterization-Materiality_Planet_Action_SDG__convert_to_USD-True__fama_factor_region-Developed__materiality_planet_action-t__hc7f3defe
[sweep]     action_characterization=Materiality_Planet_Action_SDG, convert_to_USD=True, fama_factor_region=Developed, materiality_planet_action=transformation, mktcap_covered_if_filter_by_cum_market_cap=0.99, portfolio_weighting=equal, region_analysis=Developed
[run] decomposition PDF    -> runs/20260930T232325Z_sweep__action_characterization-Materiality_Planet_Action_SDG__convert_to_USD-True__fama_factor_region-Developed__materiality_planet_action-t__hc7f3defe/initiative_decomposition.pdf  (6 pages)
[run] decomposition CSV    -> runs/20260930T232325Z_sweep__action_characterization-Materiality_Planet_Action_SDG__convert_to_USD-True__fama_factor_region-Developed__materiality_planet_action-t__hc7f3defe/initiative_decomposition.csv  (5251 rows)
[run] sweep__action_characterization-Materiality_Planet_Action_SDG__convert_to_USD-True__fama_factor_region-Developed__materiality_planet_action-t__hc7f3defe: 4 artifacts
[run] archived (kept)     -> runs/20260930T232325Z_sweep__action_characterization-Materiality_Planet_Action_SDG__convert_to_USD-True__fama_factor_region-Developed__materiality_planet_action-t__hc7f3defe/   (+ manifest.json/.md, dashboard.md)
[run] latest (overwrites) -> sweep_output/20260930T134756Z_developed_materiality_sdg_groups_x_behaviours/artifacts/sweep__action_characterization-Materiality_Planet_Action_SDG__convert_to_USD-True__fama_factor_region-Developed__materiality_planet_action-t__hc7f3defe/
[run] debug prints        -> runs/20260930T232325Z_sweep__action_characterization-Materiality_Planet_Action_SDG__convert_to_USD-True__fama_factor_region-Developed__materiality_planet_action-t__hc7f3defe/debug_prints.log
[run] view it:  python -m parity.show sweep__action_characterization-Materiality_Planet_Action_SDG__convert_to_USD-True__fama_factor_region-Developed__materiality_planet_action-t__hc7f3defe
[sweep] rebuilt sweep_output/20260930T134756Z_developed_materiality_sdg_groups_x_behaviours/results.{pdf,csv,xlsx} (128 pages, 128 rows)
[sweep] ledger -> sweep_output/20260930T134756Z_developed_materiality_sdg_groups_x_behaviours/results.jsonl
