region,sample,year,month,n_pre,n_kept,pct_listings_dropped,total_mktcap,cum_threshold,size_floor,largest_dropped
United_States,Compustat only,2016,1,3216,1144,64.42786069651741,21298504509639.4,1064925225481.9708,1934144520.0,1930254480.0
United_States,Compustat only,2016,2,3206,1143,64.34809731752964,21115297684970.797,1055764884248.5408,1942729500.0,1940219970.0
United_States,Compustat only,2016,3,3195,1148,64.06885758998435,22559350886392.668,1127967544319.6345,2089977340.0,2087224620.0
United_States,Compustat only,2016,4,3184,1157,63.66206030150754,22723287540094.664,1136164377004.7341,2108256680.0,2107081440.0
United_States,Compustat only,2016,5,3174,1150,63.768115942028984,22943183354989.63,1147159167749.4824,2119527350.0,2119389760.0
United_States,Compustat only,2016,6,3171,1148,63.796909492273734,22948632507716.35,1147431625385.8186,2096268680.0,2090544400.0
United_States,Compustat only,2016,7,3165,1158,63.41232227488152,23692603625365.46,1184630181268.2742,2196739150.0,2195592840.0
United_States,Compustat only,2016,8,3150,1160,63.17460317460318,23670246773848.1,1183512338692.4062,2225993640.0,2216509050.0
United_States,Compustat only,2016,9,3142,1163,62.98535964353915,23697580277641.61,1184879013882.0815,2239333240.0,2235271840.0
United_States,Compustat only,2016,10,3130,1151,63.22683706070288,23090490521290.39,1154524526064.5205,2191555300.0,2183208000.0
United_States,Compustat only,2016,11,3130,1184,62.17252396166134,24041880200779.1,1202094010038.956,2260742000.0,2255910720.0
United_States,Compustat only,2016,12,3119,1188,61.910868868227,24479102920475.52,1223955146023.777,2306774800.0,2302142900.0
United_States,Compustat only,2017,1,3113,1181,62.062319306135564,24910409038839.473,1245520451941.9749,2341098000.0,2336946780.0
United_States,Compustat only,2017,2,3111,1169,62.423657987785276,25646236338739.86,1282311816936.9941,2449213440.0,2444653200.0
United_States,Compustat only,2017,3,3110,1168,62.443729903536976,25613830947135.4,1280691547356.771,2401639965.0,2399725140.0
United_States,Compustat only,2017,4,3103,1167,62.39123428939736,25741017726478.75,1287050886323.9387,2406297300.0,2404646440.0
United_States,Compustat only,2017,5,3104,1145,63.11211340206186,25856898379681.7,1292844918984.0862,2435211800.0,2430176400.0
United_States,Compustat only,2017,6,3099,1154,62.7621813488222,26083114737494.645,1304155736874.7334,2406321440.0,2401641400.0
United_States,Compustat only,2017,7,3081,1146,62.804284323271666,26517002354784.457,1325850117739.224,2470860080.0,2465327800.0
United_States,Compustat only,2017,8,3078,1139,62.99545159194282,26348578518170.28,1317428925908.5151,2465266560.0,2462886400.0
United_States,Compustat only,2017,9,3063,1156,62.25922298400261,26970160359304.355,1348508017965.219,2504658000.0,2501054400.0
United_States,Compustat only,2017,10,3053,1143,62.561415001637734,27415433320971.883,1370771666048.5955,2538110190.0,2530875000.0
United_States,Compustat only,2017,11,3054,1145,62.50818598559267,28124262909051.043,1406213145452.5535,2652506500.0,2644910870.0
United_States,Compustat only,2017,12,3045,1139,62.5944170771757,28412728802911.35,1420636440145.5688,2676054360.0,2672679600.0
United_States,Compustat only,2018,1,3034,1126,62.88727752142386,29652629677876.836,1482631483893.843,2754805580.0,2752951680.0
United_States,Compustat only,2018,2,3037,1126,62.92393809680606,28313621399382.75,1415681069969.1387,2628195280.0,2624334960.0
United_States,Compustat only,2018,3,3030,1136,62.508250825082506,27710524709224.574,1385526235461.23,2589480960.0,2589332940.0
United_States,Compustat only,2018,4,3027,1144,62.206805417905514,27740298447922.6,1387014922396.1313,2586839700.0,2583094740.0
United_States,Compustat only,2018,5,3028,1157,61.78996036988111,28307912117654.85,1415395605882.744,2642145120.0,2633269250.0
United_States,Compustat only,2018,6,3027,1162,61.61215725140403,28384661463694.652,1419233073184.734,2662411030.0,2659272770.0
United_States,Compustat only,2018,7,3017,1150,61.8826648989062,29134940853173.09,1456747042658.6558,2742253050.0,2734637320.0
United_States,Compustat only,2018,8,3007,1144,61.95543731293648,29692411616869.47,1484620580843.4749,2794871500.0,2787925500.0
United_States,Compustat only,2018,9,3004,1129,62.416777629826896,29603760199258.21,1480188009962.9119,2778436500.0,2775453120.0
United_States,Compustat only,2018,10,3001,1113,62.91236254581806,27559546019165.8,1377977300958.2913,2590737100.0,2585060730.0
United_States,Compustat only,2018,11,2983,1101,63.090848139456924,27904656550600.492,1395232827530.026,2667787200.0,2663681850.0
United_States,Compustat only,2018,12,2972,1083,63.559892328398384,25182602701877.652,1259130135093.8838,2340332740.0,2337708450.0
United_States,Compustat only,2019,1,2949,1087,63.1400474737199,27171949441536.984,1358597472076.8503,2603906880.0,2600204420.0
United_States,Compustat only,2019,2,2937,1084,63.09159005788219,27950414892290.117,1397520744614.507,2744264310.0,2742803840.0
United_States,Compustat only,2019,3,2925,1061,63.72649572649573,28205350269649.17,1410267513482.46,2770873800.0,2765632000.0
United_States,Compustat only,2019,4,2920,1056,63.83561643835616,29250700324424.35,1462535016221.219,2849709600.0,2843226540.0
United_States,Compustat only,2019,5,2917,1043,64.24408639012684,27287149525311.293,1364357476265.566,2661445180.0,2660445600.0
United_States,Compustat only,2019,6,2911,1042,64.20474063895568,29148735192019.03,1457436759600.953,2886311610.0,2870298000.0
United_States,Compustat only,2019,7,2911,1038,64.34215046375816,29539735745168.07,1476986787258.4048,2939538000.0,2924112510.0
United_States,Compustat only,2019,8,2894,1012,65.0310988251555,28798122199158.215,1439906109957.912,2865230400.0,2863497010.0
United_States,Compustat only,2019,9,2889,1019,64.7282796815507,29343446542237.297,1467172327111.8662,2900015020.0,2886670950.0
United_States,Compustat only,2019,10,2878,1017,64.66296038915914,29707329439842.65,1485366471992.1338,2978932000.0,2971262400.0
United_States,Compustat only,2019,11,2865,1008,64.81675392670157,30622402667503.844,1531120133375.1936,3081231640.0,3074160480.0
United_States,Compustat only,2019,12,2858,1013,64.555633310007,31533107063346.49,1576655353167.326,3129981600.0,3124898080.0
United_States,Compustat only,2020,1,2844,988,65.26019690576652,31161468087893.902,1558073404394.6965,3178512060.0,3175686060.0
United_States,Compustat only,2020,2,2841,977,65.61070045758535,28438283835323.168,1421914191766.1597,2925889410.0,2922406000.0
United_States,Compustat only,2020,3,2841,893,68.56740584301302,24118570229156.523,1205928511457.8271,2556867240.0,2555927520.0
United_States,Compustat only,2020,4,2836,907,68.01833568406207,27033210812540.094,1351660540627.0059,2913056550.0,2910350240.0
United_States,Compustat only,2020,5,2827,897,68.27025114962858,28318530924301.688,1415926546215.0857,3095484900.0,3081813000.0
United_States,Compustat only,2020,6,2824,910,67.77620396600567,28781566493650.3,1439078324682.5164,3114645310.0,3112849920.0
United_States,Compustat only,2020,7,2818,897,68.16891412349185,30160618047219.92,1508030902360.9973,3319650000.0,3310918600.0
United_States,Compustat only,2020,8,2818,892,68.34634492547906,32098001157434.176,1604900057871.7102,3475102690.0,3474218700.0
United_States,Compustat only,2020,9,2819,884,68.64136218517204,30959118999181.01,1547955949959.052,3356230050.0,3349057460.0
United_States,Compustat only,2020,10,2831,911,67.82055810667609,30298659760446.7,1514932988022.3364,3208916700.0,3200906880.0
United_States,Compustat only,2020,11,2831,936,66.93747792299541,33866157277393.47,1693307863869.675,3595683960.0,3591658000.0
United_States,Compustat only,2020,12,2829,950,66.4192294096854,35226225044579.82,1761311252228.9927,3674886690.0,3666338780.0
United_States,Compustat only,2021,1,2840,970,65.84507042253522,34918257938127.0,1745912896906.3516,3574948850.0,3566278800.0
United_States,Compustat only,2021,2,2843,996,64.96658459373901,36141362894725.336,1807068144736.2683,3694133760.0,3686442350.0
United_States,Compustat only,2021,3,2869,993,65.38863715580342,37825262046221.91,1891263102311.097,3758631440.0,3752990400.0
United_States,Compustat only,2021,4,2902,992,65.81667815299794,39577569745022.66,1978878487251.1345,3969516120.0,3957334650.0
United_States,Compustat only,2021,5,2908,998,65.6808803301238,40132252918417.57,2006612645920.8804,3937729590.0,3934458360.0
United_States,Compustat only,2021,6,2914,995,65.85449553877831,40688548472057.23,2034427423602.863,3994063850.0,3989355300.0
United_States,Compustat only,2021,7,2921,974,66.65525504964053,41305327757627.945,2065266387881.3992,4094242290.0,4083137550.0
United_States,Compustat only,2021,8,2920,969,66.81506849315069,42239357640910.25,2111967882045.5144,4192422960.0,4171226400.0
United_States,Compustat only,2021,9,2918,984,66.2782727895819,40316772371865.22,2015838618593.2627,3906773010.0,3905336100.0
United_States,Compustat only,2021,10,2918,974,66.62097326936258,42795455215823.555,2139772760791.1797,4241699000.0,4230229050.0
United_States,Compustat only,2021,11,2929,961,67.19016729259133,42079998526409.12,2103999926320.4578,4210919460.0,4206026080.0
United_States,Compustat only,2021,12,2961,954,67.78115501519757,44195634207284.59,2209781710364.2314,4412682550.0,4390515360.0
United_States,Compustat only,2022,1,2966,944,68.1726230613621,42266721890019.336,2113336094500.9688,4123477500.0,4117049300.0
United_States,Compustat only,2022,2,2961,961,67.54474839581222,41131157973830.336,2056557898691.5186,4090430640.0,4088464080.0
United_States,Compustat only,2022,3,2965,952,67.8920741989882,42206246512455.164,2110312325622.76,4275133280.0,4274851560.0
United_States,Compustat only,2022,4,2961,946,68.05133400878081,39089178649055.78,1954458932452.7908,4026063330.0,4005061100.0
United_States,Compustat only,2022,5,2952,942,68.08943089430895,39240387017137.79,1962019350856.891,4009030650.0,4008914070.0
United_States,Compustat only,2022,6,2945,931,68.38709677419355,35806361293944.445,1790318064697.2239,3664354080.0,3654746060.0
United_States,Compustat only,2022,7,2932,931,68.2469304229195,38597083035034.51,1929854151751.727,3920080200.0,3912380460.0
United_States,Compustat only,2022,8,2927,930,68.2268534335497,37019121318757.73,1850956065937.888,3812589000.0,3793723440.0
United_States,Compustat only,2022,9,2918,921,68.43728581220013,33513997740160.91,1675699887008.0469,3456692220.0,3446170110.0
United_States,Compustat only,2022,10,2907,926,68.14585483316134,36548043187901.65,1827402159395.084,3794945280.0,3793166480.0
United_States,Compustat only,2022,11,2888,906,68.62880886426593,38488247854373.02,1924412392718.6528,4098626560.0,4078153250.0
United_States,Compustat only,2022,12,2876,903,68.60222531293464,36451838678087.35,1822591933904.3691,3857837880.0,3857680100.0
United_States,Compustat only,2023,1,2840,914,67.8169014084507,38564510567819.82,1928225528390.9927,4060353200.0,4060224000.0
United_States,Compustat only,2023,2,2830,915,67.6678445229682,37483004731032.7,1874150236551.6367,4009848570.0,4005402440.0
United_States,Compustat only,2023,3,2819,875,68.96062433487052,38237656687824.75,1911882834391.2393,4182141800.0,4178447800.0
United_States,Compustat only,2023,4,2797,852,69.53879156238827,38721230066267.92,1936061503313.3977,4301155140.0,4298825100.0
United_States,Compustat only,2023,5,2797,840,69.96782266714337,38165209164307.94,1908260458215.3987,4263697440.0,4249439360.0
United_States,Compustat only,2023,6,2788,843,69.76327116212339,40584600357618.15,2029230017880.9092,4540536400.0,4525740000.0
United_States,Compustat only,2023,7,2769,854,69.1585409895269,41936560698775.6,2096828034938.782,4650583050.0,4641720000.0
United_States,Compustat only,2023,8,2758,839,69.5794053662074,40939183365321.445,2046959168266.074,4569291140.0,4563691200.0
United_States,Compustat only,2023,9,2750,836,69.6,39104341721948.55,1955217086097.4292,4363378560.0,4357233000.0
United_States,Compustat only,2023,10,2740,819,70.1094890510949,38050279292076.24,1902513964603.8137,4286370620.0,4285124340.0
United_States,Compustat only,2023,11,2729,814,70.17222425796996,41196930437105.41,2059846521855.2722,4649907650.0,4648586400.0
United_States,Compustat only,2023,12,2710,831,69.33579335793358,43145371966290.58,2157268598314.5308,4942368690.0,4941075330.0
United_States,Compustat only,2024,1,2695,811,69.90723562152134,43605943287269.35,2180297164363.4695,4950834720.0,4927215280.0
United_States,Compustat only,2024,2,2694,799,70.34149962880475,45496309363973.81,2274815468198.693,5228844000.0,5209639100.0
United_States,Compustat only,2024,3,2687,798,70.3014514328247,47104416962264.19,2355220848113.2114,5490743940.0,5482697280.0
United_States,Compustat only,2024,4,2676,794,70.3288490284006,44971488939791.08,2248574446989.5557,5261753580.0,5251282010.0
United_States,Compustat only,2024,5,2670,790,70.4119850187266,47284701162576.87,2364235058128.8457,5542824500.0,5500038960.0
United_States,Compustat only,2024,6,2650,765,71.13207547169812,48259662855741.664,2412983142787.0854,5722942720.0,5705838320.0
United_States,Compustat only,2024,7,2647,792,70.07933509633547,49331431165250.85,2466571558262.545,5696957420.0,5690780490.0
United_States,Compustat only,2024,8,2636,772,70.71320182094082,50402126274476.19,2520106313723.8115,5928511550.0,5917885110.0
United_States,Compustat only,2024,9,2636,767,70.90288315629742,51335049883190.92,2566752494159.5483,6140451550.0,6127678480.0
United_States,Compustat only,2024,10,2639,764,71.04964001515725,50779520648878.29,2538976032443.9165,6122946400.0,6088385840.0
United_States,Compustat only,2024,11,2629,773,70.5971852415367,53343343628870.04,2667167181443.5044,6407838000.0,6376893020.0
United_States,Compustat only,2024,12,2628,755,71.27092846270928,51156243059213.234,2557812152960.664,6150527900.0,6144133450.0
United_States,Compustat n LC (gvkey),2016,1,1076,443,58.82899628252788,14693081658823.4,734654082941.1707,3463674040.0,3449706980.0
United_States,Compustat n LC (gvkey),2016,2,1076,447,58.45724907063197,14617483128429.1,730874156421.4557,3376845280.0,3374631070.0
United_States,Compustat n LC (gvkey),2016,3,1076,452,57.99256505576208,15602395199788.0,780119759989.4006,3516524710.0,3515293320.0
United_States,Compustat n LC (gvkey),2016,4,1078,459,57.42115027829313,15653192536418.05,782659626820.9032,3583977950.0,3580923500.0
United_States,Compustat n LC (gvkey),2016,5,1080,459,57.5,15861486814444.5,793074340722.2257,3647867040.0,3646989070.0
United_States,Compustat n LC (gvkey),2016,6,1082,456,57.855822550831796,15918484496838.1,795924224841.9056,3671486700.0,3665741200.0
United_States,Compustat n LC (gvkey),2016,7,1083,462,57.340720221606645,16452794860180.0,822639743009.0007,3821356530.0,3803695650.0
United_States,Compustat n LC (gvkey),2016,8,1083,466,56.9713758079409,16443835448474.7,822191772423.7357,3788185000.0,3760128110.0
United_States,Compustat n LC (gvkey),2016,9,1085,467,56.95852534562212,16433182294504.4,821659114725.2207,3855203800.0,3844224450.0
United_States,Compustat n LC (gvkey),2016,10,1086,465,57.18232044198895,16030267268770.9,801513363438.5458,3811626000.0,3802854440.0
United_States,Compustat n LC (gvkey),2016,11,1089,481,55.83103764921947,16682123736466.7,834106186823.3357,3912106860.0,3885964280.0
United_States,Compustat n LC (gvkey),2016,12,1089,483,55.647382920110196,16950509599488.1,847525479974.4058,3958623900.0,3953480280.0
United_States,Compustat n LC (gvkey),2017,1,1091,484,55.63703024747937,17230784548553.0,861539227427.6508,4027657170.0,3947186400.0
United_States,Compustat n LC (gvkey),2017,2,1092,480,56.043956043956044,17743520245540.1,887176012277.0059,4071359750.0,4040880480.0
United_States,Compustat n LC (gvkey),2017,3,1092,480,56.043956043956044,17754574288908.9,887728714445.4457,4054826640.0,4045064100.0
United_States,Compustat n LC (gvkey),2017,4,1098,483,56.01092896174863,17921648835301.6,896082441765.0809,4104884310.0,4102117850.0
United_States,Compustat n LC (gvkey),2017,5,1099,475,56.77888989990901,18097437683768.0,904871884188.4008,4111698630.0,4107816900.0
United_States,Compustat n LC (gvkey),2017,6,1103,482,56.30099728014506,18155245173260.1,907762258663.0059,4140829340.0,4128769170.0
United_States,Compustat n LC (gvkey),2017,7,1106,480,56.600361663652805,18472543481713.1,923627174085.6559,4177316640.0,4148642820.0
United_States,Compustat n LC (gvkey),2017,8,1106,476,56.962025316455694,18449715114290.0,922485755714.5009,4242934900.0,4228252080.0
United_States,Compustat n LC (gvkey),2017,9,1108,486,56.13718411552347,18913209303376.4,945660465168.8208,4303515000.0,4295020260.0
United_States,Compustat n LC (gvkey),2017,10,1108,483,56.40794223826715,19266012223298.3,963300611164.9159,4417116790.0,4410285300.0
United_States,Compustat n LC (gvkey),2017,11,1112,484,56.47482014388489,19829846620567.1,991492331028.356,4587302160.0,4576062750.0
United_States,Compustat n LC (gvkey),2017,12,1112,483,56.564748201438846,20081871906540.9,1004093595327.0458,4637320710.0,4594468000.0
United_States,Compustat n LC (gvkey),2018,1,1112,479,56.92446043165467,21053551967707.5,1052677598385.376,4780401920.0,4779294290.0
United_States,Compustat n LC (gvkey),2018,2,1114,478,57.091561938958705,20114254486706.2,1005712724335.3109,4610533250.0,4583512060.0
United_States,Compustat n LC (gvkey),2018,3,1114,483,56.642728904847395,19561356950923.0,978067847546.1509,4562378450.0,4549007890.0
United_States,Compustat n LC (gvkey),2018,4,1117,485,56.58012533572068,19563082052069.8,978154102603.491,4476258000.0,4473755850.0
United_States,Compustat n LC (gvkey),2018,5,1118,491,56.082289803220036,20026431520900.6,1001321576045.031,4552711350.0,4550580260.0
United_States,Compustat n LC (gvkey),2018,6,1120,493,55.982142857142854,20079913785734.8,1003995689286.741,4391255620.0,4388774400.0
United_States,Compustat n LC (gvkey),2018,7,1117,491,56.04297224709042,20678180383321.9,1033909019166.0958,4494468380.0,4487655760.0
United_States,Compustat n LC (gvkey),2018,8,1116,489,56.18279569892473,21195932246742.18,1059796612337.11,4680624960.0,4672376210.0
United_States,Compustat n LC (gvkey),2018,9,1117,484,56.66965085049239,21294653724565.0,1064732686228.251,4774593960.0,4763771070.0
United_States,Compustat n LC (gvkey),2018,10,1117,475,57.47538048343778,19794767591654.4,989738379582.7208,4417602540.0,4401487840.0
United_States,Compustat n LC (gvkey),2018,11,1118,476,57.42397137745975,19986364918000.18,999318245900.0099,4484715120.0,4474238470.0
United_States,Compustat n LC (gvkey),2018,12,1115,464,58.38565022421525,17990586358195.3,899529317909.7659,4032573760.0,4029073000.0
United_States,Compustat n LC (gvkey),2019,1,1116,473,57.61648745519713,19380115761135.5,969005788056.7759,4445270280.0,4435030080.0
United_States,Compustat n LC (gvkey),2019,2,1115,475,57.399103139013455,19968335200665.0,998416760033.2509,4554335680.0,4538567280.0
United_States,Compustat n LC (gvkey),2019,3,1115,466,58.20627802690583,20241863928295.3,1012093196414.766,4702522360.0,4690838840.0
United_States,Compustat n LC (gvkey),2019,4,1117,467,58.19158460161146,20948489366101.5,1047424468305.0759,4892985000.0,4875031200.0
United_States,Compustat n LC (gvkey),2019,5,1118,460,58.85509838998211,19409832745170.8,970491637258.5409,4579036480.0,4578697890.0
United_States,Compustat n LC (gvkey),2019,6,1120,462,58.75,20824814844783.8,1041240742239.1909,4758814800.0,4753279850.0
United_States,Compustat n LC (gvkey),2019,7,1119,459,58.98123324396783,21141153427020.5,1057057671351.0259,4755936540.0,4742878800.0
United_States,Compustat n LC (gvkey),2019,8,1117,446,60.07162041181737,20656209139308.363,1032810456965.4191,4805735000.0,4801658830.0
United_States,Compustat n LC (gvkey),2019,9,1116,451,59.587813620071685,21039018381829.4,1051950919091.4708,4834346200.0,4833607240.0
United_States,Compustat n LC (gvkey),2019,10,1116,450,59.67741935483871,21354144165611.3,1067707208280.566,4911510480.0,4896856140.0
United_States,Compustat n LC (gvkey),2019,11,1116,448,59.85663082437276,22129264200427.95,1106463210021.3984,5118501280.0,5099973060.0
United_States,Compustat n LC (gvkey),2019,12,1117,450,59.71351835273053,22796323296412.3,1139816164820.616,5277111760.0,5252405000.0
United_States,Compustat n LC (gvkey),2020,1,1118,441,60.55456171735241,22576254219638.2,1128812710981.911,5297113080.0,5289172350.0
United_States,Compustat n LC (gvkey),2020,2,1117,435,61.05640107430618,20601297732620.8,1030064886631.0409,4825724580.0,4805998200.0
United_States,Compustat n LC (gvkey),2020,3,1118,392,64.93738819320215,17847877525562.6,892393876278.1309,4345780000.0,4341519000.0
United_States,Compustat n LC (gvkey),2020,4,1121,402,64.13916146297949,20154437290802.98,1007721864540.1499,4820186010.0,4819341020.0
United_States,Compustat n LC (gvkey),2020,5,1120,402,64.10714285714286,21144904454956.5,1057245222747.8259,5012394110.0,5001689600.0
United_States,Compustat n LC (gvkey),2020,6,1122,407,63.72549019607843,21575789290973.8,1078789464548.691,5069262000.0,5064983280.0
United_States,Compustat n LC (gvkey),2020,7,1124,407,63.79003558718861,22610963185567.2,1130548159278.361,5303907000.0,5299993440.0
United_States,Compustat n LC (gvkey),2020,8,1125,404,64.08888888888889,24294521027482.7,1214726051374.136,5586911360.0,5586393200.0
United_States,Compustat n LC (gvkey),2020,9,1129,404,64.21612046058459,23391549143329.2,1169577457166.461,5562525920.0,5483535750.0
United_States,Compustat n LC (gvkey),2020,10,1133,417,63.19505736981465,22721871184713.1,1136093559235.656,5129577280.0,5119842730.0
United_States,Compustat n LC (gvkey),2020,11,1134,431,61.99294532627866,25391819495783.8,1269590974789.1912,5617298920.0,5585131430.0
United_States,Compustat n LC (gvkey),2020,12,1134,439,61.28747795414462,26392195762428.0,1319609788121.4011,5878776000.0,5870591700.0
United_States,Compustat n LC (gvkey),2021,1,1134,447,60.58201058201058,26095175346417.8,1304758767320.891,5790901520.0,5764732580.0
United_States,Compustat n LC (gvkey),2021,2,1135,463,59.20704845814978,26876404816430.0,1343820240821.5012,5915191060.0,5877537790.0
United_States,Compustat n LC (gvkey),2021,3,1137,465,59.10290237467019,28133578056025.8,1406678902801.2913,6184523590.0,6165835540.0
United_States,Compustat n LC (gvkey),2021,4,1139,463,59.35030728709394,29368837849825.0,1468441892491.2512,6535808800.0,6512968200.0
United_States,Compustat n LC (gvkey),2021,5,1141,466,59.15863277826468,29706523630667.5,1485326181533.3762,6555396940.0,6554489600.0
United_States,Compustat n LC (gvkey),2021,6,1142,459,59.80735551663748,30319512135797.0,1515975606789.8513,6517977050.0,6488252940.0
United_States,Compustat n LC (gvkey),2021,7,1145,449,60.786026200873366,30904834904546.9,1545241745227.3462,6613175970.0,6587084130.0
United_States,Compustat n LC (gvkey),2021,8,1142,448,60.770577933450085,31549332729066.3,1577466636453.3164,6795363600.0,6786117460.0
United_States,Compustat n LC (gvkey),2021,9,1145,453,60.43668122270742,30007907697284.8,1500395384864.2415,6566908700.0,6537952150.0
United_States,Compustat n LC (gvkey),2021,10,1147,449,60.85440278988666,31930736112888.9,1596536805644.4463,6979215150.0,6975395900.0
United_States,Compustat n LC (gvkey),2021,11,1147,442,61.46469049694856,31705879100427.5,1585293955021.3765,6972491240.0,6909402390.0
United_States,Compustat n LC (gvkey),2021,12,1146,441,61.518324607329845,33273234231672.4,1663661711583.6213,7320506320.0,7234020900.0
United_States,Compustat n LC (gvkey),2022,1,1144,437,61.8006993006993,31805725110311.0,1590286255515.5515,6954949440.0,6916576100.0
United_States,Compustat n LC (gvkey),2022,2,1141,446,60.91148115687993,30914518510726.0,1545725925536.3013,6741911840.0,6739403840.0
United_States,Compustat n LC (gvkey),2022,3,1143,440,61.504811898512685,31740196358468.4,1587009817923.4214,6993199240.0,6896400570.0
United_States,Compustat n LC (gvkey),2022,4,1140,440,61.40350877192982,29378476103497.6,1468923805174.8813,6269947970.0,6268574740.0
United_States,Compustat n LC (gvkey),2022,5,1138,441,61.24780316344464,29436070879089.9,1471803543954.4963,6439846200.0,6435136550.0
United_States,Compustat n LC (gvkey),2022,6,1137,435,61.74142480211082,26986372025600.4,1349318601280.0212,5775817260.0,5766429020.0
United_States,Compustat n LC (gvkey),2022,7,1135,437,61.497797356828194,29188263547211.9,1459413177360.5962,6377376240.0,6349531500.0
United_States,Compustat n LC (gvkey),2022,8,1135,438,61.409691629955944,27941809581012.2,1397090479050.611,6030396800.0,5998231000.0
United_States,Compustat n LC (gvkey),2022,9,1133,434,61.694616063548104,25324523320524.8,1266226166026.2412,5605499200.0,5565581530.0
United_States,Compustat n LC (gvkey),2022,10,1130,439,61.150442477876105,27725919198218.0,1386295959910.9011,5952169600.0,5944587120.0
United_States,Compustat n LC (gvkey),2022,11,1125,433,61.51111111111111,29187658922747.6,1459382946137.3813,6401318750.0,6368288500.0
United_States,Compustat n LC (gvkey),2022,12,1124,431,61.654804270462634,27641960490405.8,1382098024520.2913,5890875900.0,5874500500.0
United_States,Compustat n LC (gvkey),2023,1,1124,441,60.76512455516014,29128961449429.8,1456448072471.4912,6383459150.0,6356265210.0
United_States,Compustat n LC (gvkey),2023,2,1123,442,60.64113980409617,28361662480528.2,1418083124026.4111,6186067300.0,6148590750.0
United_States,Compustat n LC (gvkey),2023,3,1121,422,62.355040142729706,29371317386508.4,1468565869325.4211,6329108500.0,6314317880.0
United_States,Compustat n LC (gvkey),2023,4,1120,413,63.125,29806979943478.5,1490348997173.9263,6448549530.0,6402816000.0
United_States,Compustat n LC (gvkey),2023,5,1121,405,63.87154326494202,29685206628377.9,1484260331418.8962,6438514440.0,6421731840.0
United_States,Compustat n LC (gvkey),2023,6,1119,411,63.270777479892764,31609858996459.5,1580492949822.9763,6918539820.0,6916319780.0
United_States,Compustat n LC (gvkey),2023,7,1116,415,62.81362007168459,32588359719155.0,1629417985957.7515,7149475520.0,7145696690.0
United_States,Compustat n LC (gvkey),2023,8,1116,410,63.261648745519715,31981445275504.5,1599072263775.2263,7229810160.0,7187736320.0
United_States,Compustat n LC (gvkey),2023,9,1112,410,63.1294964028777,30499144113722.7,1524957205686.1362,6943304600.0,6939155670.0
United_States,Compustat n LC (gvkey),2023,10,1109,399,64.02164111812444,29781692074872.4,1489084603743.6213,6635848800.0,6593022980.0
United_States,Compustat n LC (gvkey),2023,11,1105,397,64.07239819004525,32194089740230.7,1609704487011.5364,7070189400.0,7008103520.0
United_States,Compustat n LC (gvkey),2023,12,1099,408,62.87534121929026,33613512111850.1,1680675605592.5066,7282992560.0,7270697670.0
United_States,Compustat n LC (gvkey),2024,1,1095,397,63.74429223744292,34248285566854.3,1712414278342.7166,7588581420.0,7561775210.0
United_States,Compustat n LC (gvkey),2024,2,1094,393,64.07678244972578,35877313228917.0,1793865661445.8516,8056208640.0,7960229820.0
United_States,Compustat n LC (gvkey),2024,3,1094,396,63.80255941499086,37074215923682.3,1853710796184.1165,8349089540.0,8347058980.0
United_States,Compustat n LC (gvkey),2024,4,1093,393,64.04391582799634,35384030147049.1,1769201507352.4565,7940175600.0,7912958880.0
United_States,Compustat n LC (gvkey),2024,5,1091,390,64.25297891842347,37218919192554.9,1860945959627.7466,8372736000.0,8372397330.0
United_States,Compustat n LC (gvkey),2024,6,1083,375,65.37396121883657,38401782875309.1,1920089143765.4568,8637766150.0,8624108360.0
United_States,Compustat n LC (gvkey),2024,7,1082,389,64.04805914972273,38908653122241.6,1945432656112.0818,8763572700.0,8742763740.0
United_States,Compustat n LC (gvkey),2024,8,1076,377,64.96282527881041,39668022561132.7,1983401128056.637,9103487660.0,9060919800.0
United_States,Compustat n LC (gvkey),2024,9,1075,375,65.11627906976744,40411021371168.4,2020551068558.4216,9481235400.0,9474903810.0
United_States,Compustat n LC (gvkey),2024,10,1072,373,65.20522388059702,39913375649241.7,1995668782462.087,9291956850.0,9287025690.0
United_States,Compustat n LC (gvkey),2024,11,1068,379,64.51310861423221,41840129412803.0,2092006470640.1519,9721094940.0,9671923800.0
United_States,Compustat n LC (gvkey),2024,12,1065,368,65.44600938967136,40486063676979.5,2024303183848.9768,9334745980.0,9304262500.0
United_States,"Compustat x LC (gvkey,fiscal-year)",2017,7,312,177,43.26923076923077,12607177689918.0,630358884495.9005,12472207650.0,12147989220.0
United_States,"Compustat x LC (gvkey,fiscal-year)",2017,8,311,176,43.40836012861736,12650793926370.0,632539696318.5006,12005925750.0,11880203040.0
United_States,"Compustat x LC (gvkey,fiscal-year)",2017,9,311,177,43.08681672025723,12850353102500.0,642517655125.0006,12067589000.0,11978971680.0
United_States,"Compustat x LC (gvkey,fiscal-year)",2017,10,311,176,43.40836012861736,13117821058140.0,655891052907.0006,12090080160.0,12045689250.0
United_States,"Compustat x LC (gvkey,fiscal-year)",2017,11,312,177,43.26923076923077,13519427304630.0,675971365231.5006,12797764100.0,12674332800.0
United_States,"Compustat x LC (gvkey,fiscal-year)",2017,12,312,177,43.26923076923077,13690178911030.0,684508945551.5006,13315517760.0,13259400000.0
United_States,"Compustat x LC (gvkey,fiscal-year)",2018,1,310,176,43.225806451612904,14319999692240.0,715999984612.0006,13976613000.0,13967023230.0
United_States,"Compustat x LC (gvkey,fiscal-year)",2018,2,310,175,43.54838709677419,13689345635420.0,684467281771.0006,12886679040.0,12876028980.0
United_States,"Compustat x LC (gvkey,fiscal-year)",2018,3,310,175,43.54838709677419,13312685304940.0,665634265247.0006,12673572480.0,12634812800.0
United_States,"Compustat x LC (gvkey,fiscal-year)",2018,4,309,174,43.689320388349515,13234815558900.0,661740777945.0006,12400224340.0,12293312640.0
United_States,"Compustat x LC (gvkey,fiscal-year)",2018,5,309,174,43.689320388349515,13427519305970.0,671375965298.5006,12583402960.0,12329280000.0
United_States,"Compustat x LC (gvkey,fiscal-year)",2018,6,309,175,43.36569579288026,13420433936690.0,671021696834.5006,12347766200.0,12340589140.0
United_States,"Compustat x LC (gvkey,fiscal-year)",2018,7,340,190,44.11764705882353,14812897442010.0,740644872100.5006,12616009200.0,12565853040.0
United_States,"Compustat x LC (gvkey,fiscal-year)",2018,8,339,188,44.54277286135693,15192102666840.0,759605133342.0007,13055478580.0,12897930760.0
United_States,"Compustat x LC (gvkey,fiscal-year)",2018,9,339,187,44.8377581120944,15320407556240.0,766020377812.0007,12599263680.0,12519675840.0
United_States,"Compustat x LC (gvkey,fiscal-year)",2018,10,338,183,45.857988165680474,14337598962210.0,716879948110.5006,12183475000.0,12005507150.0
United_States,"Compustat x LC (gvkey,fiscal-year)",2018,11,338,184,45.562130177514796,14443170979270.0,722158548963.5006,11896046600.0,11888848580.0
United_States,"Compustat x LC (gvkey,fiscal-year)",2018,12,336,180,46.42857142857143,12995816329020.0,649790816451.0006,10755374490.0,10635235420.0
United_States,"Compustat x LC (gvkey,fiscal-year)",2019,1,336,182,45.833333333333336,13866801404430.0,693340070221.5006,11342711010.0,11290186040.0
United_States,"Compustat x LC (gvkey,fiscal-year)",2019,2,336,182,45.833333333333336,14301652122850.0,715082606142.5006,11724541800.0,11620376100.0
United_States,"Compustat x LC (gvkey,fiscal-year)",2019,3,335,179,46.56716417910448,14529142054100.0,726457102705.0006,11959032320.0,11904929460.0
United_States,"Compustat x LC (gvkey,fiscal-year)",2019,4,335,179,46.56716417910448,15048126211420.0,752406310571.0006,12371099370.0,12367946040.0
United_States,"Compustat x LC (gvkey,fiscal-year)",2019,5,335,176,47.46268656716418,13916580766980.0,695829038349.0006,11532321540.0,11506601220.0
United_States,"Compustat x LC (gvkey,fiscal-year)",2019,6,335,177,47.16417910447761,14965032064770.0,748251603238.5006,12822080880.0,12682036260.0
United_States,"Compustat x LC (gvkey,fiscal-year)",2019,7,401,210,47.63092269326683,16945955495610.0,847297774780.5007,11434419990.0,11377884360.0
United_States,"Compustat x LC (gvkey,fiscal-year)",2019,8,400,204,49.0,16598532183910.0,829926609195.5007,11438087220.0,11260280890.0
United_States,"Compustat x LC (gvkey,fiscal-year)",2019,9,400,206,48.5,16940461368525.0,847023068426.2507,11528391800.0,11477346840.0
United_States,"Compustat x LC (gvkey,fiscal-year)",2019,10,399,204,48.87218045112782,17190929764500.0,859546488225.0007,11332560300.0,11306900640.0
United_States,"Compustat x LC (gvkey,fiscal-year)",2019,11,399,203,49.12280701754386,17817472225210.0,890873611260.5007,11711445550.0,11525452700.0
United_States,"Compustat x LC (gvkey,fiscal-year)",2019,12,400,204,49.0,18400020157010.0,920001007850.5009,12533766120.0,12318447100.0
United_States,"Compustat x LC (gvkey,fiscal-year)",2020,1,400,200,50.0,18228123368960.0,911406168448.0009,12389897850.0,12327458400.0
United_States,"Compustat x LC (gvkey,fiscal-year)",2020,2,400,198,50.5,16600247886535.0,830012394326.7507,11278340000.0,11149198020.0
United_States,"Compustat x LC (gvkey,fiscal-year)",2020,3,400,183,54.25,14568981516891.8,728449075844.5907,10560325050.0,10529368290.0
United_States,"Compustat x LC (gvkey,fiscal-year)",2020,4,401,187,53.36658354114713,16386891550680.0,819344577534.0007,11768415750.0,11582472960.0
United_States,"Compustat x LC (gvkey,fiscal-year)",2020,5,400,186,53.5,17087881275180.0,854394063759.0007,12015223040.0,11955873690.0
United_States,"Compustat x LC (gvkey,fiscal-year)",2020,6,400,186,53.5,17439972092250.0,871998604612.5007,12500685610.0,12439815840.0
United_States,"Compustat x LC (gvkey,fiscal-year)",2020,7,495,218,55.95959595959596,18148741629908.6,907437081495.4309,9976773400.0,9968920360.0
United_States,"Compustat x LC (gvkey,fiscal-year)",2020,8,495,216,56.36363636363637,19508499789250.8,975424989462.5409,10723743820.0,10520816950.0
United_States,"Compustat x LC (gvkey,fiscal-year)",2020,9,498,216,56.626506024096386,18735971277150.4,936798563857.5208,10428422940.0,10341756750.0
United_States,"Compustat x LC (gvkey,fiscal-year)",2020,10,498,222,55.42168674698795,18082087601848.5,904104380092.4258,9878987280.0,9743799450.0
United_States,"Compustat x LC (gvkey,fiscal-year)",2020,11,497,228,54.12474849094568,20138884834240.0,1006944241712.0009,10841035500.0,10788700160.0
United_States,"Compustat x LC (gvkey,fiscal-year)",2020,12,497,229,53.92354124748491,20918108326750.0,1045905416337.501,11207407680.0,11061528750.0
United_States,"Compustat x LC (gvkey,fiscal-year)",2021,1,496,232,53.225806451612904,20680972096005.0,1034048604800.251,10548236610.0,10511807040.0
United_States,"Compustat x LC (gvkey,fiscal-year)",2021,2,496,238,52.016129032258064,21247395316660.0,1062369765833.001,10916651460.0,10885578480.0
United_States,"Compustat x LC (gvkey,fiscal-year)",2021,3,497,241,51.50905432595574,22189210569530.0,1109460528476.501,11449703980.0,11407797600.0
United_States,"Compustat x LC (gvkey,fiscal-year)",2021,4,497,241,51.50905432595574,23134598496130.0,1156729924806.501,12409554100.0,12387617910.0
United_States,"Compustat x LC (gvkey,fiscal-year)",2021,5,496,242,51.20967741935484,23366447678480.0,1168322383924.001,12517935620.0,12446670360.0
United_States,"Compustat x LC (gvkey,fiscal-year)",2021,6,495,237,52.121212121212125,23844867945720.0,1192243397286.001,12334585230.0,12212759720.0
United_States,"Compustat x LC (gvkey,fiscal-year)",2021,7,700,309,55.857142857142854,27703191772297.2,1385159588614.861,9916980800.0,9857202880.0
United_States,"Compustat x LC (gvkey,fiscal-year)",2021,8,699,308,55.937052932761084,28255756045942.3,1412787802297.1162,9854071500.0,9828760800.0
United_States,"Compustat x LC (gvkey,fiscal-year)",2021,9,701,311,55.63480741797432,26914408671890.0,1345720433594.5012,9119425770.0,9097515300.0
United_States,"Compustat x LC (gvkey,fiscal-year)",2021,10,701,308,56.06276747503566,28719505295580.0,1435975264779.0012,9859824700.0,9849518940.0
United_States,"Compustat x LC (gvkey,fiscal-year)",2021,11,701,302,56.918687589158345,28553963736811.2,1427698186840.5613,10031470890.0,10003136430.0
United_States,"Compustat x LC (gvkey,fiscal-year)",2021,12,701,302,56.918687589158345,29985629502675.0,1499281475133.7512,10806478970.0,10751395220.0
United_States,"Compustat x LC (gvkey,fiscal-year)",2022,1,698,301,56.87679083094556,28699687487492.7,1434984374374.6362,10190636190.0,10178150540.0
United_States,"Compustat x LC (gvkey,fiscal-year)",2022,2,695,304,56.2589928057554,28083493477234.9,1404174673861.746,9880290120.0,9863018480.0
United_States,"Compustat x LC (gvkey,fiscal-year)",2022,3,693,300,56.70995670995671,28840219248734.4,1442010962436.7212,10177430120.0,10101064360.0
United_States,"Compustat x LC (gvkey,fiscal-year)",2022,4,691,299,56.72937771345875,26707504053856.4,1335375202692.821,9585140850.0,9513225180.0
United_States,"Compustat x LC (gvkey,fiscal-year)",2022,5,690,300,56.52173913043478,26723311007482.0,1336165550374.101,9556278650.0,9551322720.0
United_States,"Compustat x LC (gvkey,fiscal-year)",2022,6,690,294,57.391304347826086,24576574042194.1,1228828702109.706,8276393460.0,8235850200.0
United_States,"Compustat x LC (gvkey,fiscal-year)",2022,7,809,340,57.972805933250925,27302391391103.9,1365119569555.196,8072143500.0,8045365640.0
United_States,"Compustat x LC (gvkey,fiscal-year)",2022,8,808,339,58.04455445544554,26146170587085.2,1307308529354.2612,7813956360.0,7760644500.0
United_States,"Compustat x LC (gvkey,fiscal-year)",2022,9,806,335,58.436724565756826,23640340985710.0,1182017049285.501,7106354370.0,6968004060.0
United_States,"Compustat x LC (gvkey,fiscal-year)",2022,10,804,339,57.83582089552239,25851395404060.0,1292569770203.0012,7541025030.0,7536216240.0
United_States,"Compustat x LC (gvkey,fiscal-year)",2022,11,803,337,58.03237858032379,27330373839694.4,1366518691984.7212,7986895800.0,7982661340.0
United_States,"Compustat x LC (gvkey,fiscal-year)",2022,12,803,335,58.281444582814444,25899761313021.4,1294988065651.071,7649879640.0,7499363000.0
United_States,"Compustat x LC (gvkey,fiscal-year)",2023,1,803,344,57.160647571606475,27266337337228.4,1363316866861.4211,8030582560.0,7921472080.0
United_States,"Compustat x LC (gvkey,fiscal-year)",2023,2,802,344,57.1072319201995,26544463114534.1,1327223155726.7063,7697347830.0,7696702750.0
United_States,"Compustat x LC (gvkey,fiscal-year)",2023,3,801,329,58.92634207240949,27520362056521.1,1376018102826.0564,8057298480.0,7924173840.0
United_States,"Compustat x LC (gvkey,fiscal-year)",2023,4,800,323,59.625,27925221836730.0,1396261091836.5012,8196869900.0,8185388400.0
United_States,"Compustat x LC (gvkey,fiscal-year)",2023,5,800,316,60.5,27745727695530.0,1387286384776.5012,8256001920.0,8226444150.0
United_States,"Compustat x LC (gvkey,fiscal-year)",2023,6,799,321,59.824780976220275,29534635636385.5,1476731781819.2764,8785549880.0,8715716460.0
United_States,"Compustat x LC (gvkey,fiscal-year)",2023,7,903,350,61.24031007751938,30049265202100.0,1502463260105.0012,8071668900.0,8051799520.0
United_States,"Compustat x LC (gvkey,fiscal-year)",2023,8,905,347,61.65745856353591,29469484725677.2,1473474236283.8613,7919784720.0,7914701200.0
United_States,"Compustat x LC (gvkey,fiscal-year)",2023,9,904,347,61.61504424778761,28112895104358.7,1405644755217.9363,7685477800.0,7668282420.0
United_States,"Compustat x LC (gvkey,fiscal-year)",2023,10,901,338,62.48612652608213,27493040240889.8,1374652012044.4912,7586372080.0,7580055000.0
United_States,"Compustat x LC (gvkey,fiscal-year)",2023,11,898,335,62.69487750556793,29697060531636.4,1484853026581.8213,7994803600.0,7960194600.0
United_States,"Compustat x LC (gvkey,fiscal-year)",2023,12,895,344,61.564245810055866,30978405260212.2,1548920263010.6113,8226894600.0,8176701360.0
United_States,"Compustat x LC (gvkey,fiscal-year)",2024,1,892,334,62.55605381165919,31580118704544.3,1579005935227.2166,8671998180.0,8594749860.0
United_States,"Compustat x LC (gvkey,fiscal-year)",2024,2,891,332,62.7384960718294,33147748821424.0,1657387441071.2014,9431408100.0,9299535000.0
United_States,"Compustat x LC (gvkey,fiscal-year)",2024,3,891,335,62.40179573512907,34159939101117.1,1707996955055.8567,9566813410.0,9553212320.0
United_States,"Compustat x LC (gvkey,fiscal-year)",2024,4,889,330,62.879640044994375,32462331900847.1,1623116595042.3564,9043297480.0,8901163680.0
United_States,"Compustat x LC (gvkey,fiscal-year)",2024,5,886,328,62.979683972911964,34216696405692.9,1710834820284.6465,9123117720.0,9090022500.0
United_States,"Compustat x LC (gvkey,fiscal-year)",2024,6,878,315,64.12300683371298,35349799430140.5,1767489971507.0266,9966308580.0,9907173990.0
United_States,"Compustat x LC (gvkey,fiscal-year)",2024,7,658,261,60.33434650455927,30672826230853.7,1533641311542.6863,10710382380.0,10688272920.0
United_States,"Compustat x LC (gvkey,fiscal-year)",2024,8,656,254,61.28048780487805,31218503197958.1,1560925159897.9065,11374274000.0,11357747100.0
United_States,"Compustat x LC (gvkey,fiscal-year)",2024,9,656,253,61.43292682926829,31842325205025.0,1592116260251.2515,11652976440.0,11468177700.0
United_States,"Compustat x LC (gvkey,fiscal-year)",2024,10,654,251,61.620795107033636,31492535506518.0,1574626775325.9014,11731460540.0,11700068750.0
United_States,"Compustat x LC (gvkey,fiscal-year)",2024,11,653,255,60.94946401225115,33010504886408.0,1650525244320.4014,12012643900.0,11974101120.0
United_States,"Compustat x LC (gvkey,fiscal-year)",2024,12,652,247,62.11656441717791,31983775850230.0,1599188792511.5015,11644720000.0,11621126200.0
Europe,Compustat only,2016,1,5065,1136,77.5715695952616,10947394522101.37,547369726105.069,849603437.891712,849039369.984
Europe,Compustat only,2016,2,5064,1145,77.38941548183254,10743599007816.115,537179950390.8062,844929801.06392,843696902.4096385
Europe,Compustat only,2016,3,5062,1158,77.12366653496642,11415037920390.012,570751896019.5011,899754974.9100001,898645325.9553865
Europe,Compustat only,2016,4,5041,1167,76.84983138266217,11579543931716.105,578977196585.8058,902342807.1607039,902315664.9877499
Europe,Compustat only,2016,5,5065,1174,76.8213228035538,11485181773182.186,574259088659.1097,900919608.9188646,898817200.0
Europe,Compustat only,2016,6,5095,1166,77.11481844946026,10792446537666.906,539622326883.34576,833026274.9728918,832840779.2666807
Europe,Compustat only,2016,7,5067,1165,77.00809157292284,11356476409168.867,567823820458.4438,891865928.8637475,887532833.4954801
Europe,Compustat only,2016,8,5046,1176,76.69441141498217,11402206545989.525,570110327299.4768,880533352.0607281,876505923.12976
Europe,Compustat only,2016,9,5060,1178,76.71936758893281,11518531898824.244,575926594941.2128,877066130.7419518,873669453.0635998
Europe,Compustat only,2016,10,5051,1178,76.67788556721442,11139478097472.492,556973904873.6251,855357883.4175936,853304960.5662285
Europe,Compustat only,2016,11,5048,1190,76.42630744849446,10746195618112.496,537309780905.6253,813138160.7811612,812329201.5313636
Europe,Compustat only,2016,12,5104,1188,76.72413793103448,11310409351156.533,565520467557.8271,861959986.2204725,861638623.28266
Europe,Compustat only,2017,1,5077,1202,76.32460114240693,11570401758424.16,578520087921.2085,861399817.04616,861009627.5379647
Europe,Compustat only,2017,2,5082,1201,76.36757182211727,11698678365988.166,584933918299.4088,861797430.35499,861704393.1024001
Europe,Compustat only,2017,3,5115,1197,76.5982404692082,12164355177399.205,608217758869.9608,904031153.83224,900504150.0000001
Europe,Compustat only,2017,4,5077,1207,76.22611778609415,12660702501628.84,633035125081.4425,952169767.7109374,948432881.93715
Europe,Compustat only,2017,5,5110,1215,76.22309197651663,13219578028238.508,660978901411.926,984257235.642408,981741005.6
Europe,Compustat only,2017,6,5110,1232,75.89041095890411,13125529270772.795,656276463538.6404,970547770.7,967168757.5631129
Europe,Compustat only,2017,7,4626,1207,73.90834414180718,13603631271394.234,680181563569.7123,1033753818.6051118,1033690254.2370001
Europe,Compustat only,2017,8,4794,1213,74.69753858990404,13591410041872.523,679570502093.6268,1034042223.0941557,1028299740.9367871
Europe,Compustat only,2017,9,4828,1208,74.97928748964374,13974569665008.207,698728483250.411,1067060600.7966222,1065054290.6497537
Europe,Compustat only,2017,10,5121,1229,76.0007810974419,14136565171794.193,706828258589.7103,1022941256.907024,1022477404.0687939
Europe,Compustat only,2017,11,5146,1225,76.19510299261562,14081972427551.055,704098621377.5533,1018060908.3673987,1018048800.5999999
Europe,Compustat only,2017,12,5146,1235,76.00077730275943,14323049929702.193,716152496485.1104,1040952082.944823,1040752152.7675819
Europe,Compustat only,2018,1,5120,1236,75.859375,15093727031293.857,754686351564.6935,1083801355.4472,1082515664.1921022
Europe,Compustat only,2018,2,5096,1243,75.60832025117739,14252384023247.65,712619201162.3832,1036349061.5934719,1035120892.2049968
Europe,Compustat only,2018,3,5133,1245,75.74517825832847,14118227000404.78,705911350020.2396,1010932301.8326781,1010458055.1938934
Europe,Compustat only,2018,4,5127,1238,75.8533255314999,14371537655581.186,718576882779.0599,1052394863.097244,1051951500.0
Europe,Compustat only,2018,5,5119,1249,75.60070326235594,13812688483404.23,690634424170.2122,1001142111.888166,999552781.5928484
Europe,Compustat only,2018,6,5147,1253,75.65572177967748,13750033707868.975,687501685393.4493,980170950.8266,979747683.4376402
Europe,Compustat only,2018,7,5041,1229,75.61991668319777,14107931680087.385,705396584004.3699,1017270640.5126066,1015844572.9200001
Europe,Compustat only,2018,8,5018,1233,75.42845755280989,13683409850516.816,684170492525.8414,1006261106.2178304,1005389850.2784079
Europe,Compustat only,2018,9,5129,1229,76.0382140768181,13746975498657.803,687348774932.8907,1009009606.5838224,1005140517.3191227
Europe,Compustat only,2018,10,5099,1217,76.13257501470876,12561225929019.727,628061296450.9869,917524586.4353713,916858803.3493072
Europe,Compustat only,2018,11,5080,1205,76.27952755905511,12361099215673.707,618054960783.6859,898176384.0,898115865.004494
Europe,Compustat only,2018,12,5085,1206,76.28318584070796,11724823455264.178,586241172763.2094,838848793.347843,838666710.0
Europe,Compustat only,2019,1,5068,1202,76.28255722178375,12502204708154.004,625110235407.7008,923972403.6558044,922276080.0
Europe,Compustat only,2019,2,5065,1192,76.4659427443238,12823608286627.49,641180414331.3751,959356082.3469532,958323614.384121
Europe,Compustat only,2019,3,5083,1180,76.7853629746213,12844402859756.418,642220142987.8214,949845474.2019675,949163318.27464
Europe,Compustat only,2019,4,5063,1186,76.5751530713016,13273258985171.8,663662949258.5906,975096820.7832633,974378676.0250801
Europe,Compustat only,2019,5,5062,1200,76.29395495851442,12443676131370.447,622183806568.523,905743239.2764,903669865.682688
Europe,Compustat only,2019,6,5065,1176,76.78183613030602,13166887387619.416,658344369380.9714,984046168.75,978038497.337344
Europe,Compustat only,2019,7,5096,1173,76.98194662480377,12913603754979.92,645680187748.9966,935697221.1674409,935512339.8345401
Europe,Compustat only,2019,8,5055,1157,77.11177052423344,12540886878224.285,627044343911.2148,923244772.1992121,920163816.75834
Europe,Compustat only,2019,9,5049,1145,77.32224202812438,12963723211978.053,648186160598.9032,964507880.30403,963463503.8452123
Europe,Compustat only,2019,10,5063,1150,77.28619395615247,13374903237728.89,668745161886.4451,1003139705.2338737,1002508030.8159729
Europe,Compustat only,2019,11,5047,1155,77.11511789181692,13607996951587.764,680399847579.3888,1021932392.9544436,1020965445.0
Europe,Compustat only,2019,12,5068,1170,76.91397000789266,14185109918281.83,709255495914.0922,1068250994.9999999,1067506567.20515
Europe,Compustat only,2020,1,5040,1167,76.8452380952381,13814343834592.941,690717191729.6477,1017365902.1625,1013590153.83168
Europe,Compustat only,2020,2,5024,1163,76.85111464968153,12535857495660.021,626792874783.0016,943666093.2534751,938703826.1110309
Europe,Compustat only,2020,3,5002,1102,77.96881247501,10587564353836.82,529378217691.8415,820593310.3030914,820417504.4415
Europe,Compustat only,2020,4,4952,1126,77.26171243941842,11252344655249.223,562617232762.4617,856525823.9999999,854575408.157856
Europe,Compustat only,2020,5,4959,1124,77.33413994757008,11803671515038.512,590183575751.9261,898608690.3948,898476202.3776
Europe,Compustat only,2020,6,4997,1123,77.52651590954572,12313738841947.83,615686942097.3921,942458065.258496,938188089.3562039
Europe,Compustat only,2020,7,4970,1138,77.102615694165,12815771240614.67,640788562030.734,987561395.808186,986614589.25367
Europe,Compustat only,2020,8,4952,1149,76.79725363489499,13389445388298.355,669472269414.9183,1032258320.800182,1030324870.08
Europe,Compustat only,2020,9,4980,1154,76.8273092369478,12976207829295.383,648810391464.7698,995437679.0916239,994778188.9719999
Europe,Compustat only,2020,10,5005,1166,76.7032967032967,12347831223701.055,617391561185.0532,927333949.7346079,924753066.26638
Europe,Compustat only,2020,11,5035,1176,76.64349553128103,14595111652344.953,729755582617.2483,1085266157.28552,1085197437.34794
Europe,Compustat only,2020,12,5074,1209,76.17264485612928,15322528982875.164,766126449143.7589,1127361411.5693977,1124848000.0
Europe,Compustat only,2021,1,5056,1224,75.79113924050633,15141021226899.842,757051061344.9928,1070751515.4352049,1070562891.7056
Europe,Compustat only,2021,2,5081,1245,75.49694941940562,15548692971108.744,777434648555.4379,1079600603.841,1077171111.9314137
Europe,Compustat only,2021,3,5166,1247,75.86140147115756,16017119753134.912,800855987656.7463,1121348574.32794,1120030746.6422894
Europe,Compustat only,2021,4,5150,1254,75.6504854368932,16831450049153.373,841572502457.6694,1170863643.554396,1170614433.0540662
Europe,Compustat only,2021,5,5181,1259,75.69967187801582,17422513196322.664,871125659816.134,1225375057.13441,1223309302.1403801
Europe,Compustat only,2021,6,5230,1266,75.79349904397705,17103346323918.445,855167316195.923,1167995986.8839521,1159905361.4578032
Europe,Compustat only,2021,7,5277,1270,75.93329543301118,17557959521054.514,877897976052.7264,1206501724.7998,1205620241.143472
Europe,Compustat only,2021,8,5270,1270,75.90132827324479,17762549610216.586,888127480510.8301,1251169953.8141296,1250756553.816
Europe,Compustat only,2021,9,5285,1279,75.79943235572375,16886712647373.414,844335632368.6715,1142457846.376704,1142088714.4536
Europe,Compustat only,2021,10,5302,1268,76.08449641644663,17643152874690.57,882157643734.5293,1240798699.02336,1237605107.03616
Europe,Compustat only,2021,11,5361,1263,76.44096250699496,16849500459193.285,842475022959.665,1152544237.1740801,1152210364.49576
Europe,Compustat only,2021,12,5413,1258,76.7596526879734,17758916897813.223,887945844890.6619,1222129273.99856,1221775963.1615999
Europe,Compustat only,2022,1,5413,1252,76.87049695178274,16888793939688.877,844439696984.4446,1153817555.0738494,1152391966.738782
Europe,Compustat only,2022,2,5405,1237,77.11378353376503,16240682185569.877,812034109278.4946,1132767689.356296,1131701264.2357554
Europe,Compustat only,2022,3,5424,1243,77.08333333333333,16160246411545.736,808012320577.2875,1121081929.6557,1117552161.2620227
Europe,Compustat only,2022,4,5397,1231,77.19103205484528,15102551736825.244,755127586841.2628,1061892184.6993921,1061638317.282396
Europe,Compustat only,2022,5,5398,1223,77.3434605409411,15129491119330.275,756474555966.5144,1084566614.8589342,1084109759.569263
Europe,Compustat only,2022,6,5398,1215,77.49166357910337,13519489571601.574,675974478580.0793,943072709.5703125,943063454.6555198
Europe,Compustat only,2022,7,5358,1197,77.65957446808511,14201773315138.771,710088665756.9392,1038748580.6236,1036672093.24203
Europe,Compustat only,2022,8,5364,1196,77.70320656226697,13260467715888.494,663023385794.4253,942192102.3273001,940378960.0128
Europe,Compustat only,2022,9,5367,1162,78.34917085895286,11912082605490.1,595604130274.5055,854515206.537831,854003951.5392
Europe,Compustat only,2022,10,5331,1148,78.46557869067718,12769394350621.69,638469717531.0851,926438806.8,924955160.0327998
Europe,Compustat only,2022,11,5340,1126,78.91385767790263,14241443540103.264,712072177005.1638,1053276205.393404,1051435158.51924
Europe,Compustat only,2022,12,5360,1133,78.86194029850746,14248653893731.521,712432694686.5767,1031210154.0738001,1030793095.6398008
Europe,Compustat only,2023,1,5407,1127,79.15664878860736,15425213138601.38,771260656930.0697,1139126642.799488,1137441916.963602
Europe,Compustat only,2023,2,5379,1116,79.2526491912995,15262435077671.61,763121753883.5812,1130150094.7098975,1126263810.0384
Europe,Compustat only,2023,3,5417,1090,79.8781613439173,15567001810747.268,778350090537.364,1162272511.7191653,1161404539.5375557
Europe,Compustat only,2023,4,5375,1082,79.86976744186046,16003865996044.986,800193299802.25,1196108390.6426156,1194834107.5866
Europe,Compustat only,2023,5,5364,1085,79.77255779269203,14979323608389.361,748966180419.4688,1114273178.5881512,1114020912.4044032
Europe,Compustat only,2023,6,5373,1071,80.06700167504188,15630814779293.879,781540738964.6946,1177509189.948,1177176000.0
Europe,Compustat only,2023,7,5365,1070,80.05591798695247,16076121111588.78,803806055579.4397,1208562909.1692,1207872928.1767955
Europe,Compustat only,2023,8,5330,1062,80.0750469043152,15333516431289.033,766675821564.4524,1184069149.6664941,1183694299.27128
Europe,Compustat only,2023,9,5324,1051,80.25920360631105,14604467591591.945,730223379579.5979,1136687908.543923,1135786588.5620017
Europe,Compustat only,2023,10,5305,1040,80.39585296889727,14001888446578.521,700094422328.9266,1083967732.203296,1082168307.810304
Europe,Compustat only,2023,11,5319,1037,80.50385410791502,15390882653231.914,769544132661.5964,1234648582.3867679,1230422400.0
Europe,Compustat only,2023,12,5304,1052,80.1659125188537,16212152147503.59,810607607375.1802,1306316730.74375,1304624625.0
Europe,Compustat only,2024,1,5284,1037,80.37471612414838,16069359746092.957,803467987304.6486,1295553612.2044952,1294486761.6529274
Europe,Compustat only,2024,2,5254,1015,80.68138561096308,16242445130520.373,812122256526.0194,1351475752.913264,1343681897.4180107
Europe,Compustat only,2024,3,5233,1008,80.73762660042041,16803396646103.8,840169832305.1908,1395041216.7438958,1391878073.182716
Europe,Compustat only,2024,4,5236,1022,80.4812834224599,16312766188209.291,815638309410.4653,1308654412.6941159,1307216768.7477248
Europe,Compustat only,2024,5,5208,1039,80.04992319508449,16969362288823.373,848468114441.1694,1381932244.0,1374896344.4764223
Europe,Compustat only,2024,6,5204,1027,80.26518063028439,16430674789056.668,821533739452.8341,1347668588.5865438,1341560058.870146
Europe,Compustat only,2024,7,5202,1031,80.18069973087275,16733211176557.285,836660558827.865,1383999535.882114,1382676971.616
Europe,Compustat only,2024,8,5165,1014,80.36786060019361,17297038693504.412,864851934675.2213,1449341020.3285103,1445033893.334724
Europe,Compustat only,2024,9,5141,1008,80.39291966543475,17435116385558.402,871755819277.9209,1480056000.0,1478763272.2113473
Europe,Compustat only,2024,10,5147,1005,80.47406256071498,16370250109042.066,818512505452.104,1364361599.7522562,1363173597.3046749
Europe,Compustat only,2024,11,5122,988,80.71065989847716,16103973283115.79,805198664155.7902,1394912865.1099522,1389140784.4026299
Europe,Compustat only,2024,12,5120,999,80.48828125,15721757849946.58,786087892497.3297,1337512881.6,1337292669.721415
Europe,Compustat n LC (gvkey),2016,1,1569,523,66.66666666666667,7136932139658.426,356846606982.92163,1440960497.5937598,1438798594.6389601
Europe,Compustat n LC (gvkey),2016,2,1571,528,66.39083386378103,7034881484621.731,351744074231.0869,1424213738.3583846,1421983078.7284713
Europe,Compustat n LC (gvkey),2016,3,1577,536,66.01141407736208,7457950358626.655,372897517931.33307,1511969804.3472402,1486589322.308043
Europe,Compustat n LC (gvkey),2016,4,1579,540,65.80113996200127,7563967648820.797,378198382441.04016,1517026896.3208215,1501484800.1087546
Europe,Compustat n LC (gvkey),2016,5,1591,546,65.68196103079823,7498939646417.138,374946982320.85724,1474201875.78114,1473080140.5387316
Europe,Compustat n LC (gvkey),2016,6,1598,536,66.45807259073842,7075166924884.305,353758346244.2156,1356877989.3312,1341263776.1227381
Europe,Compustat n LC (gvkey),2016,7,1601,543,66.08369768894441,7451167892358.711,372558394617.93585,1390111057.134592,1387978325.68318
Europe,Compustat n LC (gvkey),2016,8,1606,548,65.87795765877958,7493474981897.63,374673749094.88184,1396174699.8085747,1388224946.3068943
Europe,Compustat n LC (gvkey),2016,9,1610,551,65.77639751552795,7594687366369.737,379734368318.4872,1412770742.1150398,1411540315.62442
Europe,Compustat n LC (gvkey),2016,10,1612,548,66.00496277915633,7360121358019.368,368006067900.96875,1349636729.858802,1348143583.6033585
Europe,Compustat n LC (gvkey),2016,11,1616,554,65.71782178217822,7104936662465.284,355246833123.2645,1291150680.0,1288349236.921968
Europe,Compustat n LC (gvkey),2016,12,1626,555,65.86715867158672,7477967225751.921,373898361287.5964,1363339841.664,1360873729.0356
Europe,Compustat n LC (gvkey),2017,1,1629,562,65.50030693677103,7631786519403.837,381589325970.1922,1397541492.16695,1391299322.28
Europe,Compustat n LC (gvkey),2017,2,1630,563,65.4601226993865,7728764537383.685,386438226869.1846,1407166907.9,1404003613.556672
Europe,Compustat n LC (gvkey),2017,3,1635,565,65.4434250764526,8042935410682.789,402146770534.13983,1439143156.7793722,1434562786.629882
Europe,Compustat n LC (gvkey),2017,4,1644,572,65.20681265206812,8360266407357.063,418013320367.8535,1540626684.0562124,1529870327.0418959
Europe,Compustat n LC (gvkey),2017,5,1653,579,64.97277676950998,8691413026433.329,434570651321.6669,1565677546.47207,1564211646.9673226
Europe,Compustat n LC (gvkey),2017,6,1664,586,64.78365384615384,8584734390208.931,429236719510.4469,1540542055.0,1539343900.0
Europe,Compustat n LC (gvkey),2017,7,1596,585,63.34586466165413,8881873561177.7,444093678058.8854,1598007900.01248,1586853506.862
Europe,Compustat n LC (gvkey),2017,8,1624,587,63.854679802955665,8857405511425.453,442870275571.2731,1584932909.8581011,1580564189.78172
Europe,Compustat n LC (gvkey),2017,9,1635,589,63.97553516819572,9216742155302.256,460837107765.1132,1622888739.6787803,1614765253.14104
Europe,Compustat n LC (gvkey),2017,10,1694,593,64.99409681227863,9319867494761.008,465993374738.0508,1630169709.54678,1624895475.8400002
Europe,Compustat n LC (gvkey),2017,11,1696,591,65.15330188679245,9257903471269.746,462895173563.48773,1637962285.9244728,1637047128.78
Europe,Compustat n LC (gvkey),2017,12,1700,594,65.05882352941177,9451818324029.477,472590916201.47424,1660974898.6565852,1659516880.0
Europe,Compustat n LC (gvkey),2018,1,1701,594,65.07936507936508,9957611084069.008,497880554203.4508,1708494226.7492437,1703050422.9694798
Europe,Compustat n LC (gvkey),2018,2,1695,597,64.77876106194691,9379749458402.668,468987472920.1338,1621547566.5977874,1619395238.4037502
Europe,Compustat n LC (gvkey),2018,3,1700,595,65.0,9277993512455.605,463899675622.7807,1620864700.6063216,1613515192.6566422
Europe,Compustat n LC (gvkey),2018,4,1708,594,65.22248243559719,9508060145444.592,475403007272.23004,1649977673.000524,1647344986.49
Europe,Compustat n LC (gvkey),2018,5,1714,596,65.22753792298717,9221406576561.113,461070328828.0561,1607744476.84452,1604429093.8642826
Europe,Compustat n LC (gvkey),2018,6,1726,595,65.52723059096176,9140676082968.742,457033804148.4375,1586548124.40936,1583482128.9079502
Europe,Compustat n LC (gvkey),2018,7,1720,589,65.75581395348837,9392734816163.176,469636740808.1592,1622707954.2886052,1621984727.4773612
Europe,Compustat n LC (gvkey),2018,8,1720,592,65.5813953488372,9098834040887.574,454941702044.3791,1548175307.0269198,1545124842.9449298
Europe,Compustat n LC (gvkey),2018,9,1733,588,66.07039815349106,9177237596831.75,458861879841.5879,1571914677.7822864,1569014834.061558
Europe,Compustat n LC (gvkey),2018,10,1727,582,66.29994209612045,8373773380313.889,418688669015.6948,1465205638.085392,1464298816.032888
Europe,Compustat n LC (gvkey),2018,11,1722,579,66.37630662020906,8198098611879.551,409904930593.9779,1429998998.6983078,1428509680.0000002
Europe,Compustat n LC (gvkey),2018,12,1727,574,66.76317313259989,7792594518469.365,389629725923.4686,1348918750.4050791,1348503474.4128
Europe,Compustat n LC (gvkey),2019,1,1725,579,66.43478260869566,8292072036543.984,414603601827.1996,1429639806.672,1422716414.948015
Europe,Compustat n LC (gvkey),2019,2,1724,574,66.70533642691416,8513698822934.481,425684941146.7244,1480272964.2336147,1470775882.3675199
Europe,Compustat n LC (gvkey),2019,3,1729,567,67.20647773279352,8569532552280.537,428476627614.0272,1508898016.9074001,1482179548.715712
Europe,Compustat n LC (gvkey),2019,4,1734,577,66.72433679354094,8865869396510.072,443293469825.504,1574444117.6470587,1570940387.727402
Europe,Compustat n LC (gvkey),2019,5,1736,579,66.64746543778801,8294324239664.688,414716211983.2348,1414366366.4558399,1410674357.977248
Europe,Compustat n LC (gvkey),2019,6,1735,568,67.26224783861672,8850289800075.875,442514490003.7941,1559172633.415826,1550272596.8436155
Europe,Compustat n LC (gvkey),2019,7,1740,566,67.47126436781609,8644844444104.141,432242222205.2074,1554789360.03144,1553476578.2549999
Europe,Compustat n LC (gvkey),2019,8,1740,560,67.816091954023,8363852735133.724,418192636756.6865,1447278785.0687013,1445029217.71659
Europe,Compustat n LC (gvkey),2019,9,1748,557,68.13501144164759,8659525916088.554,432976295804.4281,1565453661.8799129,1557008525.49375
Europe,Compustat n LC (gvkey),2019,10,1754,561,68.01596351197263,8970157909286.865,448507895464.3437,1631365841.1879504,1619971872.0504603
Europe,Compustat n LC (gvkey),2019,11,1753,567,67.65544780376497,9138868679470.04,456943433973.5024,1642896002.315325,1636662100.0227122
Europe,Compustat n LC (gvkey),2019,12,1756,573,67.36902050113895,9502045374532.69,475102268726.6349,1698886827.18976,1687305830.0
Europe,Compustat n LC (gvkey),2020,1,1755,572,67.4074074074074,9178149930343.422,458907496517.1715,1639042579.5749092,1638154484.1886988
Europe,Compustat n LC (gvkey),2020,2,1759,569,67.65207504263786,8269869040487.976,413493452024.3992,1457280468.0000002,1457120322.5926502
Europe,Compustat n LC (gvkey),2020,3,1761,538,69.44917660420215,7040252927869.581,352012646393.4794,1252988163.0435,1252681713.4096525
Europe,Compustat n LC (gvkey),2020,4,1762,556,68.44494892167991,7517645665889.743,375882283294.4875,1314428796.936886,1312029550.698944
Europe,Compustat n LC (gvkey),2020,5,1767,556,68.53423882286361,7940009706186.343,397000485309.3175,1386150966.9369931,1384376488.44132
Europe,Compustat n LC (gvkey),2020,6,1764,554,68.59410430839003,8280117862004.799,414005893100.2403,1426198972.395104,1421480500.0
Europe,Compustat n LC (gvkey),2020,7,1762,559,68.27468785471055,8597133029379.5,429856651468.9754,1475094872.8941393,1472134549.9999998
Europe,Compustat n LC (gvkey),2020,8,1767,567,67.91171477079796,9007573982256.895,450378699112.84515,1571580350.0,1566777629.8268974
Europe,Compustat n LC (gvkey),2020,9,1776,571,67.84909909909909,8761001570588.033,438050078529.40204,1502765508.4999998,1484387884.1965632
Europe,Compustat n LC (gvkey),2020,10,1786,576,67.7491601343785,8287556524590.754,414377826229.5381,1400237644.496479,1399084602.7888129
Europe,Compustat n LC (gvkey),2020,11,1791,583,67.44835287548855,9867763703712.85,493388185185.64294,1665996800.6323512,1661926064.878003
Europe,Compustat n LC (gvkey),2020,12,1798,600,66.62958843159066,10314133851261.008,515706692563.05084,1688470055.6689153,1684163245.9980001
Europe,Compustat n LC (gvkey),2021,1,1801,604,66.46307606885064,10219070818640.191,510953540932.01,1664997192.5884335,1649867765.454611
Europe,Compustat n LC (gvkey),2021,2,1813,616,66.02316602316603,10541939107202.93,527096955360.147,1711631183.498496,1694392776.7873883
Europe,Compustat n LC (gvkey),2021,3,1827,618,66.17405582922824,10823095258435.979,541154762921.7994,1691872692.8241796,1680254200.7999997
Europe,Compustat n LC (gvkey),2021,4,1835,629,65.72207084468666,11372420888188.158,568621044409.4084,1799239423.547093,1798167408.0000002
Europe,Compustat n LC (gvkey),2021,5,1837,628,65.8138268916712,11766570643972.4,588328532198.6205,1836821088.521328,1834206560.6066082
Europe,Compustat n LC (gvkey),2021,6,1855,627,66.19946091644205,11587592320586.389,579379616029.32,1798409126.1128616,1793962138.9426563
Europe,Compustat n LC (gvkey),2021,7,1863,627,66.34460547504025,11830529686977.357,591526484348.8684,1831208399.9999998,1825246741.6016397
Europe,Compustat n LC (gvkey),2021,8,1862,632,66.05800214822771,11922975126616.324,596148756330.8168,1830134829.6,1823807999.9999998
Europe,Compustat n LC (gvkey),2021,9,1868,631,66.22055674518201,11356662663619.951,567833133180.998,1770230843.4708,1763185422.195912
Europe,Compustat n LC (gvkey),2021,10,1871,629,66.38161411010155,11761180531567.148,588059026578.3579,1818339303.10449,1814684320.2811656
Europe,Compustat n LC (gvkey),2021,11,1880,622,66.91489361702128,11239695214987.424,561984760749.3717,1770265567.9368002,1759772221.7499218
Europe,Compustat n LC (gvkey),2021,12,1890,623,67.03703703703704,11866456931218.643,593322846560.9326,1887163319.9999998,1870237602.75375
Europe,Compustat n LC (gvkey),2022,1,1890,616,67.4074074074074,11299570547079.117,564978527353.9564,1732868365.77824,1729194110.2075198
Europe,Compustat n LC (gvkey),2022,2,1889,614,67.49602964531498,10838549499130.65,541927474956.533,1668634261.380702,1668310218.24
Europe,Compustat n LC (gvkey),2022,3,1891,616,67.4246430460074,10779697912041.463,538984895602.0736,1599952637.4575999,1599610600.0
Europe,Compustat n LC (gvkey),2022,4,1889,608,67.81365802011646,10098967149055.871,504948357452.794,1573680565.0896327,1561278053.01865
Europe,Compustat n LC (gvkey),2022,5,1887,606,67.88553259141494,10152215163884.56,507610758194.22845,1543626129.659124,1542742052.9676478
Europe,Compustat n LC (gvkey),2022,6,1885,595,68.43501326259947,9074426833328.65,453721341666.4329,1374483160.1165,1369903560.785858
Europe,Compustat n LC (gvkey),2022,7,1879,594,68.38744012772752,9587487039897.186,479374351994.8597,1418127430.2009406,1411520609.5664399
Europe,Compustat n LC (gvkey),2022,8,1876,588,68.65671641791045,8920899106387.148,446044955319.3578,1343196393.0,1339975232.0439374
Europe,Compustat n LC (gvkey),2022,9,1875,567,69.76,8030551860992.875,401527593049.6441,1225063492.8079498,1221986419.4157302
Europe,Compustat n LC (gvkey),2022,10,1866,565,69.72132904608789,8623701507875.733,431185075393.78705,1344825595.9366643,1335777622.26795
Europe,Compustat n LC (gvkey),2022,11,1866,558,70.09646302250803,9636399788351.703,481819989417.5856,1558976287.4613142,1555771855.1157
Europe,Compustat n LC (gvkey),2022,12,1863,560,69.94095544820182,9560163345284.602,478008167264.2305,1497943225.4222174,1497506311.367469
Europe,Compustat n LC (gvkey),2023,1,1857,555,70.11308562197092,10358432051348.018,517921602567.40137,1625557564.3059165,1624793089.500048
Europe,Compustat n LC (gvkey),2023,2,1853,554,70.102536427415,10269637364504.025,513481868225.2017,1619798342.3053918,1619474607.130464
Europe,Compustat n LC (gvkey),2023,3,1855,541,70.8355795148248,10526336374988.291,526316818749.41504,1742960897.54496,1732575264.5267432
Europe,Compustat n LC (gvkey),2023,4,1851,541,70.77255537547272,10856375827269.61,542818791363.48096,1824952584.3648002,1824295580.812024
Europe,Compustat n LC (gvkey),2023,5,1848,544,70.56277056277057,10075902395919.543,503795119795.9776,1646110483.7450998,1643524889.4906342
Europe,Compustat n LC (gvkey),2023,6,1849,534,71.11952406706328,10596368943761.777,529818447188.08936,1806434213.931506,1802101086.24
Europe,Compustat n LC (gvkey),2023,7,1843,535,70.97124253933804,10883090989873.666,544154549493.6838,1862995902.3941069,1862539087.4750001
Europe,Compustat n LC (gvkey),2023,8,1832,531,71.01528384279476,10353648007048.4,517682400352.4205,1772099612.5197449,1771784561.76
Europe,Compustat n LC (gvkey),2023,9,1831,525,71.32714363735664,9852499229666.312,492624961483.31604,1682563876.6026113,1682347737.1944792
Europe,Compustat n LC (gvkey),2023,10,1829,521,71.51448879168944,9393906347352.432,469695317367.622,1592066362.70336,1580423849.298112
Europe,Compustat n LC (gvkey),2023,11,1824,521,71.43640350877193,10328931596934.49,516446579846.725,1808900828.1899998,1806183231.9768
Europe,Compustat n LC (gvkey),2023,12,1815,531,70.74380165289256,10860171934065.848,543008596703.29285,1867654702.084428,1863950249.8521085
Europe,Compustat n LC (gvkey),2024,1,1809,525,70.97844112769486,10742868478785.61,537143423939.28094,1834201183.8072,1833629803.3284771
Europe,Compustat n LC (gvkey),2024,2,1802,515,71.42064372918979,10917081446173.346,545854072308.6678,1863080664.4356673,1842444332.9054785
Europe,Compustat n LC (gvkey),2024,3,1800,514,71.44444444444444,11274942545428.97,563747127271.4491,1893134474.0,1891017624.7641623
Europe,Compustat n LC (gvkey),2024,4,1799,518,71.20622568093385,10933353486020.588,546667674301.0299,1825275896.3753603,1815745800.0
Europe,Compustat n LC (gvkey),2024,5,1790,531,70.33519553072625,11318694009116.04,565934700455.8025,1844585168.4750843,1844355751.095
Europe,Compustat n LC (gvkey),2024,6,1790,523,70.78212290502793,10901037838958.49,545051891947.925,1810497562.27758,1810164331.6728933
Europe,Compustat n LC (gvkey),2024,7,1791,527,70.5750977107761,11126114305566.084,556305715278.3047,1867121318.0508,1866393881.0
Europe,Compustat n LC (gvkey),2024,8,1779,517,70.93872962338392,11530800366003.867,576540018300.1938,1998209582.5494206,1979810017.7632003
Europe,Compustat n LC (gvkey),2024,9,1774,512,71.13866967305525,11645151367963.576,582257568398.1793,2010317199.6013563,2006000729.8118682
Europe,Compustat n LC (gvkey),2024,10,1773,508,71.34799774393683,10960490443362.07,548024522168.104,1927339531.7072284,1926776853.4322352
Europe,Compustat n LC (gvkey),2024,11,1767,502,71.59026598754951,10795658704517.77,539782935225.889,1927272727.2727273,1921426283.5700397
Europe,Compustat n LC (gvkey),2024,12,1764,505,71.3718820861678,10564850977733.717,528242548886.6863,1834679087.22807,1832833934.9409475
Europe,"Compustat x LC (gvkey,fiscal-year)",2017,7,646,344,46.749226006191954,7235083446397.217,361754172319.86115,2798365035.9437623,2777169987.249948
Europe,"Compustat x LC (gvkey,fiscal-year)",2017,8,645,344,46.666666666666664,7215603404195.05,360780170209.7528,2785413423.2799163,2777690498.6669364
Europe,"Compustat x LC (gvkey,fiscal-year)",2017,9,647,344,46.831530139103556,7525120470396.178,376256023519.8092,2902179587.3650155,2893971979.12425
Europe,"Compustat x LC (gvkey,fiscal-year)",2017,10,647,344,46.831530139103556,7619407431618.6,380970371580.9303,3019907554.0408325,3004046784.25851
Europe,"Compustat x LC (gvkey,fiscal-year)",2017,11,647,343,46.986089644513136,7587871434875.477,379393571743.7742,3001548678.51195,2984268454.6025515
Europe,"Compustat x LC (gvkey,fiscal-year)",2017,12,647,345,46.67697063369397,7746473093382.8,387323654669.1403,3082042326.9870043,3068225344.8759365
Europe,"Compustat x LC (gvkey,fiscal-year)",2018,1,647,343,46.986089644513136,8132658635706.477,406632931785.3242,3213880800.0,3207527280.090432
Europe,"Compustat x LC (gvkey,fiscal-year)",2018,2,644,344,46.58385093167702,7636919490471.335,381845974523.5671,3058716469.3327208,3033212400.0
Europe,"Compustat x LC (gvkey,fiscal-year)",2018,3,645,343,46.82170542635659,7527817043588.26,376390852179.4133,3089006400.0,3047375393.271864
Europe,"Compustat x LC (gvkey,fiscal-year)",2018,4,645,341,47.13178294573643,7735847455004.006,386792372750.2006,3101338790.6944675,3094810710.5740004
Europe,"Compustat x LC (gvkey,fiscal-year)",2018,5,645,341,47.13178294573643,7500132940635.05,375006647031.7528,3000871464.8199797,2975591318.217651
Europe,"Compustat x LC (gvkey,fiscal-year)",2018,6,646,338,47.6780185758514,7406215342227.483,370310767111.3745,2934105729.661464,2908394868.116768
Europe,"Compustat x LC (gvkey,fiscal-year)",2018,7,766,387,49.47780678851175,7895021248802.135,394751062440.1071,2741533157.475,2727280959.803184
Europe,"Compustat x LC (gvkey,fiscal-year)",2018,8,766,387,49.47780678851175,7623547134046.703,381177356702.3355,2621623680.0,2618237250.02528
Europe,"Compustat x LC (gvkey,fiscal-year)",2018,9,766,384,49.869451697127936,7679004109367.877,383950205468.39417,2692457416.445145,2654871569.9999995
Europe,"Compustat x LC (gvkey,fiscal-year)",2018,10,767,381,50.32594524119948,7032799435241.846,351639971762.0926,2416832300.0,2411429769.0
Europe,"Compustat x LC (gvkey,fiscal-year)",2018,11,765,377,50.71895424836601,6869609115198.598,343480455759.9302,2387884824.0000005,2297889053.8500004
Europe,"Compustat x LC (gvkey,fiscal-year)",2018,12,764,374,51.047120418848166,6540785663488.404,327039283174.42053,2281946278.511893,2266507573.2685976
Europe,"Compustat x LC (gvkey,fiscal-year)",2019,1,764,378,50.52356020942408,6954796841930.201,347739842096.5104,2388534835.40586,2375583275.418
Europe,"Compustat x LC (gvkey,fiscal-year)",2019,2,762,377,50.5249343832021,7117794635082.766,355889731754.1386,2506208819.3999996,2503469522.5756497
Europe,"Compustat x LC (gvkey,fiscal-year)",2019,3,761,371,51.24835742444152,7160224402131.015,358011220106.551,2497984828.221456,2475801901.58
Europe,"Compustat x LC (gvkey,fiscal-year)",2019,4,763,376,50.72083879423329,7399167132151.163,369958356607.5585,2589223255.63198,2568228533.705421
Europe,"Compustat x LC (gvkey,fiscal-year)",2019,5,763,374,50.9829619921363,6886932030761.543,344346601538.07745,2412261762.5815797,2410692525.0
Europe,"Compustat x LC (gvkey,fiscal-year)",2019,6,761,369,51.51116951379763,7332966507681.408,366648325384.07074,2585548819.01316,2562827869.933848
Europe,"Compustat x LC (gvkey,fiscal-year)",2019,7,832,391,53.00480769230769,7323654089084.199,366182704454.21027,2292596091.588516,2285484958.2203097
Europe,"Compustat x LC (gvkey,fiscal-year)",2019,8,832,389,53.24519230769231,7089890515722.439,354494525786.1223,2203927315.52103,2185347032.880704
Europe,"Compustat x LC (gvkey,fiscal-year)",2019,9,833,390,53.1812725090036,7235314897993.934,361765744899.697,2253103860.0,2235798715.5
Europe,"Compustat x LC (gvkey,fiscal-year)",2019,10,836,393,52.99043062200957,7486988418145.912,374349420907.29596,2324528616.5972643,2324037362.5222797
Europe,"Compustat x LC (gvkey,fiscal-year)",2019,11,832,395,52.52403846153846,7601352948290.041,380067647414.5024,2397783337.1089835,2382007983.0783463
Europe,"Compustat x LC (gvkey,fiscal-year)",2019,12,832,399,52.04326923076923,7904986982466.638,395249349123.3322,2465877977.9999995,2458881405.0
Europe,"Compustat x LC (gvkey,fiscal-year)",2020,1,830,394,52.53012048192771,7617197209279.176,380859860463.9591,2456675503.534266,2444419098.5580664
Europe,"Compustat x LC (gvkey,fiscal-year)",2020,2,830,392,52.7710843373494,6873143888979.793,343657194448.9899,2215554506.882177,2195893108.5
Europe,"Compustat x LC (gvkey,fiscal-year)",2020,3,830,369,55.54216867469879,5877817323413.045,293890866170.6525,1860597728.7746315,1851385258.7290652
Europe,"Compustat x LC (gvkey,fiscal-year)",2020,4,830,379,54.33734939759036,6248413921793.459,312420696089.6732,2066368835.237168,2048816126.633861
Europe,"Compustat x LC (gvkey,fiscal-year)",2020,5,829,377,54.523522316043426,6537994829960.805,326899741498.0405,2174044744.28064,2160606456.582633
Europe,"Compustat x LC (gvkey,fiscal-year)",2020,6,828,375,54.710144927536234,6791063400021.214,339553170001.061,2182811595.792038,2181100684.1527257
Europe,"Compustat x LC (gvkey,fiscal-year)",2020,7,905,396,56.24309392265194,7081967894753.917,354098394737.69617,2048748000.0,2044808100.0
Europe,"Compustat x LC (gvkey,fiscal-year)",2020,8,905,400,55.80110497237569,7423925944503.131,371196297225.15686,2148514400.0,2142549011.3083203
Europe,"Compustat x LC (gvkey,fiscal-year)",2020,9,905,398,56.02209944751381,7195153822880.328,359757691144.0167,2061269405.1505098,2056411519.929949
Europe,"Compustat x LC (gvkey,fiscal-year)",2020,10,905,400,55.80110497237569,6786981953842.906,339349097692.1456,2010046810.7537224,1987587679.12416
Europe,"Compustat x LC (gvkey,fiscal-year)",2020,11,904,405,55.19911504424779,8097490756793.845,404874537839.69257,2366252199.30528,2349615393.561899
Europe,"Compustat x LC (gvkey,fiscal-year)",2020,12,902,411,54.43458980044346,8427378133132.803,421368906656.6405,2436952366.231891,2434026088.9084077
Europe,"Compustat x LC (gvkey,fiscal-year)",2021,1,901,412,54.27302996670366,8328054865273.954,416402743263.69806,2443348583.490289,2402648688.85002
Europe,"Compustat x LC (gvkey,fiscal-year)",2021,2,900,417,53.666666666666664,8573363241852.431,428668162092.6219,2470653173.2929,2462708744.249564
Europe,"Compustat x LC (gvkey,fiscal-year)",2021,3,900,415,53.888888888888886,8853599884938.36,442679994246.91833,2558185670.583015,2531322873.015184
Europe,"Compustat x LC (gvkey,fiscal-year)",2021,4,899,418,53.50389321468298,9303471685373.598,465173584268.6803,2597719959.2441373,2589719213.5654836
Europe,"Compustat x LC (gvkey,fiscal-year)",2021,5,897,417,53.51170568561873,9639363220745.375,481968161037.26917,2753753948.4,2717375507.000154
Europe,"Compustat x LC (gvkey,fiscal-year)",2021,6,895,412,53.96648044692738,9479479871852.105,473973993592.6057,2689957745.9193444,2678515557.952
Europe,"Compustat x LC (gvkey,fiscal-year)",2021,7,1076,462,57.0631970260223,10847216950997.84,542360847549.89246,2729469754.9770293,2724066662.152035
Europe,"Compustat x LC (gvkey,fiscal-year)",2021,8,1075,465,56.74418604651163,10952389855787.645,547619492789.3827,2703339438.005276,2690633403.4868226
Europe,"Compustat x LC (gvkey,fiscal-year)",2021,9,1072,461,56.99626865671642,10391176623937.326,519558831196.86676,2538814416.834696,2532101574.879162
Europe,"Compustat x LC (gvkey,fiscal-year)",2021,10,1069,457,57.24976613657624,10757233492034.906,537861674601.7458,2696718208.6908803,2689413577.6992
Europe,"Compustat x LC (gvkey,fiscal-year)",2021,11,1070,451,57.850467289719624,10274358425143.25,513717921257.16296,2569372680.0,2503493106.040728
Europe,"Compustat x LC (gvkey,fiscal-year)",2021,12,1072,451,57.92910447761194,10855843592608.1,542792179630.40546,2689901982.1225557,2677953672.6521716
Europe,"Compustat x LC (gvkey,fiscal-year)",2022,1,1070,446,58.3177570093458,10387718268596.578,519385913429.82935,2514747325.0474358,2510024026.34358
Europe,"Compustat x LC (gvkey,fiscal-year)",2022,2,1070,446,58.3177570093458,9976714307037.406,498835715351.8707,2469280000.0,2469063467.2362576
Europe,"Compustat x LC (gvkey,fiscal-year)",2022,3,1068,444,58.42696629213483,9905307625101.7,495265381255.0854,2385288309.990912,2379277912.156604
Europe,"Compustat x LC (gvkey,fiscal-year)",2022,4,1068,441,58.70786516853933,9290908196177.094,464545409808.8551,2279469748.7357364,2273932694.4737406
Europe,"Compustat x LC (gvkey,fiscal-year)",2022,5,1064,439,58.7406015037594,9343227399861.234,467161369993.06213,2262901233.6,2259279429.635642
Europe,"Compustat x LC (gvkey,fiscal-year)",2022,6,1061,429,59.566446748350614,8353740560151.872,417687028007.594,2038104920.0,2017580319.294039
Europe,"Compustat x LC (gvkey,fiscal-year)",2022,7,1259,474,62.35107227958697,8839641476637.943,441982073831.8976,1940019216.24594,1938458300.1642118
Europe,"Compustat x LC (gvkey,fiscal-year)",2022,8,1257,468,62.76849642004773,8227785712051.573,411389285602.57904,1822669002.482976,1820850925.2040799
Europe,"Compustat x LC (gvkey,fiscal-year)",2022,9,1255,454,63.82470119521912,7409592777469.3125,370479638873.46594,1683120565.9773867,1682816032.9615202
Europe,"Compustat x LC (gvkey,fiscal-year)",2022,10,1251,455,63.6290967226219,7947972583973.174,397398629198.65906,1831919537.8224,1831494038.4831998
Europe,"Compustat x LC (gvkey,fiscal-year)",2022,11,1251,452,63.86890487609912,8893924061274.662,444696203063.7335,2129453932.1104786,2126045592.8999999
Europe,"Compustat x LC (gvkey,fiscal-year)",2022,12,1246,453,63.64365971107544,8830562538692.305,441528126934.6156,2087421958.1667004,2085436734.1220162
Europe,"Compustat x LC (gvkey,fiscal-year)",2023,1,1240,449,63.79032258064516,9582284089955.479,479114204497.77435,2259780781.0200477,2247550369.291396
Europe,"Compustat x LC (gvkey,fiscal-year)",2023,2,1236,448,63.75404530744336,9506987178700.725,475349358935.0367,2276673360.1070952,2261361285.019935
Europe,"Compustat x LC (gvkey,fiscal-year)",2023,3,1236,440,64.40129449838187,9743773370595.473,487188668529.77405,2325445885.2685103,2325128490.269995
Europe,"Compustat x LC (gvkey,fiscal-year)",2023,4,1233,438,64.47688564476886,10068640141488.127,503432007074.4068,2396087583.8390403,2377879633.92
Europe,"Compustat x LC (gvkey,fiscal-year)",2023,5,1231,441,64.17546709991876,9299286868593.752,464964343429.688,2235097452.73518,2225260248.602198
Europe,"Compustat x LC (gvkey,fiscal-year)",2023,6,1233,433,64.882400648824,9800714649190.39,490035732459.51996,2330654352.3327475,2330275988.1871357
Europe,"Compustat x LC (gvkey,fiscal-year)",2023,7,1501,471,68.62091938707529,10300096053022.084,515004802651.1047,2134520137.0772173,2117462935.05968
Europe,"Compustat x LC (gvkey,fiscal-year)",2023,8,1493,467,68.72069658405894,9826273657765.45,491313682888.2729,2006624070.0,1998792424.7144437
Europe,"Compustat x LC (gvkey,fiscal-year)",2023,9,1490,461,69.06040268456375,9351426858190.53,467571342909.52686,1948221412.885757,1947456000.0
Europe,"Compustat x LC (gvkey,fiscal-year)",2023,10,1487,458,69.19973100201749,8913030734646.578,445651536732.3293,1870125514.763824,1869980902.1715074
Europe,"Compustat x LC (gvkey,fiscal-year)",2023,11,1484,459,69.07008086253369,9794874134913.275,489743706745.6642,2094170839.7875202,2091253180.8000238
Europe,"Compustat x LC (gvkey,fiscal-year)",2023,12,1477,467,68.38185511171294,10279702118990.91,513985105949.54596,2177281502.538216,2162940182.774403
Europe,"Compustat x LC (gvkey,fiscal-year)",2024,1,1473,462,68.63543788187373,10168093626209.701,508404681310.48553,2079531455.2114036,2071968620.3624065
Europe,"Compustat x LC (gvkey,fiscal-year)",2024,2,1466,452,69.16780354706685,10330677515981.355,516533875799.06824,2194850210.4481306,2186473869.80367
Europe,"Compustat x LC (gvkey,fiscal-year)",2024,3,1463,451,69.17293233082707,10667703134950.543,533385156747.52765,2246112624.286125,2242464866.5749755
Europe,"Compustat x LC (gvkey,fiscal-year)",2024,4,1465,454,69.01023890784982,10359424874321.154,517971243716.05817,2148338124.7574964,2135347485.1000803
Europe,"Compustat x LC (gvkey,fiscal-year)",2024,5,1455,463,68.1786941580756,10718191446956.26,535909572347.8135,2187269436.0,2182399168.98432
Europe,"Compustat x LC (gvkey,fiscal-year)",2024,6,1455,457,68.59106529209622,10336391494837.512,516819574741.87604,2086750566.112,2084613643.62615
Europe,"Compustat x LC (gvkey,fiscal-year)",2024,7,1085,395,63.59447004608295,8075338182505.484,403766909125.2746,2192667483.8700643,2121521159.52615
Europe,"Compustat x LC (gvkey,fiscal-year)",2024,8,1081,390,63.922294172062905,8335643946118.789,416782197305.9398,2200510257.3250165,2200304259.1446
Europe,"Compustat x LC (gvkey,fiscal-year)",2024,9,1080,388,64.07407407407408,8428099231744.539,421404961587.22736,2262267258.377055,2258622451.53
Europe,"Compustat x LC (gvkey,fiscal-year)",2024,10,1077,383,64.43825441039925,7947935027934.091,397396751396.7049,2160055059.2543683,2137522526.2033498
Europe,"Compustat x LC (gvkey,fiscal-year)",2024,11,1075,380,64.65116279069767,7881828527732.825,394091426386.6416,2070903449.9999998,2059155900.17768
Europe,"Compustat x LC (gvkey,fiscal-year)",2024,12,1073,381,64.49207828518173,7671431394832.071,383571569741.6039,1964492691.2105439,1945698699.6
Japan,Compustat only,2016,1,3454,1102,68.09496236247828,568256994603312.0,28412849730165.625,43439616696.0,43360408350.0
Japan,Compustat only,2016,2,3454,1115,67.71858714533873,518220880467285.6,25911044023364.305,39458252400.0,39370464000.0
Japan,Compustat only,2016,3,3476,1145,67.05983889528193,539401401834223.75,26970070091711.21,39880413000.0,39702330400.0
Japan,Compustat only,2016,4,3476,1142,67.14614499424626,535918484016992.1,26795924200849.63,39555124510.0,39450000000.0
Japan,Compustat only,2016,5,3473,1140,67.1753527209905,550519185309931.4,27525959265496.594,41065124100.0,41000858505.0
Japan,Compustat only,2016,6,3488,1157,66.82912844036697,500298030057699.3,25014901502884.99,36290380500.0,36259633776.0
Japan,Compustat only,2016,7,3491,1144,67.23002005156116,528770964445478.75,26438548222273.96,39061458000.0,38989152000.0
Japan,Compustat only,2016,8,3488,1136,67.43119266055047,527089717596690.6,26354485879834.555,37900737000.0,37871504216.0
Japan,Compustat only,2016,9,3494,1161,66.77160847166572,526466301477412.5,26323315073870.65,37716732000.0,37625985102.0
Japan,Compustat only,2016,10,3499,1166,66.67619319805658,552640924740935.8,27632046237046.816,39538627600.0,39476057084.0
Japan,Compustat only,2016,11,3503,1162,66.82843277190979,579192081265073.9,28959604063253.72,41255016000.0,41188362336.0
Japan,Compustat only,2016,12,3516,1164,66.89419795221843,599375152980347.1,29968757649017.383,43134522000.0,43058827844.0
Japan,Compustat only,2017,1,3515,1188,66.20199146514936,600495942746646.2,30024797137332.34,41880000000.0,41870884041.0
Japan,Compustat only,2017,2,3517,1208,65.65254478248507,606932679056184.8,30346633952809.266,42435334350.0,42368844000.0
Japan,Compustat only,2017,3,3537,1223,65.42267458297992,600061478181752.2,30003073909087.64,41862702000.0,41767398400.0
Japan,Compustat only,2017,4,3539,1206,65.9225769991523,605958181737155.8,30297909086857.812,42768769670.0,42767973710.0
Japan,Compustat only,2017,5,3535,1221,65.45968882602546,620687141981019.1,31034357099050.984,43317559550.0,43282000000.0
Japan,Compustat only,2017,6,3538,1230,65.23459581684567,635922920667379.6,31796146033369.008,44474220000.0,44437966000.0
Japan,Compustat only,2017,7,3539,1244,64.84882735235942,638709654944587.9,31935482747229.42,44562769200.0,44543198376.0
Japan,Compustat only,2017,8,3537,1255,64.51795306757138,639095593663454.4,31954779683172.746,44519801265.0,44496060480.0
Japan,Compustat only,2017,9,3548,1261,64.45885005636978,660605489003844.2,33030274450192.242,45947912800.0,45937984860.0
Japan,Compustat only,2017,10,3553,1251,64.79031804109204,694111610024699.9,34705580501235.023,48521928000.0,48497404800.0
Japan,Compustat only,2017,11,3555,1247,64.9226441631505,706007457466519.0,35300372873325.984,49110853000.0,49109631654.0
Japan,Compustat only,2017,12,3578,1273,64.42146450531023,717820389498127.5,35891019474906.41,49341951459.0,49231589222.0
Japan,Compustat only,2018,1,3578,1289,63.97428731134712,727323913364080.9,36366195668204.08,49037402400.0,48933533000.0
Japan,Compustat only,2018,2,3578,1291,63.91839016210173,701520120996303.4,35076006049815.2,47127137200.0,47121135308.0
Japan,Compustat only,2018,3,3592,1297,63.89198218262806,682733942833888.5,34136697141694.457,45484748295.0,45444479210.0
Japan,Compustat only,2018,4,3593,1271,64.62566100751461,704484356704989.6,35224217835249.516,48274554562.0,48242963680.0
Japan,Compustat only,2018,5,3595,1277,64.47844228094576,693062816501909.5,34653140825095.504,46534032000.0,46483800000.0
Japan,Compustat only,2018,6,3602,1275,64.60299833425874,687902252968798.6,34395112648439.96,46409534000.0,46342086035.0
Japan,Compustat only,2018,7,3611,1268,64.88507338687344,695271313327768.5,34763565666388.457,47073265664.0,46914027000.0
Japan,Compustat only,2018,8,3616,1267,64.96128318584071,688649223143859.2,34432461157192.992,46725172500.0,46655629875.0
Japan,Compustat only,2018,9,3624,1258,65.28697571743929,717112299409175.8,35855614970458.82,48699000000.0,48674443500.0
Japan,Compustat only,2018,10,3627,1261,65.23297491039426,647962326287533.6,32398116314376.71,43826391728.0,43811743430.0
Japan,Compustat only,2018,11,3624,1256,65.34216335540839,656000785443252.0,32800039272162.63,44841472000.0,44791867608.0
Japan,Compustat only,2018,12,3641,1220,66.49272177973084,595305456187856.2,29765272809392.84,40760220000.0,40741500000.0
Japan,Compustat only,2019,1,3636,1211,66.69416941694169,626634635916834.0,31331731795841.727,42764252300.0,42522325625.0
Japan,Compustat only,2019,2,3640,1227,66.29120879120879,642655713794011.2,32132785689700.59,43986088080.0,43913389480.0
Japan,Compustat only,2019,3,3654,1232,66.28352490421456,636979612818933.2,31848980640946.69,43738338000.0,43690777920.0
Japan,Compustat only,2019,4,3650,1221,66.54794520547945,646911864499072.8,32345593224953.668,44799604200.0,44761993600.0
Japan,Compustat only,2019,5,3652,1228,66.37458926615552,607853155219325.0,30392657760966.277,41314561380.0,41266467060.0
Japan,Compustat only,2019,6,3667,1229,66.48486501227161,622288015572118.0,31114400778605.926,42382560000.0,42273914046.0
Japan,Compustat only,2019,7,3667,1239,66.21216253067902,629457554537766.2,31472877726888.34,41986556484.0,41985383000.0
Japan,Compustat only,2019,8,3662,1214,66.84871654833424,609055523288525.4,30452776164426.297,41595451425.0,41521536000.0
Japan,Compustat only,2019,9,3669,1211,66.99373126192422,637467837150315.8,31873391857515.816,43530464294.0,43440900525.0
Japan,Compustat only,2019,10,3677,1217,66.90236605928746,668564952488783.8,33428247624439.22,45659337784.0,45599040000.0
Japan,Compustat only,2019,11,3678,1225,66.69385535617184,682133751525286.2,34106687576264.344,45601706700.0,45592055878.0
Japan,Compustat only,2019,12,3699,1250,66.20708299540416,690766121888105.0,34538306094405.28,44923417500.0,44851315200.0
Japan,Compustat only,2020,1,3696,1238,66.50432900432901,676052342429257.2,33802617121462.89,44014855500.0,43906922235.0
Japan,Compustat only,2020,2,3698,1188,67.87452677122769,606627378186635.9,30331368909331.82,40880880320.0,40848908719.0
Japan,Compustat only,2020,3,3716,1180,68.2454251883746,562863749629880.9,28143187481494.07,38046795000.0,38041500360.0
Japan,Compustat only,2020,4,3713,1199,67.70805278750336,587935168939288.9,29396758446964.47,39864432000.0,39830159600.0
Japan,Compustat only,2020,5,3711,1216,67.23255187281056,628810089813199.8,31440504490660.016,42257032044.0,42162562709.0
Japan,Compustat only,2020,6,3710,1221,67.088948787062,627265791900631.4,31363289595031.598,41016214188.0,40979515020.0
Japan,Compustat only,2020,7,3712,1203,67.5915948275862,602749774585436.0,30137488729271.83,39768248200.0,39735040100.0
Japan,Compustat only,2020,8,3715,1210,67.4293405114401,650332924510768.4,32516646225538.45,43325263800.0,43293688059.0
Japan,Compustat only,2020,9,3719,1248,66.4425920946491,656303573147895.6,32815178657394.81,42269393760.0,42083309216.0
Japan,Compustat only,2020,10,3729,1233,66.934835076428,638813215140611.5,31940660757030.6,41199475788.0,41186050164.0
Japan,Compustat only,2020,11,3732,1186,68.2207931404073,705368762567022.8,35268438128351.17,46514604162.0,46375000000.0
Japan,Compustat only,2020,12,3749,1177,68.60496132301947,724467065584238.8,36223353279211.97,48048681600.0,47966601600.0
Japan,Compustat only,2021,1,3749,1190,68.25820218724994,715303615326054.5,35765180766302.76,47327643000.0,47144994002.0
Japan,Compustat only,2021,2,3754,1191,68.27384123601492,735915450177295.2,36795772508864.8,48683800000.0,48556812800.0
Japan,Compustat only,2021,3,3768,1196,68.25902335456476,769973739505446.9,38498686975272.375,50588640000.0,50530822100.0
Japan,Compustat only,2021,4,3769,1194,68.32050941894401,748314527929062.0,37415726396453.13,48888682700.0,48843205000.0
Japan,Compustat only,2021,5,3769,1187,68.50623507561687,752976341201048.8,37648817060052.47,49387818540.0,49342176000.0
Japan,Compustat only,2021,6,3790,1197,68.41688654353563,763543050741560.2,38177152537078.05,49974768000.0,49961407000.0
Japan,Compustat only,2021,7,3797,1201,68.36976560442454,745924164636863.4,37296208231843.2,48407394000.0,48313659800.0
Japan,Compustat only,2021,8,3791,1186,68.71537852809286,767893668847952.1,38394683442397.64,50647762395.0,50590300736.0
Japan,Compustat only,2021,9,3802,1182,68.91109942135718,792268451866288.4,39613422593314.45,53610315000.0,53598329900.0
Japan,Compustat only,2021,10,3799,1171,69.17609897341406,782209171366643.6,39110458568332.22,53562560000.0,53451652800.0
Japan,Compustat only,2021,11,3802,1152,69.70015781167807,751423577714259.5,37571178885713.01,50895000000.0,50857100000.0
Japan,Compustat only,2021,12,3834,1160,69.74439227960355,773112661800773.9,38655633090038.73,52018733100.0,51910306320.0
Japan,Compustat only,2022,1,3835,1140,70.27379400260756,732653749367747.2,36632687468387.4,49678978850.0,49580743186.0
Japan,Compustat only,2022,2,3840,1151,70.02604166666667,728219022792930.5,36410951139646.555,49680632929.0,49652061300.0
Japan,Compustat only,2022,3,3840,1144,70.20833333333333,750179864266734.9,37508993213336.77,50030274476.0,50022500000.0
Japan,Compustat only,2022,4,3842,1133,70.51015096304009,731695704221960.0,36584785211098.03,49679174400.0,49630400092.0
Japan,Compustat only,2022,5,3835,1135,70.40417209908735,734094015264340.0,36704700763217.03,49111635720.0,48869561265.0
Japan,Compustat only,2022,6,3842,1146,70.17178552837063,720941353338201.2,36047067666910.09,47145441000.0,47042882546.0
Japan,Compustat only,2022,7,3843,1142,70.28363257871455,748320321183038.8,37416016059151.97,50104593000.0,50087129740.0
Japan,Compustat only,2022,8,3837,1148,70.08079228563982,756449681366688.8,37822484068334.47,50802110450.0,50742821650.0
Japan,Compustat only,2022,9,3838,1158,69.82803543512246,709503411912119.2,35475170595605.99,47059352000.0,47053705200.0
Japan,Compustat only,2022,10,3843,1148,70.12750455373406,744229009389835.8,37211450469491.82,50142578670.0,50129821120.0
Japan,Compustat only,2022,11,3849,1157,69.94024421927773,762011562656261.2,38100578132813.09,50731787244.0,50726703872.0
Japan,Compustat only,2022,12,3869,1174,69.65624192297751,726242847682450.5,36312142384122.555,48533508800.0,48475162372.0
Japan,Compustat only,2023,1,3864,1167,69.79813664596273,754244876107786.8,37712243805389.37,50745315440.0,50537200299.0
Japan,Compustat only,2023,2,3857,1176,69.50998185117967,760499276568836.0,38024963828441.836,51148866000.0,51086326395.0
Japan,Compustat only,2023,3,3866,1177,69.55509570615624,762664846937930.2,38133242346896.55,50966346366.0,50933019165.0
Japan,Compustat only,2023,4,3869,1165,69.88886017058671,781681338945667.6,39084066947283.414,52671943347.0,52638791400.0
Japan,Compustat only,2023,5,3865,1133,70.6856403622251,804530343398924.4,40226517169946.26,55627274625.0,55300011270.0
Japan,Compustat only,2023,6,3878,1132,70.80969571944301,863643493220234.4,43182174661011.76,58920919200.0,58879304510.0
Japan,Compustat only,2023,7,3881,1128,70.9353259469209,876013230414711.8,43800661520735.625,60699670926.0,60603061005.0
Japan,Compustat only,2023,8,3880,1127,70.95360824742268,879635328633994.2,43981766431699.75,61520413920.0,61123089408.0
Japan,Compustat only,2023,9,3887,1134,70.82582968870594,876560091027966.4,43828004551398.36,60125000000.0,60047200000.0
Japan,Compustat only,2023,10,3897,1123,71.18296125224532,850373148227189.9,42518657411359.53,59343457866.0,59243470800.0
Japan,Compustat only,2023,11,3891,1110,71.47262914417887,895609776737357.1,44780488836867.9,61976850000.0,61908161680.0
Japan,Compustat only,2023,12,3907,1119,71.35909905298183,887654550236169.1,44382727511808.49,61750436550.0,61719994578.0
Japan,Compustat only,2024,1,3901,1099,71.82773647782619,951636750012671.2,47581837500633.6,67288088000.0,66741175000.0
Japan,Compustat only,2024,2,3896,1079,72.30492813141684,995987782634462.4,49799389131723.164,70240525628.0,70161590742.0
Japan,Compustat only,2024,3,3910,1075,72.50639386189258,1027631514072318.6,51381575703615.98,73953600000.0,73871792820.0
Japan,Compustat only,2024,4,3899,1061,72.78789433187997,1010674576227837.8,50533728811391.93,73397500000.0,73193392090.0
Japan,Compustat only,2024,5,3890,1053,72.9305912596401,1011589155849161.2,50579457792458.11,75233788881.0,75059338270.0
Japan,Compustat only,2024,6,3901,1070,72.57113560625481,1025814553732210.2,51290727686610.555,74683754496.0,74592000000.0
Japan,Compustat only,2024,7,3900,1067,72.64102564102564,1020181881140853.1,51009094057042.7,75498586405.0,75451104630.0
Japan,Compustat only,2024,8,3895,1061,72.7599486521181,993449899168611.8,49672494958430.63,73395725620.0,73100899729.0
Japan,Compustat only,2024,9,3900,1062,72.76923076923077,969597456269814.8,48479872813490.78,70952505600.0,70862407215.0
Japan,Compustat only,2024,10,3896,1045,73.1776180698152,985749936244610.0,49287496812230.55,73123953660.0,73114200000.0
Japan,Compustat only,2024,11,3891,1053,72.93754818812644,976421220751307.8,48821061037565.43,72027987570.0,71713728000.0
Japan,Compustat only,2024,12,3905,1043,73.29065300896286,1014747975247767.2,50737398762388.41,76566400000.0,76188602790.0
Japan,Compustat n LC (gvkey),2016,1,949,424,55.32139093782929,330825637179848.2,16541281858992.424,91877046605.0,91653631250.0
Japan,Compustat n LC (gvkey),2016,2,949,425,55.21601685985247,300642265972668.0,15032113298633.414,83086748877.0,82747091700.0
Japan,Compustat n LC (gvkey),2016,3,949,428,54.89989462592202,313127102683049.2,15656355134152.473,84207948300.0,83671295832.0
Japan,Compustat n LC (gvkey),2016,4,949,426,55.11064278187566,311333163812542.2,15566658190627.123,84076947924.0,84063390108.0
Japan,Compustat n LC (gvkey),2016,5,949,429,54.794520547945204,319704173780000.5,15985208689000.04,87012635220.0,86790715000.0
Japan,Compustat n LC (gvkey),2016,6,952,427,55.14705882352941,288688431677958.4,14434421583897.932,81349908166.0,81081440000.0
Japan,Compustat n LC (gvkey),2016,7,954,427,55.24109014675052,307316205321294.0,15365810266064.713,84022664348.0,83236354970.0
Japan,Compustat n LC (gvkey),2016,8,954,423,55.660377358490564,308221448220296.9,15411072411014.857,83005389873.0,81729418400.0
Japan,Compustat n LC (gvkey),2016,9,956,429,55.1255230125523,307644538586798.4,15382226929339.932,82642744800.0,82047947235.0
Japan,Compustat n LC (gvkey),2016,10,958,433,54.80167014613779,324358719601126.9,16217935980056.357,86677422000.0,86592395416.0
Japan,Compustat n LC (gvkey),2016,11,960,435,54.6875,338199944533042.6,16909997226652.146,92725710220.0,91071401080.0
Japan,Compustat n LC (gvkey),2016,12,961,436,54.630593132154004,348809056489351.4,17440452824467.584,95286870000.0,94848000000.0
Japan,Compustat n LC (gvkey),2017,1,961,440,54.21436004162331,349040364111763.4,17452018205588.184,92936584210.0,92389839971.0
Japan,Compustat n LC (gvkey),2017,2,961,445,53.694068678459935,353266547550356.6,17663327377517.848,93343863690.0,93313925320.0
Japan,Compustat n LC (gvkey),2017,3,964,447,53.63070539419087,351478874550101.8,17573943727505.105,93843202600.0,93416054375.0
Japan,Compustat n LC (gvkey),2017,4,962,446,53.63825363825364,353656785135730.5,17682839256786.54,95151121800.0,95012082000.0
Japan,Compustat n LC (gvkey),2017,5,962,448,53.43035343035343,361959975191331.1,18097998759566.574,95229802140.0,95124249550.0
Japan,Compustat n LC (gvkey),2017,6,962,452,53.014553014553016,371147171555526.2,18557358577776.324,97175232300.0,97032835460.0
Japan,Compustat n LC (gvkey),2017,7,962,455,52.7027027027027,375906521369722.7,18795326068486.152,97603992600.0,97005938880.0
Japan,Compustat n LC (gvkey),2017,8,962,459,52.28690228690229,376543400726071.0,18827170036303.566,97785478175.0,97590515724.0
Japan,Compustat n LC (gvkey),2017,9,963,461,52.12876427829699,392103762336171.0,19605188116808.566,101391594600.0,101233600587.0
Japan,Compustat n LC (gvkey),2017,10,963,458,52.440290758047766,414054725001850.7,20702736250092.555,107033631040.0,106863822648.0
Japan,Compustat n LC (gvkey),2017,11,963,458,52.440290758047766,421761641663421.6,21088082083171.1,108768600600.0,108466952000.0
Japan,Compustat n LC (gvkey),2017,12,965,462,52.12435233160622,428175739038247.4,21408786951912.387,108663660000.0,108520178943.0
Japan,Compustat n LC (gvkey),2018,1,965,462,52.12435233160622,434291472073716.5,21714573603685.844,110851847400.0,110042400000.0
Japan,Compustat n LC (gvkey),2018,2,965,460,52.33160621761658,416665731119238.7,20833286555961.953,107049642804.0,106962875565.0
Japan,Compustat n LC (gvkey),2018,3,968,459,52.582644628099175,403917752911258.5,20195887645562.94,105149608200.0,104763932455.0
Japan,Compustat n LC (gvkey),2018,4,966,457,52.69151138716356,415328221191258.4,20766411059562.938,108991125070.0,107929902080.0
Japan,Compustat n LC (gvkey),2018,5,967,456,52.84384694932782,407767379698401.0,20388368984920.066,106491673470.0,106248560400.0
Japan,Compustat n LC (gvkey),2018,6,968,455,52.99586776859504,405448186442298.9,20272409322114.96,106521589760.0,105749235776.0
Japan,Compustat n LC (gvkey),2018,7,969,455,53.04437564499484,409950161123483.0,20497508056174.168,106417865100.0,106403030656.0
Japan,Compustat n LC (gvkey),2018,8,969,453,53.250773993808046,406796496959276.44,20339824847963.84,106147701327.0,106107125880.0
Japan,Compustat n LC (gvkey),2018,9,969,451,53.457172342621256,423150350170164.0,21157517508508.22,112375620000.0,111987075845.0
Japan,Compustat n LC (gvkey),2018,10,970,450,53.608247422680414,376725922316114.4,18836296115805.734,97389554304.0,97071937998.0
Japan,Compustat n LC (gvkey),2018,11,971,449,53.75901132852729,383101208104348.7,19155060405217.453,101425186800.0,101039812585.0
Japan,Compustat n LC (gvkey),2018,12,974,441,54.72279260780287,343801895232813.8,17190094761640.705,89225594753.0,88962417027.0
Japan,Compustat n LC (gvkey),2019,1,972,436,55.1440329218107,363567537347573.0,18178376867378.668,96945562302.0,96417893194.0
Japan,Compustat n LC (gvkey),2019,2,972,438,54.93827160493827,374429047003220.1,18721452350161.023,102360737912.0,102008761581.0
Japan,Compustat n LC (gvkey),2019,3,974,437,55.13347022587269,371439301799540.4,18571965089977.035,100232672282.0,100017104000.0
Japan,Compustat n LC (gvkey),2019,4,974,436,55.23613963039014,383375931980313.8,19168796599015.707,101995315072.0,101969578312.0
Japan,Compustat n LC (gvkey),2019,5,974,433,55.544147843942504,355424962728578.5,17771248136428.94,94636565820.0,93859997280.0
Japan,Compustat n LC (gvkey),2019,6,977,434,55.57830092118731,367904659145332.0,18395232957266.617,97115972637.0,96993853440.0
Japan,Compustat n LC (gvkey),2019,7,978,436,55.41922290388548,371088270555746.5,18554413527787.34,95541600000.0,94750392500.0
Japan,Compustat n LC (gvkey),2019,8,978,429,56.13496932515337,359340662595207.56,17967033129760.395,94740750080.0,94719092980.0
Japan,Compustat n LC (gvkey),2019,9,978,429,56.13496932515337,379517551490917.7,18975877574545.902,98790566746.0,97340628675.0
Japan,Compustat n LC (gvkey),2019,10,980,432,55.91836734693877,400421973215341.6,20021098660767.098,105603950736.0,102317334656.0
Japan,Compustat n LC (gvkey),2019,11,981,433,55.86136595310907,408199737419098.0,20409986870954.918,107677848000.0,107113000000.0
Japan,Compustat n LC (gvkey),2019,12,982,435,55.70264765784114,413314107240099.0,20665705362004.97,111258470250.0,110267701880.0
Japan,Compustat n LC (gvkey),2020,1,982,431,56.109979633401224,403638407602037.1,20181920380101.875,109221716180.0,108915012000.0
Japan,Compustat n LC (gvkey),2020,2,981,420,57.186544342507645,362437010332211.8,18121850516610.605,98527352336.0,98413891252.0
Japan,Compustat n LC (gvkey),2020,3,982,415,57.73930753564155,338419138332668.75,16920956916633.453,93079944160.0,92605250773.0
Japan,Compustat n LC (gvkey),2020,4,982,415,57.73930753564155,354808500781142.4,17740425039057.133,96560841906.0,96270609232.0
Japan,Compustat n LC (gvkey),2020,5,982,416,57.63747454175153,381901113818098.5,19095055690904.94,102183645690.0,101843016000.0
Japan,Compustat n LC (gvkey),2020,6,982,412,58.044806517311606,381992973662539.1,19099648683126.973,101213962350.0,100067561302.0
Japan,Compustat n LC (gvkey),2020,7,981,407,58.51172273190622,365140761462818.25,18257038073140.93,96310031344.0,95264540800.0
Japan,Compustat n LC (gvkey),2020,8,981,408,58.40978593272171,394357921416903.7,19717896070845.203,105393406944.0,105130814756.0
Japan,Compustat n LC (gvkey),2020,9,981,414,57.79816513761468,398963162787271.9,19948158139363.613,103907520000.0,103722411478.0
Japan,Compustat n LC (gvkey),2020,10,981,411,58.103975535168196,387313469028744.9,19365673451437.26,99567210000.0,99454105600.0
Japan,Compustat n LC (gvkey),2020,11,981,400,59.225280326197755,434824016333246.0,21741200816662.32,110977970400.0,110717986960.0
Japan,Compustat n LC (gvkey),2020,12,983,400,59.308240081383516,451443925015261.1,22572196250763.08,118634322590.0,117520435228.0
Japan,Compustat n LC (gvkey),2021,1,983,401,59.20651068158698,450591609381353.1,22529580469067.676,117699273742.0,117141320970.0
Japan,Compustat n LC (gvkey),2021,2,983,400,59.308240081383516,457336429960101.75,22866821498005.11,119183048890.0,118790698394.0
Japan,Compustat n LC (gvkey),2021,3,984,405,58.84146341463415,479676177495778.6,23983808874788.953,126075157500.0,125853588000.0
Japan,Compustat n LC (gvkey),2021,4,983,405,58.79959308240081,465899130335733.0,23294956516786.67,122965454040.0,122881253510.0
Japan,Compustat n LC (gvkey),2021,5,983,402,59.10478128179044,474780582795711.7,23739029139785.605,122041404000.0,121242000000.0
Japan,Compustat n LC (gvkey),2021,6,986,402,59.22920892494929,483522928479224.94,24176146423961.27,124455650200.0,123674870121.0
Japan,Compustat n LC (gvkey),2021,7,987,406,58.86524822695036,472654108486589.94,23632705424329.52,124298160000.0,123990166157.0
Japan,Compustat n LC (gvkey),2021,8,987,402,59.27051671732523,489045075210104.2,24452253760505.23,125860419740.0,125598000000.0
Japan,Compustat n LC (gvkey),2021,9,987,401,59.37183383991895,504189170206312.7,25209458510315.656,129895000000.0,129844225368.0
Japan,Compustat n LC (gvkey),2021,10,987,399,59.57446808510638,498447888660876.8,24922394433043.863,127865012688.0,127835229600.0
Japan,Compustat n LC (gvkey),2021,11,987,391,60.38500506585613,484496839772826.1,24224841988641.33,123927714872.0,123813305448.0
Japan,Compustat n LC (gvkey),2021,12,990,394,60.2020202020202,502114981968536.5,25105749098426.848,127920353850.0,127791246480.0
Japan,Compustat n LC (gvkey),2022,1,990,394,60.2020202020202,471464474471499.6,23573223723575.004,122983769016.0,122845841221.0
Japan,Compustat n LC (gvkey),2022,2,991,399,59.73763874873865,466272141285661.1,23313607064283.08,121603634040.0,121057214290.0
Japan,Compustat n LC (gvkey),2022,3,991,392,60.44399596367306,481524415910330.6,24076220795516.55,121987120688.0,121952677452.0
Japan,Compustat n LC (gvkey),2022,4,992,393,60.38306451612903,466538958207328.25,23326947910366.434,120543983158.0,120001464315.0
Japan,Compustat n LC (gvkey),2022,5,992,393,60.38306451612903,470093052090912.25,23504652604545.633,120676593960.0,120675859398.0
Japan,Compustat n LC (gvkey),2022,6,994,397,60.06036217303823,456034843908860.94,22801742195443.066,116184027755.0,115643817015.0
Japan,Compustat n LC (gvkey),2022,7,993,397,60.02014098690836,475346167049203.56,23767308352460.2,120900442120.0,120894939200.0
Japan,Compustat n LC (gvkey),2022,8,993,400,59.71802618328298,483571900335729.0,24178595016786.473,121183195010.0,121112897220.0
Japan,Compustat n LC (gvkey),2022,9,993,405,59.21450151057402,447726812170007.25,22386340608500.383,114528206520.0,114409159200.0
Japan,Compustat n LC (gvkey),2022,10,994,402,59.55734406438632,472710181810096.06,23635509090504.824,121926236705.0,119569371438.0
Japan,Compustat n LC (gvkey),2022,11,994,401,59.6579476861167,485168830177650.56,24258441508882.55,122929396876.0,122329957295.0
Japan,Compustat n LC (gvkey),2022,12,995,408,58.994974874371856,453181429377249.7,22659071468862.504,119478077460.0,119401737600.0
Japan,Compustat n LC (gvkey),2023,1,994,407,59.054325955734406,474002508877210.5,23700125443860.547,121890108080.0,121398306300.0
Japan,Compustat n LC (gvkey),2023,2,993,408,58.91238670694864,479021809519761.06,23951090475988.074,125348431990.0,125089279640.0
Japan,Compustat n LC (gvkey),2023,3,993,404,59.31520644511581,489154077694708.2,24457703884735.43,127344788555.0,126885925534.0
Japan,Compustat n LC (gvkey),2023,4,993,403,59.4159113796576,500446854518136.0,25022342725906.82,129758491170.0,129715200000.0
Japan,Compustat n LC (gvkey),2023,5,991,392,60.44399596367306,519675301626311.56,25983765081315.6,135534839668.0,135465201854.0
Japan,Compustat n LC (gvkey),2023,6,991,391,60.544904137235115,560722993779772.9,28036149688988.668,145272648587.0,145154852310.0
Japan,Compustat n LC (gvkey),2023,7,990,393,60.303030303030305,565179522567888.4,28258976128394.445,146718891000.0,145127400000.0
Japan,Compustat n LC (gvkey),2023,8,991,397,59.93945509586276,565779446923699.0,28288972346184.977,149478539000.0,149226256404.0
Japan,Compustat n LC (gvkey),2023,9,991,397,59.93945509586276,559803834401264.94,27990191720063.273,145560261000.0,145041930000.0
Japan,Compustat n LC (gvkey),2023,10,991,397,59.93945509586276,539348619734551.4,26967430986727.594,143574356814.0,142554662884.0
Japan,Compustat n LC (gvkey),2023,11,992,394,60.28225806451613,575050949365252.4,28752547468262.645,149767586080.0,149508159847.5
Japan,Compustat n LC (gvkey),2023,12,991,395,60.141271442986884,568520056465634.9,28426002823281.77,150903948312.0,150760331200.0
Japan,Compustat n LC (gvkey),2024,1,990,389,60.707070707070706,615173939824085.8,30758696991204.316,161390780100.0,161067045832.0
Japan,Compustat n LC (gvkey),2024,2,990,385,61.111111111111114,646653637303039.6,32332681865152.01,168160144860.0,167411473075.0
Japan,Compustat n LC (gvkey),2024,3,990,385,61.111111111111114,663517043160375.0,33175852158018.78,170632603240.0,169730416128.0
Japan,Compustat n LC (gvkey),2024,4,988,385,61.03238866396761,653793118250179.6,32689655912509.01,168964717450.0,168604000000.0
Japan,Compustat n LC (gvkey),2024,5,988,384,61.1336032388664,649076609176230.6,32453830458811.56,168589347714.0,166788734700.0
Japan,Compustat n LC (gvkey),2024,6,988,388,60.72874493927125,654499970659278.1,32724998532963.934,167461382000.0,167052227859.0
Japan,Compustat n LC (gvkey),2024,7,987,388,60.68895643363729,645948370174549.4,32297418508727.496,163392192000.0,163200071025.5
Japan,Compustat n LC (gvkey),2024,8,986,384,61.054766734279916,631716883897977.0,31585844194898.88,165055574235.0,164995980085.0
Japan,Compustat n LC (gvkey),2024,9,985,387,60.71065989847716,616468998228831.1,30823449911441.582,164562214284.0,164383934055.0
Japan,Compustat n LC (gvkey),2024,10,985,385,60.91370558375635,623668121610393.0,31183406080519.676,165819200000.0,165397259860.0
Japan,Compustat n LC (gvkey),2024,11,982,387,60.59063136456212,606415640929124.5,30320782046456.25,163053371180.0,162514862972.0
Japan,Compustat n LC (gvkey),2024,12,980,383,60.91836734693877,635549008806397.9,31777450440319.92,173819562000.0,173002558740.0
Japan,"Compustat x LC (gvkey,fiscal-year)",2017,4,294,176,40.136054421768705,257173526274934.5,12858676313746.736,256706905400.0,253326928320.0
Japan,"Compustat x LC (gvkey,fiscal-year)",2017,5,294,176,40.136054421768705,261746178920993.0,13087308946049.662,258079669600.0,252678079206.0
Japan,"Compustat x LC (gvkey,fiscal-year)",2017,6,294,177,39.795918367346935,267812231695649.8,13390611584782.502,256369157958.0,253633220460.0
Japan,"Compustat x LC (gvkey,fiscal-year)",2017,7,294,177,39.795918367346935,271186069627722.8,13559303481386.152,257390749652.0,255644507508.0
Japan,"Compustat x LC (gvkey,fiscal-year)",2017,8,294,177,39.795918367346935,270238260334485.3,13511913016724.277,256706905400.0,256507074297.0
Japan,"Compustat x LC (gvkey,fiscal-year)",2017,9,294,177,39.795918367346935,281848930908728.0,14092446545436.412,257366416637.0,257040000000.0
Japan,"Compustat x LC (gvkey,fiscal-year)",2017,10,294,177,39.795918367346935,298610839428876.7,14930541971443.848,278044050200.0,277305652008.0
Japan,"Compustat x LC (gvkey,fiscal-year)",2017,11,294,177,39.795918367346935,303917566554588.6,15195878327729.445,274221446190.0,273866457900.0
Japan,"Compustat x LC (gvkey,fiscal-year)",2017,12,294,178,39.45578231292517,308582762215351.4,15429138110767.582,285150347600.0,281919228600.0
Japan,"Compustat x LC (gvkey,fiscal-year)",2018,1,294,177,39.795918367346935,313281999895015.5,15664099994750.79,290730351560.0,281430995240.0
Japan,"Compustat x LC (gvkey,fiscal-year)",2018,2,294,176,40.136054421768705,300304476192955.7,15015223809647.797,275423351682.0,272721285280.0
Japan,"Compustat x LC (gvkey,fiscal-year)",2018,3,294,176,40.136054421768705,289399722605071.5,14469986130253.588,269457975059.0,265693431780.0
Japan,"Compustat x LC (gvkey,fiscal-year)",2018,4,295,179,39.32203389830509,309514660976160.4,15475733048808.033,293385744183.0,291681743584.0
Japan,"Compustat x LC (gvkey,fiscal-year)",2018,5,295,178,39.66101694915254,302683411222518.0,15134170561125.914,304041885435.0,297507720570.0
Japan,"Compustat x LC (gvkey,fiscal-year)",2018,6,295,178,39.66101694915254,301476443499169.9,15073822174958.508,306531597680.0,306233178303.0
Japan,"Compustat x LC (gvkey,fiscal-year)",2018,7,295,178,39.66101694915254,306389980471277.0,15319499023563.863,313927651232.0,312460000000.0
Japan,"Compustat x LC (gvkey,fiscal-year)",2018,8,295,177,40.0,304212015707416.4,15210600785370.832,300227702489.0,291297983790.0
Japan,"Compustat x LC (gvkey,fiscal-year)",2018,9,295,177,40.0,316556327259704.0,15827816362985.215,319431528000.0,314358888270.0
Japan,"Compustat x LC (gvkey,fiscal-year)",2018,10,295,177,40.0,282432096732930.4,14121604836646.531,275621097240.0,270189434240.0
Japan,"Compustat x LC (gvkey,fiscal-year)",2018,11,295,176,40.33898305084746,285920935721624.7,14296046786081.248,280360389593.0,274739676809.0
Japan,"Compustat x LC (gvkey,fiscal-year)",2018,12,295,174,41.016949152542374,258186895661300.8,12909344783065.053,265131438250.0,263084739840.0
Japan,"Compustat x LC (gvkey,fiscal-year)",2019,1,294,174,40.816326530612244,274332029777896.0,13716601488894.812,288391052880.0,266400038832.0
Japan,"Compustat x LC (gvkey,fiscal-year)",2019,2,294,174,40.816326530612244,281234983566470.1,14061749178323.518,296805128100.0,285438910352.0
Japan,"Compustat x LC (gvkey,fiscal-year)",2019,3,294,174,40.816326530612244,277598622090032.38,13879931104501.63,282493129600.0,281957780115.0
Japan,"Compustat x LC (gvkey,fiscal-year)",2019,4,336,196,41.666666666666664,284632879810257.8,14231643990512.902,242758325229.0,242571193440.0
Japan,"Compustat x LC (gvkey,fiscal-year)",2019,5,336,194,42.26190476190476,263523675564954.8,13176183778247.752,221002422667.0,219168210800.0
Japan,"Compustat x LC (gvkey,fiscal-year)",2019,6,336,194,42.26190476190476,273248809919940.4,13662440495997.033,230222130290.0,230197779850.0
Japan,"Compustat x LC (gvkey,fiscal-year)",2019,7,336,194,42.26190476190476,276248936934447.8,13812446846722.402,225247560099.0,223790667100.0
Japan,"Compustat x LC (gvkey,fiscal-year)",2019,8,336,192,42.857142857142854,267000905798940.8,13350045289947.053,216011017638.0,210763300400.0
Japan,"Compustat x LC (gvkey,fiscal-year)",2019,9,336,193,42.55952380952381,282390486852092.4,14119524342604.63,228820000000.0,228740170140.0
Japan,"Compustat x LC (gvkey,fiscal-year)",2019,10,336,194,42.26190476190476,298329764985198.5,14916488249259.938,234837223110.0,234402875109.0
Japan,"Compustat x LC (gvkey,fiscal-year)",2019,11,336,194,42.26190476190476,302611050394211.0,15130552519710.562,242038779904.0,241060000000.0
Japan,"Compustat x LC (gvkey,fiscal-year)",2019,12,336,194,42.26190476190476,306700740476302.7,15335037023815.148,242845813280.0,242724870675.0
Japan,"Compustat x LC (gvkey,fiscal-year)",2020,1,336,192,42.857142857142854,300499973992725.5,15024998699636.29,232220000000.0,230054295548.0
Japan,"Compustat x LC (gvkey,fiscal-year)",2020,2,335,189,43.582089552238806,271926360888644.7,13596318044432.246,219110200849.0,217070095360.0
Japan,"Compustat x LC (gvkey,fiscal-year)",2020,3,335,186,44.47761194029851,252296375388503.7,12614818769425.195,201960000000.0,201641647680.0
Japan,"Compustat x LC (gvkey,fiscal-year)",2020,4,344,186,45.93023255813954,261397610799076.38,13069880539953.83,203273781480.0,202854572800.0
Japan,"Compustat x LC (gvkey,fiscal-year)",2020,5,344,187,45.63953488372093,281658864910841.5,14082943245542.088,217401790055.0,215821129300.0
Japan,"Compustat x LC (gvkey,fiscal-year)",2020,6,343,184,46.35568513119534,281444603511548.12,14072230175577.418,227417478144.0,226784183265.0
Japan,"Compustat x LC (gvkey,fiscal-year)",2020,7,343,182,46.93877551020408,269316087265549.7,13465804363277.496,213792000000.0,212760636708.0
Japan,"Compustat x LC (gvkey,fiscal-year)",2020,8,343,183,46.647230320699705,289255949708984.2,14462797485449.223,223818388480.0,223601159628.0
Japan,"Compustat x LC (gvkey,fiscal-year)",2020,9,343,183,46.647230320699705,291586927120022.4,14579346356001.13,228480000000.0,224616592505.0
Japan,"Compustat x LC (gvkey,fiscal-year)",2020,10,343,182,46.93877551020408,283066425314903.4,14153321265745.182,214862434085.0,214017519324.0
Japan,"Compustat x LC (gvkey,fiscal-year)",2020,11,343,179,47.8134110787172,318382318574598.0,15919115928729.914,242788741611.0,241205470164.0
Japan,"Compustat x LC (gvkey,fiscal-year)",2020,12,342,180,47.36842105263158,332076318537647.1,16603815926882.371,246297075171.0,245480000000.0
Japan,"Compustat x LC (gvkey,fiscal-year)",2021,1,342,181,47.07602339181287,331362150422876.6,16568107521143.846,252521334720.0,245113920870.0
Japan,"Compustat x LC (gvkey,fiscal-year)",2021,2,342,181,47.07602339181287,337393837722809.75,16869691886140.502,260044719170.0,259311343170.0
Japan,"Compustat x LC (gvkey,fiscal-year)",2021,3,342,183,46.49122807017544,355153067749840.6,17757653387492.047,285460293630.0,284364617964.0
Japan,"Compustat x LC (gvkey,fiscal-year)",2021,4,393,207,47.32824427480916,367367405674018.0,18368370283700.918,255986566290.0,253595777040.0
Japan,"Compustat x LC (gvkey,fiscal-year)",2021,5,393,205,47.837150127226465,375123003107142.7,18756150155357.152,260461344960.0,258094266650.0
Japan,"Compustat x LC (gvkey,fiscal-year)",2021,6,393,206,47.58269720101781,381344030545864.9,19067201527293.26,259755672060.0,257810000000.0
Japan,"Compustat x LC (gvkey,fiscal-year)",2021,7,393,207,47.32824427480916,372984144641653.1,18649207232082.67,249319493280.0,248995719000.0
Japan,"Compustat x LC (gvkey,fiscal-year)",2021,8,393,205,47.837150127226465,384325240015887.0,19216262000794.367,253050793300.0,252603000000.0
Japan,"Compustat x LC (gvkey,fiscal-year)",2021,9,393,205,47.837150127226465,397030006013765.8,19851500300688.31,265762271130.0,264468961386.0
Japan,"Compustat x LC (gvkey,fiscal-year)",2021,10,393,204,48.091603053435115,393203109400060.4,19660155470003.035,262533399260.0,260698316190.0
Japan,"Compustat x LC (gvkey,fiscal-year)",2021,11,393,200,49.10941475826972,382594727229217.6,19129736361460.9,252167292048.0,251600000000.0
Japan,"Compustat x LC (gvkey,fiscal-year)",2021,12,393,201,48.85496183206107,398432152764910.0,19921607638245.52,259274779200.0,257803635600.0
Japan,"Compustat x LC (gvkey,fiscal-year)",2022,1,393,202,48.600508905852415,376654719650538.6,18832735982526.95,249080884690.0,248118756690.0
Japan,"Compustat x LC (gvkey,fiscal-year)",2022,2,393,203,48.346055979643765,372247310698198.0,18612365534909.918,242564056164.0,241188346338.0
Japan,"Compustat x LC (gvkey,fiscal-year)",2022,3,393,199,49.36386768447837,385842166574136.2,19292108328706.83,247504171194.0,247456485220.0
Japan,"Compustat x LC (gvkey,fiscal-year)",2022,4,455,220,51.64835164835165,377112394170996.3,18855619708549.832,208626445184.0,205503693248.0
Japan,"Compustat x LC (gvkey,fiscal-year)",2022,5,455,219,51.86813186813187,379764519313387.3,18988225965669.383,210488612074.0,210326432000.0
Japan,"Compustat x LC (gvkey,fiscal-year)",2022,6,455,222,51.20879120879121,368112083356901.4,18405604167845.086,202172624000.0,201585293070.0
Japan,"Compustat x LC (gvkey,fiscal-year)",2022,7,455,222,51.20879120879121,383064949416198.7,19153247470809.953,211752000000.0,210339478504.0
Japan,"Compustat x LC (gvkey,fiscal-year)",2022,8,455,223,50.989010989010985,389805108442034.5,19490255422101.742,214200000000.0,212875443000.0
Japan,"Compustat x LC (gvkey,fiscal-year)",2022,9,455,226,50.32967032967033,358936695319116.0,17946834765955.816,203581934465.0,197443134060.0
Japan,"Compustat x LC (gvkey,fiscal-year)",2022,10,455,223,50.989010989010985,379361958342381.4,18968097917119.086,203662525406.0,203585605119.0
Japan,"Compustat x LC (gvkey,fiscal-year)",2022,11,455,223,50.989010989010985,388687740093188.7,19434387004659.453,214230864960.0,213703291945.0
Japan,"Compustat x LC (gvkey,fiscal-year)",2022,12,456,227,50.219298245614034,362411761233246.75,18120588061662.355,194077715411.0,191499843325.0
Japan,"Compustat x LC (gvkey,fiscal-year)",2023,1,455,225,50.54945054945055,379818485572284.8,18990924278614.258,204492004471.0,202179635280.0
Japan,"Compustat x LC (gvkey,fiscal-year)",2023,2,455,226,50.32967032967033,383417243746072.6,19170862187303.65,198880915942.0,198007674552.0
Japan,"Compustat x LC (gvkey,fiscal-year)",2023,3,455,224,50.76923076923077,392678546416859.3,19633927320842.984,205137665240.0,204092773290.0
Japan,"Compustat x LC (gvkey,fiscal-year)",2023,4,715,279,60.97902097902098,421773839277736.5,21088691963886.844,155318574632.0,154433155590.0
Japan,"Compustat x LC (gvkey,fiscal-year)",2023,5,715,274,61.67832167832168,436779880400201.5,21838994020010.094,160532411340.0,157691232072.0
Japan,"Compustat x LC (gvkey,fiscal-year)",2023,6,716,273,61.87150837988827,470930391568985.94,23546519578449.316,171584671300.0,169948328535.0
Japan,"Compustat x LC (gvkey,fiscal-year)",2023,7,715,274,61.67832167832168,473731984680921.5,23686599234046.098,176267421372.0,172217449620.0
Japan,"Compustat x LC (gvkey,fiscal-year)",2023,8,716,277,61.312849162011176,473107235650405.44,23655361782520.293,173309914302.0,173048610000.0
Japan,"Compustat x LC (gvkey,fiscal-year)",2023,9,716,277,61.312849162011176,467993085784642.94,23399654289232.168,168371992844.0,168328596294.0
Japan,"Compustat x LC (gvkey,fiscal-year)",2023,10,716,277,61.312849162011176,450440169958832.5,22522008497941.645,167121600000.0,166211838980.0
Japan,"Compustat x LC (gvkey,fiscal-year)",2023,11,716,275,61.59217877094972,477117289316209.56,23855864465810.5,173563414908.0,172831259995.0
Japan,"Compustat x LC (gvkey,fiscal-year)",2023,12,716,278,61.1731843575419,470993196398343.7,23549659819917.207,175225772007.0,175043893480.0
Japan,"Compustat x LC (gvkey,fiscal-year)",2024,1,716,273,61.87150837988827,509414028299390.9,25470701414969.566,188449412490.0,187055166450.0
Japan,"Compustat x LC (gvkey,fiscal-year)",2024,2,716,271,62.150837988826815,531194285500386.75,26559714275019.36,201701982174.0,198628873230.0
Japan,"Compustat x LC (gvkey,fiscal-year)",2024,3,716,272,62.01117318435754,543942080226641.56,27197104011332.1,197890088000.0,197728000000.0
Japan,"Compustat x LC (gvkey,fiscal-year)",2024,4,452,234,48.230088495575224,312917901645331.0,15645895082266.564,164063742255.0,161247101184.0
Japan,"Compustat x LC (gvkey,fiscal-year)",2024,5,452,233,48.45132743362832,312698136360250.8,15634906818012.555,163437650144.0,161284411665.0
Japan,"Compustat x LC (gvkey,fiscal-year)",2024,6,452,235,48.008849557522126,317358830510353.2,15867941525517.674,162513527728.0,160687471680.0
Japan,"Compustat x LC (gvkey,fiscal-year)",2024,7,453,234,48.34437086092715,317462591410719.8,15873129570536.004,161225473455.0,159081450374.0
Japan,"Compustat x LC (gvkey,fiscal-year)",2024,8,452,232,48.67256637168141,309838925384939.0,15491946269246.963,157070013000.0,156770767000.0
Japan,"Compustat x LC (gvkey,fiscal-year)",2024,9,452,232,48.67256637168141,306478355538597.5,15323917776929.889,158154110640.0,157596647303.0
Japan,"Compustat x LC (gvkey,fiscal-year)",2024,10,452,232,48.67256637168141,308609297399304.0,15430464869965.213,160559648092.0,157813694931.0
Japan,"Compustat x LC (gvkey,fiscal-year)",2024,11,449,231,48.55233853006681,303197096021905.0,15159854801095.264,158626674712.0,157534839576.0
Japan,"Compustat x LC (gvkey,fiscal-year)",2024,12,449,230,48.775055679287306,315644032168807.7,15782201608440.398,171308000000.0,169381688168.0
